commentId,docketId,pdf_text
EPA-HQ-OPP-2010-0230-0123,EPA-HQ-OPP-2010-0230,"California Citrus Quality Council
853 Lincoln Way
Suite 206
Auburn, CA  95603
PHONE
(530) 885-1894
FAX
(530) 885-1546
Submitted electronically via https://www.regulations.gov
February 13, 2023
Dr. Elissa Reaves
Director Pesticide Reevaluation Division
Environmental Protection Agency
Docket Center (EPA/DC) (28221T)
1200 Pennsylvania Ave. NW.
Washington, D.C. 20460-0001
Re:
Pesticide Registration Review; Proposed Interim Decision for Carbaryl; Docket 
Identification Number EPA-HQ-OPP-2010-0230
Dear Dr. Reaves:
The California Citrus Quality Council (CCQC) and California Citrus Mutual (CCM) represent
approximately 1,500 citrus growers and 80 packinghouses in California, whose total farmgate 
value of California citrus production including oranges, lemons, mandarins and grapefruit in the 
2021-22 marketing year was $2.3 billion.  The industry employs over 21,000 people on a full-
time basis.  We appreciate this opportunity to comment on the proposed interim decision (PID) 
for carbaryl.
While the use of carbaryl in the California citrus industry is limited, it is an important pesticide 
in some specific circumstances.  The primary use is to control California red scale when other 
pesticides have not provided adequate control.  It is also used in California red scale eradication 
programs in southern California.
Many pest control advisors and growers avoid the use of carbaryl because it is a broad spectrum 
pesticide that has the potential to impact beneficial insects that most growers try to nurture as 
part of their biologically based integrated pest management (IPM) programs.  However, 
California red scale is a serious economic pest in California citrus production.  High populations 
of the pest reduce tree vigor, fruit size and yield.  It is also a quarantine pest the industry’s most 
important export market valued at $226 million annually.  Citrus shipments containing the pest 
are subject to rejection by the importing country.

Page 2
When California red scale populations are high, many available pesticide alternatives will not 
effectively control it.  Consequently, its presence can persist even when growers are doing their 
best to control it.  Most recently, average annual temperatures in California have increased in 
consecutive years which has provided insects, including California red scale, longer seasonal 
growth potential leading to higher populations.  Carbaryl is a tool that some citrus growers are 
using to effectively manage California red scale in situations where it is particularly hard to 
address with available alternatives.  It is also used in place of chlorpyrifos, which was recently 
cancelled, in a California red scale eradication program in southern California.
The U.S. Environmental Protection Agency (the Agency) is proposing to reduce the single use 
carbaryl maximum rate to 5 lbs. of active ingredient per acre as part of its PID.  This rate is too 
low to effectively control California red scale in citrus.  This rate effectively eliminates the use 
of carbaryl in California citrus production.  Growers who are using carbaryl for California red 
scale, primarily use rates averaging between five and twelve pounds of active ingredient per acre.
CCQC does not object to EPA’s proposal to require additional personal protective equipment 
(PPE) to address potential mixer / loader exposures.  However, CCQC does not agree that EPA 
has accurately assessed the ecological risk posed by carbaryl use in California citrus production.  
While the Agency outlines the LD 50 properties of carbaryl and the potential impact on various 
species, it does not demonstrate how the current minimal use of carbaryl would lead to exposures 
that would necessitate a 58 percent reduction in the maximum single use rate.  It appears that 
EPA’s assessment is a theoretical estimate of the potential ecological risk using a set of worst-
case estimates.
The California Department of Pesticide Regulation (CDPR) is a reliable source of pesticide 
usage data in California, and the data demonstrate there is minimal use of carbaryl on citrus.  It is 
highly unlikely that the amount of carbaryl being used on citrus would result in any significant 
ecological risk if actual usage data were used to assess the risk.  Additionally, the majority of the 
use of carbaryl would be in the summer months, during a period where there is very little, if any, 
rainfall where carbaryl is used.  Under these conditions, it isn’t likely that carbaryl use on citrus 
would threaten any aquatic species.  Given these considerations and the critical importance of 
carbaryl to California citrus growers, CCQC and CCM are requesting that EPA reconsider its 
methodology.
Specifically, CCQC and CCM are requesting that EPA reconsider the 5 lb. active ingredient per 
acre restriction.  California citrus growers could still utilize carbaryl if a rate of 8 lbs. of active 
ingredient per acre were permitted along with a 300 foot buffer from salmon habitats.  
Considering the limited use of carbaryl, a rate reduction to 8 lbs., the Agency’s proposed 
additional personal protective equipment requirement and the benefits this use provides 
California citrus growers, we believe EPA could revise its proposed decision to adequately 
address risks of concern associated with the use carbaryl on California citrus.
CCQC and CCM noted the Agency’s concerns about pollinator risks from carbaryl use in its 
PID.  The State of California has established extensive protections to bees during citrus bloom 
periods including a prohibition on the use of carbaryl from the beginning of bloom until pedal 
fall. We believe the current state protections are sufficiently protective of pollinators to address 
the Agency’s concerns.

Page 3
Finally, we are seeking clarification of the language used on page 45 of the PID.  The PID states 
the following:
“Require double layer, gloves, chemical resistant headgear, and PF10 respirator for 
broadcast airblast applications up to 3 lbs ai/A” (emphasis added)
Other than in the above-quoted language, throughout the PID, the Agency explicitly states that it 
is limiting the single maximum rate on citrus to 5 lbs. of active ingredient per acre.  The Agency 
offers no explanation or rational to support restricting the application rate on citrus to 3 lb. active 
ingredient.  However, the 3 lb. active ingredient maximum rate would amount to a cancellation 
of the citrus use in California since the rate would be ineffective for California red scale.  
We appreciate this opportunity to comment on this important matter.
Sincerely yours,
                                                       
James R. Cranney, Jr., President                                              Casey Creamer, President/CEO
California Citrus Quality Council                                            California Citrus Mutual
cc:  CCQC Board of Directors"
EPA-HQ-OPP-2010-0230-0138,EPA-HQ-OPP-2010-0230,"February 14, 2023 
 
 
Anna Romanovsky, romanovsky.anna@epa.gov 
Office of Pesticide Programs (OPP) 
Environmental Protection Agency Docket Center (EPA/DC; 28221T)  
U.S. Environmental Protection Agency (EPA) 
 
 
Subject: 
Carbaryl Proposed Interim Registration Review Decision 
(Docket ID No. EPA–HQ–OPP–2010–0230) 
 
Dear Ms. Romanovsky: 
On behalf of the California Stormwater Quality Association (CASQA),1 thank you for this opportunity to comment on 
the Proposed Interim Registration Review Decision (“PID”) 2 for carbaryl. CASQA also reviewed EPA’s recently 
released Draft Evaluation Supporting Proposed Mitigations Predicted to Avoid Jeopardy and Adverse Modification of 
Designated Critical Habitat and Reduce Take for Four Federally Listed Endangered and Threatened Species (“BE 
Memo”).3 
 
As noted in the Draft Ecological Risk Assessment (ERA), 4 carbaryl is registered for outdoor use as a carbamate 
insecticide and plant growth regulator with both agricultural and non-agricultural uses. While EPA’s pesticide 
registration review process proceeds pursuant to the Federal Insecticide, Fungicide, and Rodenticide Act (FIFRA), 
there is an important nexus with the requirements of the federal Clean Water Act (CWA), which regulates urban 
runoff discharges to waters of the United States (commonly known as “receiving waters”) through the National 
Pollutant Discharge Elimination System (NPDES) permit program.  
 
The results of EPA’s registration review for carbaryl have important implications for our members’ CWA compliance, 
as local agencies are held responsible for the quality of urban runoff discharges conveyed to receiving waters 
through municipal storm drainage systems. When pesticide-related water pollution occurs, municipalities can be 
subject to CWA enforcement actions under the terms of their NPDES permits. Municipalities also face negative 
publicity and potential litigation under the citizen suit provisions of the CWA.5   
 
1 CASQA is a nonprofit corporation that advances sustainable stormwater management protective of California water resources.  With 
approximately 2,000 members, our membership is comprised of a diverse range of stormwater quality management organizations and 
individuals, including over 180 cities, 23 counties, special districts, federal agencies, state agencies, ports, universities and school districts, 
wastewater agencies, water suppliers, industries, and consulting firms throughout the state.  Collectively, CASQA represents over 26 million 
people in California. 
2 Carbaryl Proposed Interim Registration Review Decision, Case Number 0080, November 2022. Memorandum dated 11-22-2022. Docket ID # 
EPA–HQ–OPP–2010–0230-0120 
3 Carbaryl: Draft Evaluation Supporting Proposed Mitigations Predicted to Avoid Jeopardy and Adverse Modification of Designated Critical 
Habitat and Reduce Take for Four Federally Listed Endangered and Threatened Species. Memorandum dated 11-18-2022. Docket ID # EPA–
HQ–OPP–2010–0230-0119 
4 Carbaryl: Draft Ecological Risk Assessment for Registration Review. Memorandum dated May 27, 2021. Docket ID # EPA-HQ-OPP-2010-
0230-0073 
5 See e.g., Natural Resources Defense Council, Inc. v. County of Los Angeles (Filed July 13, 2011), Case No. 10-56017; Coalition for a 
Sustainable Delta, et al., v. City of Stockton and County of San Joaquin (Filed Feb. 18, 2009), Case No. 2:09-cv-00466-JAM-KJN 

CASQA Comments on the Carbaryl Proposed Interim Decision (Docket ID No. EPA–HQ–OPP–2010–0230) 
 
 
Page 2 of 5 
COMMENT #1:  CASQA SUPPORTS EPA’S PROPOSED MITIGATION MEASURES FOR CARBARYL 
Given the high degree of threat posed by carbaryl use in the urban environment, as thoroughly documented in the 
Draft ERA and PID, CASQA supports the inclusion of the following proposed mitigation measures as enumerated in 
the PID: 
Use Deletions: the prohibition of residential dust formulations and residential granule formations for use on turf 
(because these are often applied incorrectly and end up on impervious surfaces such as sidewalks) 
Spray Drift Management measures, including limits on wind speed and inclusion of buffer zones for aquatic 
habitats. As specified in Appendix B [PID p. 84] this includes “Buffer Zones to Water Bodies for residential 
applications”, with the following statement required in the label’s Directions for Use:  
“Do not apply within 25 feet of aquatic habitats (such as, but not limited to, lakes, reservoirs, rivers, streams, 
marshes, ponds, estuaries, and commercial fish ponds).” 
General Environmental Protection Measures, including mitigation measures for outdoor urban uses in 
residential and commercial settings (i.e., structural, turf, ornamental, nursery) to reduce the amount of carbaryl in 
the urban environment that enters outdoor drainage systems and waterbodies, and mitigate potential risks to 
aquatic organisms. These proposed measures include improved label language for carbaryl product labels, to be 
included within the Directions for Use, specifically:  
• 
Statements for Outdoor Label Consistency [PID pp. 54-55. App. B p. 85-86]: label changes to ensure 
consistency among various products and with current EPA policy. This includes label language to state 
maximum application rates and define the maximum size of a treatment that may be considered a spot 
treatment:  
“Spot treatments must not exceed two square feet in size”  
• 
General Outdoor Application Statements [PID p. 55, App. B p. 84]: “All outdoor spray applications must be 
limited to spot or crack-and-crevice treatments only, except for the following permitted uses: 
1. Applications to soil, lawn, turf, or vegetation; 
2. Perimeter band treatments of 6 ft wide or less from the base of a man-made structure to pervious 
surfaces (e.g., soil, mulch, or lawn); 
3. Applications around potential exterior pest entry points into man-made structures such as doorways 
and windows, when limited to a band not to exceed one inch; 
4. Applications to vertical surfaces directly above pervious surfaces, such as bare soil, lawn, turf, mulch or 
other vegetation, that do not drain into ditches, storm drains, gutters, or surface waters.” 
The proposed improved product label language also includes measures intended to reduce the amount of runoff 
entering waterbodies and drainage systems, specifically: 
• 
Water Protection Statements [PID p. 55-56, App. B p. 85]: 
o “Do not spray the product into fish pools, ponds, streams, or lakes. Do not apply directly to sewers 
or drains, or to any area like a gutter where drainage to sewers, storm drains, water bodies, or 
aquatic habitat can occur.” 
o “Do not allow the product to enter any drain during or after application.” 
o “Do not apply directly to impervious horizontal surfaces such as sidewalks, driveways, and patios 
except as a spot or crack-and-crevice treatment.” 
o “Do not apply to vertical surfaces directly above pervious or impervious surfaces that drain into 
ditches, storm drains, gutters, or surface waters.” 
o “Do not apply or irrigate to the point of run-off.” 

CASQA Comments on the Carbaryl Proposed Interim Decision (Docket ID No. EPA–HQ–OPP–2010–0230) 
 
 
Page 3 of 5 
• 
Rain-Related Statements [PID p. 56, App. B p. 85]: 
o “Do not apply carbaryl containing products during rain.” 
o “Do not apply carbaryl containing products when a storm event likely to produce runoff from the 
treated area is forecasted (by NOAA/National Weather Service, or other similar forecasting service) 
to occur within 48 hours following application.” 
o “Do not apply carbaryl products when soils are saturated or above field capacity.” 
• 
Statements for Crack-and-Crevice Treatments [PID p. 56, App. B p. 90]: 
o “Treat exposed surfaces to cover thoroughly but avoid excess run-off.” 
o “To treat insects harbored in voids and cracks-and-crevices, applications must be made in such a 
manner to limit dripping and avoid runoff onto untreated structural surfaces and plants.” 
CASQA further supports the additional mitigations proposed to reduce drift and runoff from non-broadcast/non-
agricultural applications pursuant to implementing the NMFS Salmonid Biological Opinion [PID pp. 64-65, App. G 
pp. 110-111], including specifically the following label statements designed to reduce drift and runoff from 
urban/residential environments. Those statements reflect the mitigations proposed for non-listed species in the 
Memo [App. B, pp. 80-83], and they generally reiterate the mitigations included in the proposed label language 
as cited above, with the addition of the incident reporting language: 
o Reporting Ecological Incidents: To report ecological incidents, including mortality, injury, or harm to 
plants and animals, call [insert registrant phone number]. 
CASQA also supports the inclusion of updated Environmental Hazard Statements on carbaryl product labels 
[PID App. B, pp. 79-80]. Although residential, non-professional use of carbaryl has been banned in California 
since 2020, CASQA remains concerned about residential products due the prevalence of online purchases of 
pesticides, which can also include out-of-state purchase of residential products that include carbaryl. To this end, 
CASQA supports the proposed inclusion of the carbaryl product labels, specifically: 
Outdoor, Terrestrial Uses 
“For terrestrial uses: Do not apply directly to water, or to areas where surface water is present or to intertidal 
areas below the mean high water mark. Do not contaminate water when disposing of equipment washwater 
or rinsate”. 
Outdoor, Residential Consumer Products 
For liquid concentrate formulations:  
“To protect the environment, do not allow pesticide to enter or run off into storm drains, drainage ditches, 
gutters or surface waters. Applying this product in calm weather when rain is not predicted for the next 48 
hours will help to ensure that wind or rain does not blow or wash pesticide off the treatment area. Rinsing 
application equipment over the treated area will help avoid run off to water bodies or drainage systems.” 
For broadcast granular formulations:  
“To protect the environment, do not allow pesticide to enter or run off into storm drains, drainage ditches, 
gutters or surface waters. Applying this product in calm weather when rain is not predicted for the next 48 
hours will help to ensure that wind or rain does not blow or wash pesticide off the treatment area. Sweeping 
any product that lands on a driveway, sidewalk, or street, back onto the treated area of the lawn or garden 
will help to prevent run off to water bodies or drainage systems.” 
For liquid ready-to-use formulations:  
“To protect the environment, do not allow pesticide to enter or run off into storm drains, drainage ditches, 
gutters or surface waters. Applying this product in calm weather when rain is not predicted for the next 48 
hours will help ensure that wind or rain does not blow or wash pesticide off the treatment area.” For products 

CASQA Comments on the Carbaryl Proposed Interim Decision (Docket ID No. EPA–HQ–OPP–2010–0230) 
 
 
Page 4 of 5 
with outdoor, terrestrial uses that require fish or aquatic invertebrate statements include: “Drift and runoff 
may be hazardous to aquatic organisms in water adjacent to treated areas.” 
 
• 
CASQA Recommendation:  CASQA supports EPA’s proposed label language mitigations for carbaryl. 
 
 
COMMENT #2:  CASQA SUGGESTS LABEL MITIGATION MEASURES FOR CONSISTENCY  
 
• 
CASQA recommends a small edit to label language to add greater clarity.   
o General Outdoor Application Statements [PID p. 55, App. B p. 84]: 
2. Perimeter band treatments of 6 ft wide or less from the base of a man-made structure to 
pervious surfaces (e.g., soil, mulch, or lawn) 
o CASQA’s suggested language: Perimeter band treatments to pervious surfaces (e.g., soil, 
mulch, or lawn) of 6 ft wide or less, measured from the base of a man-made structure 
 
• 
CASQA recommends correcting application rates in the PID mitigations to be consistent with the mitigations 
stated in the November 2022 BE Memo.  
o The PID notes [p.41] that: ""Reducing the maximum annual application rate for turf to 16 lbs ai / 
acre (currently labeled maximum annual application rate for residential turf and golf courses is 36 
lbs ai / acre and 32 lbs ai / acre for sod)""  
o However, the BE Memo documents the pesticide registrants’ recommendations [Appendix C. 
Summary of Mitigations from Carbaryl Registrants for Listed Species, p. 85]:  
i. Ornamental Trees and Plants 
1. Maximum Annual Amount: 4 lbs. ai / acre (currently 6 lbs. ai / acre) 
2. Maximum Annual Number of Applications: 4 (currently 6 lbs. ai / acre) 
ii. Turfgrass (Golf Turf, Sports Fields, Sod Farms, Domestic and Commercial Lawns, 
Cemeteries, Parks, Campsites, Recreational Areas) 
1. Maximum Annual Amount: 10 lbs. ai / acre (currently 16 lbs. ai / acre) 
2. Maximum Application Rate: 5 lbs. ai / acre (currently 8 lbs. ai / acre) 
CASQA suggests correcting the maximum application rate values in the PID to match the values 
proposed in the BE Memo.  
 
• 
CASQA Recommendation:  CASQA suggests modifying the above label mitigations as noted above. 
 
CONCLUSIONS 
In summary, as documented in EPA’s risk assessments and PID, outdoor, non-agricultural uses of carbaryl may 
result in toxic concentrations of carbaryl in urban surface waters. Pesticide pollution of urban surface waters – 
causing toxicity to freshwater life – creates a multi-million-dollar regulatory burden for our municipal agency 
members. CASQA supports the inclusion of the proposed mitigation measures as enumerated in the PID. 
Thank you for your consideration of our comments. If you have any questions, please contact Victoria Kalkirtz, 
CASQA’s pesticides project lead, at (858) 541-4326 or vkalkirtz@sandiego.gov; or contact me at (424) 241-2249 or 
karen.cowan@casqa.org. 
 

CASQA Comments on the Carbaryl Proposed Interim Decision (Docket ID No. EPA–HQ–OPP–2010–0230) 
 
 
Page 5 of 5 
Sincerely, 
 
 
 
Karen Cowan, Executive Director 
California Stormwater Quality Association 
 
cc:  
Edward Messina, Director, EPA Office of Pesticide Programs  
Elissa Reaves, Director, Pesticide Re-evaluation Division, Office of Pesticide Programs  
Tracy L. Perry, Senior Regulatory Advisor, Pesticide Re-evaluation Division   
Nikhil Mallampalli, Biological and Economic Analysis Division 
Jessica Post, Biological and Economic Analysis Division 
Rafael A. Prieto, Biological and Economic Analysis Division 
Monisha Kaul, Biological and Economic Analysis Division 
T J Wyatt, Biological and Economic Analysis Division 
Hope Johnson, Biological and Economic Analysis Division 
Marianne Walters, Risk Management and Implementation Branch III 
Meghann Niesen, Risk Management and Implementation Branch III 
Kelly Sherman, Risk Management and Implementation Branch III 
Joshua Antoline, Environmental Fate and Effects Division 
Kristina Garber, Environmental Fate and Effects Division 
Katrina White, Environmental Fate and Effects Division 
Austin Wray, Environmental Fate and Effects Division 
Thomas Steeger, Environmental Fate and Effects Division 
Jennifer Connolly, Environmental Fate and Effects Division 
Christina Wendel, Environmental Fate and Effects Division 
Jean Holmes, Environmental Fate and Effects Division 
Ideliz Negron-Encarnacion, Environmental Fate and Effects Division 
Christopher Koper, Environmental Fate and Effects Division 
Andrew Sawyers, Director, EPA Office of Water, Office of Wastewater Management 
Tomas Torres, Director, Water Division, EPA Region 9 
Alexandra (Sasha) Mizenin, EPA Region 9 
Diana Hsieh, EPA Region 9 
Rochelle Cameron, EPA Region 9 
Eugene Bromley, EPA Region 9 
Karen Mogus, Deputy Director, California State Water Resources Control Board 
Philip Crader, Assistant Deputy Director, California State Water Resources Control Board 
Tom Mumley, California Regional Water Quality Control Board, San Francisco Bay Region  
Rebecca Nordenholt, California Regional Water Quality Control Board, San Francisco Bay Region 
Amanda Magee, California State Water Resources Control Board 
Rich Breuer, California SWRCB 
Claire Waggoner, California State Water Resources Control Board 
Danny McClure, California Regional Water Quality Control Board, Central Valley Region  
Peter Meertens, California Regional Water Quality Control Board, Central Coast Region  
Jenny Newman, California Regional Water Quality Control Board, Los Angeles Region 
Anson Main, California Department of Pesticide Regulation 
Mason Zoerner, California Department of Pesticide Regulation 
Seth Brown, National Municipal Stormwater Alliance  
CASQA Board of Directors, Executive Program Committee, and True Source Control Subcommittee"
EPA-HQ-OPP-2010-0230-0128,EPA-HQ-OPP-2010-0230,"1 
 
 
 
 
 
 
 
 
Carbaryl: Use and Benefits in the Desert Southwest  
and Response to EPA’s Proposed Interim Decision 
Prepared by Alfred J. Fournier, John Palumbo, Kai Umeda & Wayne Dixon  
Comments submitted by the Arizona Pest Management Center, 
University of Arizona 
 
Date: February 14, 2023 
Docket ID: EPA-HQ-OPP-2010-0230 
Re: EPA’s Proposed Interim Decision for Carbaryl  
 
To Whom it may concern: 
 
The EPA is seeking public comments in response its Proposed Interim Decision for the 
insecticide carbaryl. Carbaryl is registered for use on a wide variety of specialty crops, for use in 
outdoor residential pest control, ornamental plants, lawns and turf, rights of way, etc. Our goal at 
this time is to inform the EPA about a few remaining critical use patterns for carbaryl in Arizona 
and the Desert Southwest, and to respond to selected elements of the Proposed Interim Decision. 
 
At an earlier stage of registration review, we contributed detailed comments on the uses and 
benefits of carbaryl to the USDA Office of Pest Management Policy (Fournier et al. 2016). Some 
of our input was included in the benefits analyses for carbaryl. We have included key points 
from these prior comments in this response to EPA. In developing the current comments, we 
have examined updated use data and solicited information from stakeholders to verify ongoing 
use patterns. 
 
Summary 
• The use of carbaryl has diminished greatly in recent years across a wide variety of crops 
in Arizona and other parts of the Southwest. There are still selected uses for which 
carbaryl is deemed important and for which few or no viable alternatives exist.  
• Carbaryl is used, in rotation with pyrethroids, in the eradication program for the pecan 
weevil, an important invasive pest of pecans that has made recent incursions from West 
Texas into Eastern New Mexico. Loss of carbaryl would significantly impact the New 
Mexico Department of Agriculture’s ability to prevent or slow the spread of pecan weevil 
throughout New Mexico, and incursion into Arizona, California, and northern Mexico. 
We are grateful that EPA’s Proposed Interim Decision places no constraints on this use 
pattern. 
• Carbaryl bait formulations are used in Arizona in the management of darkling beetles, 
crickets, grasshoppers, and various soil insects on desert melons. Darkling beetles in 
Agricultural Experiment Station 
Cooperative Extension 
37860 West Smith-Enke Road 
Maricopa, Arizona  85138 
(520) 568-2273 
FAX: (520) 568-2556 

 
2 
particular can devastate a stand of watermelon transplants, causing significant economic 
losses. This is not a frequent problem. We estimate that in Arizona fewer than 7% of 
melon acres were treated with carbaryl in 2021. However, no effective alternative options 
are available for control, particularly for darkling beetle.  
• Carbaryl is used in relatively rare situations to manage grasshoppers in turfgrass. Though 
not a frequent pest of desert turfgrass, grasshopper populations can migrate into 
residential turf from adjacent desert areas in large numbers, consuming seed from 
overseeding practices and damaging turf. Carbaryl bait is used as an effective means of 
control. If these baits are classified by EPA as granular pesticides, we recognize that EPA 
is proposing discontinuation of residential uses. We seek clarification on whether this 
mitigation would apply to Sevin 5 Bait applied by turf industry professionals working in 
residential settings. 
• Based on input from US Forest Service professionals, we agree with discontinuation of 
backpack sprays and with all additional proposed PPE requirements. While we recognize 
the need for EPA to limit the amount of solution handled for tree boring beetle treatment 
applications by US Forest Service to 250 gallons of solution per worker per day, the 
mitigation would in some case severely limit the timely treatment of tress, which could 
slow protection of forests from attack by tree boring beetles. In addition, we acknowledge 
that this mitigation will have economic consequences on beetle control practices by the 
US Forest Service. Carbaryl remains the most effective and longest lasting preventative 
treatment to protect Western forests from potentially devastating tree boring beetle 
infestations. 
 
 
Carbaryl Use on Arizona and New Mexico Crops & Turf 
The use of carbaryl has diminished greatly in recent years across a wide variety of crops in the 
Southwest. Based on information from the Arizona Pest Management Center (APMC) Pesticide 
Use Database (Fournier et al. 2017) from 2015 to 2021, only a small number of uses on limited 
acres have been reported. Uses include cantaloupes and other melons, fallow land, and very 
limited reported use on citrus and in turfgrass. Based on comments the Arizona Pest 
Management Center previously submitted to USDA Office of Pest Management Policy on 
carbaryl (Fournier et al. 2016), the most significant use in 2016 was as part of the eradication 
program for the pecan weevil in New Mexico. Carbaryl bait formulations are also used 
occasionally in Arizona in the management of darkling beetles and other insects in both 
transplanted and seeded melons. 
 
 
Carbaryl Use in Desert Melons 
In 2021, Arizona growers harvested 9,300 acres of cantaloupe and 4,900 acres of watermelon for 
the fresh market valued at over $124 million. (USDA 2022). In 2021, uses of carbaryl bait were 
reported on only 907 acres, about 6.4% of acres. Carbaryl is the Arizona Department of 
Environmental Management’s Groundwater Protection List, and all agricultural uses require 
reporting to the state. 
 
According to Dr. John Palumbo, Professor, Extension IPM Specialist, and Endowed Chair in 
Integrated Pest Management at University of Arizona, the main (occasional) use of carbaryl on 

 
3 
desert melons is the use of carbaryl bait targeting darkling beetles and other soil insects. Carbaryl 
bait is also sometimes used to control crickets and grasshoppers.  
 
Experience has shown that foliar sprays are ineffective for preventing darkling beetles from 
feeding on netted melons. Sprays cannot penetrate the foliage to get to the ground or undersides 
of melons where the beetles are active. The best chance of control is with the use of Sevin bait. 
There are no effective alternatives to carbaryl bait for this use. Gowan previously formulated a 
pyrethroid bait that was very effective, but it is no longer available on the market.  
 
Most applications of bait in the desert for darkling beetle control are applied pre-harvest. There 
are blooms in the field, but commercial pollinators have been removed by the time of 
application. The baits are spread on top of beds and must remain dry to be attractive to beetles. In 
the event that the bait got wet (e.g., rainfall), it is highly unlikely that the a.i. would move deep 
enough for soil uptake by the plant. Melon roots are deep in the soil profile by the time carbaryl 
would be applied. According to Dr. Palumbo, potential foliar alternatives for control of the 
darkling beetles prior to bloom include pyrethroids, neonicotinoids and methomyl. 
 
Some bait usage may occur pre-bloom, during stand establishment, to control soil insects. The 
use of sprinkler irrigation during stand establishment often precludes bait usage at this stage, but 
this practice can work well for drip-irrigated melons. In these cases, carbaryl is generally applied 
prior to transplanting, or at emergence for direct seeded melons. The most common alternative to 
carbaryl for this use is multiple applications of pyrethroids, whereas a single application of 
carbaryl bait provides effective control and lasts until the bait gets wet. 
 
One central Arizona grower I spoke with confirmed the importance of Sevin bait for control of 
darkling beetles in watermelon transplants. “Darkling beetles can and will devastate an 
expensive stand of watermelon transplants. It is not widely used, but for this pest, it is important. 
We do not use much active ingredient, but when we do it is vital!” (Fournier 2016). 
 
 
Carbaryl is Critical for Control of Invasive Pecan Weevil  
In 2021, pecans were the highest grossing crop in New Mexico, with 46,000 harvested acres 
valued at nearly $189 million (USDA 2021b). In 2015, over 2,000 New Mexico farms were 
involved in commercial pecan production, accounting for almost one third of pecans produced in 
the U.S. (Sutherland et al. 2017) In Arizona, 22,000 acres of pecans harvested in 2021 were 
valued at over $93 million (USDA 2021). 
 
As documented in detail in our 2016 comments to USDA Office of Pest Management Policy, 
carbaryl is critical to the eradication program for the pecan weevil, a destructive invasive pest.  
According to Sutherland et al., 2017: “Pecan weevil infestations can reduce nut yields 
significantly at two points in each growing season. In summer, adult weevils puncture and feed 
on immature nuts, causing these nuts to fall. Later in the growing season, females lay their eggs 
(up to six per nut) into larger, more mature nuts. Infested nuts cannot be salvaged. The adult 
stage is the only stage that is susceptible to insecticides. Eggs and larvae develop inside the 
maturing nuts where insecticides are not effective. Mature larvae emerge from nuts and burrow 
into the soil, as deep as 2–3 feet. No soil treatments are currently labeled for pecan weevil 

 
4 
larvae.” Due to the prolonged emergence period, multiple insecticide applications are required to 
control adult weevils.  
 
The pecan weevil is still intensively managed and is under quarantine in New Mexico (Garcia 
2023). According to Brad Lewis, Agricultural and Environmental Services Director at the New 
Mexico Department of Agriculture, New Mexico is considered the front-line battleground 
against this invasive pest. The department has successfully contained the pest within certain 
areas of the state and helped to prevent its spread farther west. Loss of carbaryl would 
significantly impact the department’s ability to slow the spread of pecan weevil throughout New 
Mexico, Arizona, California, and northern Mexico. The eradication program targets both 
commercial growers and residential plantings of pecans in monitoring for and treating pecan 
weevil (Garcia 2023).  
 
The repeated applications required for eradication of pecan weevil necessitate a rotational 
program. Carbaryl is the department’s primary rotational product when paired with a pyrethroid. 
Liquid formulations of carbaryl (e.g., Sevin 4F) are used in rotation with pyrethroids to 
control adult weevils after emergence. Lewis reported that typically, two applications of 
carbaryl are used in rotation with three applications of pyrethroids. Sevin 4f use rates 
were reported at 3 to 4 quarts/acre (Fournier et al. 2016).   
 
 
Response to Selected Proposed Mitigations for Carbaryl 
 
Citrus 
There have been very few reported uses of carbaryl in lemons over the past ten years, reportedly 
to control red scale. However, several knowledgeable licensed Pest Control Advisors (PCAs) 
who work with Arizona citrus growers say they either have never used carbaryl or have not used 
it over a decade in citrus. We do not expect the proposed rate reduction or additional personal 
protective equipment to negatively impact growers in Arizona.  
 
Turf  
According to Kai Umeda, Area Extension Agent in Turfgrass Science for University of Arizona 
(recently retired), carbaryl is used in relatively rare situations to manage grasshoppers in 
turfgrass. Though not a frequent pest of desert turfgrass, grasshopper populations sometimes 
build up in the desert after summer rains. As desert vegetation dries up, they can move into turf 
in residential areas adjacent to the desert large numbers, where they consume turf seed (from 
overseeding activities) and otherwise may feed on turf. On such occasions, pest control 
professionals providing contracted services may apply carbaryl (e.g., Sevin 5 Bait). It is one of 
few registered products and provides highly effective control. One to two applications may be 
needed to control grasshoppers. Multiple applications of registered pyrethroids could provide an 
alternative means of control.  
 
With respect to EPA’s proposed mitigation, “prohibit use on residential turf of granular 
formulations,” it is unclear to us whether EPA considers Sevin 5 bait (and generics) to be 
granular formulations. Based on current pesticide label information obtained through agrian.com, 
the Sevin 5 Bait label refers to the formulation as “bait,” whereas on a generic product label for 

 
5 
Drexel Carbaryl 5% Bait, the formulation is listed as “granules.” We request that EPA clarify 
whether the prohibition of granular formulations to residential turf includes applications 
of bait made by licensed professionals.  
 
We agree with EPA’s proposed maximum annual application rate of 16 lbs ai/A on turf. This 
would not be problematic, as one or two applications are sufficient to manage grasshoppers.  
 
We agree with EPA’s proposed prohibition on residential dust formulations of carbaryl. 
 
Forest Service Uses 
“The US Forest Service (USFS) reported treating <1% (approximately 800 acres) of all USFS 
land in the US with carbaryl annually from 2014-2018, to control wood-boring bark beetles on 
high-value or very vulnerable trees in forest lands managed by the USFS. All USFS treatments 
occurred west of the Mississippi River, primarily in the intermountain West and west of the 
Rockies.” (Mallampalli et al. 2022). Carbaryl has been described as “one of the most effective 
and environmentally safe insecticides used to prevent bark beetle attacks” (Hasting et al. 2001).    
 
According to Chris Fettig, Research Entomologist with the US Forest Service, Pacific Southwest 
Research Station, carbaryl remains a critical tool for the management of various tree boring 
beetles in Western forests. Fettig is a leading researcher on wood-boring bark beetle control in 
forests and has authored or co-authored numerous papers on this topic. In addition, we reached 
out contacts specifically familiar with current practices in Arizona forestry, including Alyssa 
McAlexander, Forest Health Specialist with the Arizona Department of Forestry and Fire 
Management and Joel McMillan with the USDA Forest Service Forest Health Protection 
Team based in Flagstaff, Arizona.  
 
In reviewing the EPA’s proposed mitigations on the use of carbaryl by USFS employees, these 
expert contacts offered the following insights.  
 
1. Prohibit backpack applications for tree boring beetle treatment applications by  
U.S. Forest Service (USFS).  
Experts we spoke with agreed with EPA’s proposed mitigation to discontinue use of 
backpack applications for tree boring beetle treatment by the U.S. Forest Service. 
Backpack applications are no longer typically used by the US Forest Service for 
treatment of tree boring beetles. The current emphasis is on preventative applications 
used in advance of beetle infestations to protect the trees. In such cases, larger equipment 
is used (Fettig et al. 2013). A common method of protecting trees from bark beetle attack 
is to saturate the tree bole with carbaryl using a hydraulic sprayer (Fettig et al. 2008). 
McMillan confirmed that loss of access to backpack sprays of carbaryl would not be 
problematic in Arizona for the same reason.  
 
In addition, both McMillan and McAlexander acknowledge that carbaryl use in Arizona 
is minimal compared to other Western states. Carbaryl has not been used to a large extent 
for wood boring beetle control in Arizona since the last severe infestation occurred 
around 2005. Beetle attacks are tied to severe drought events or other disturbances cause 
by weather conditions that can lead to large-scale tree loss if beetles are not properly 

 
6 
managed. While some level of drought has certainly persisted, we have not seen the 
large-scale and concerning level of damage and tree loss that drove the last wave of 
carbaryl applications. Currently, tree removal and other management techniques prevail 
to limit the spread of infestations. In addition, shortages of staff for large scale control 
efforts and the availability of alternative insecticides for management of tree boring 
beetles on a smaller scale were cited as other reasons why carbaryl use had declined. 
Permethrin or emamectin benzoate are the main insecticides used by homeowners or 
contractors in forested regions. Injections are preferred to spraying because effectiveness 
of injection is dependent on water flow, which can be controlled through irrigation. 
While research shows that carbaryl is more efficacious and lasts longer than alternatives, 
its use here has continued to decline for these reasons. 
 
2. Reduce amount of solution handled per worker per day for tree boring beetle 
treatment applications by USFS to 250 gallons of solution per worker per day.  
Fettig conveyed that the amount of carbaryl solution applied to a tree can vary a great 
deal, depending on a number of factors. “The amount of material (product + water) 
applied varies with bark and tree architecture, tree size, equipment and applicator, among 
other factors, but ranges from ~15 to 30 L per tree (roughly 4 to 8 gal.) under most 
circumstances. Application efficiency, the percentage of material applied that is retained 
on trees, ranges from ~80 to 90%.” (Fettig et al. 2013). Fettig expressed concerns that at 
the higher end of what may be needed for effective management, EPA’s proposed 
mitigation would severely limit the number of trees that could be treated per worker per 
day, which could slow protection of forests from attack by tree boring beetles.  
 
Joel McMillan was a participant in conversations with Cameron Douglass and others 
from USDA Office of Pest Management Policy in 2021 ahead of EPA finalizing this 
Proposed Interim Decision. He recalls that the 250 gallons of solution per worker per day 
was the consensus compromise among participants in those discussions. It was noted that 
this limitation would likely increase control costs, particularly for applications that are 
contracted out, since carbaryl sprays in some cases would have to be extended over 
multiple days to keep workers under the daily exposure limit. However, everyone 
acknowledges the importance of minimizing worker risk.  
 
3. Require double layer, gloves, PF10 respirator, chemical-resistant hat, and chemical-
resistant apron for beetle treatment applications.  
McMillan commented that it is likely in Arizona that USDA would contract out any 
future carbaryl applications and would develop contract specifications to ensure use of all 
required PPE by contractors.   
 
Restricted Entry Intervals 
We do not expect any of EPA’s proposed Restricted Entry Intervals (REIs) to impact Arizona 
growers, as there are no reported uses of carbaryl in any of the crops with new REIs proposed.  
 
 
 
 

 
7 
Who We Are 
The Arizona Pest Management Center is host to the University of Arizona’s expert IPM 
scientists including Ph.D. entomologists, weed scientists and plant pathologists with expertise in 
the strategic tactical use of pesticides within IPM programs that protect economic, environmental 
and human health interests of stakeholders and the society at large.  
 
Dr. Al Fournier is Associate Director of the APMC / Associate Specialist in Entomology, holds a 
Ph.D. in Entomology, and has expertise in evaluating adoption and impact of integrated pest 
management and associated technologies. He serves as an Integrated Pest Management Network 
Coordinator through the Western IPM Center Signature Program, representing stakeholders in 
the desert Southwest states in EPA registration reviews. Dr. John Palumbo is a Research 
Scientist and Extension Specialist with the University of Arizona who works with the Arizona 
vegetable industry, based at the Yuma Agricultural Center. He serves as Endowed Chair in 
Integrated Pest Management in the Department of Entomology at the University of Arizona. Mr. 
Kai Umeda is a recently retired Area Extension Agent in Turfgrass Science for University of 
Arizona, previously stationed at Maricopa County Cooperative Extension. He has worked 
extensively in golf and recreational turf management, with particular expertise in weed 
management. Mr. Wayne Dixon holds a B.S. in Computer Information Systems and develops 
tools and data used in IPM research, education and evaluation, including management of the 
APMC Pesticide Use Database.  
 
These comments are the independent assessment of the authors and the Arizona Pest 
Management Center as part of our role to contribute federal comments on issues of pest 
management importance and do not imply endorsement by the University of Arizona or USDA 
of any products, services, or organizations mentioned, shown, or indirectly implied in this 
document.  
 
Our Data and Expert Information 
Through cooperative agreements with Arizona Department of Agriculture, the Arizona Pest 
Management Center obtains use of, improves upon, and conducts studies with ADA’s Form1080 
data. Growers, pest control advisors and applicators complete and submit these forms to the state 
when required by statute as a record of pesticide use. These data contain information on 100% of 
custom-applied (i.e., for hire) pesticides in the state of Arizona. Grower self-applied pesticide 
applications may be under-represented in these data. In addition, we actively solicit input from 
stakeholders in Arizona and other Southwest states (Nevada, Colorado, New Mexico and 
Southeastern California), including those in the regulated user community, particularly to better 
understand use patterns, use benefits, and availability and efficacy of alternatives. The comments 
within are based on the extensive data contained in the Arizona Pest Management Center 
Pesticide Use Database, collected summary input from stakeholders and the expertise of APMC 
member faculty. 
 
References 
Fettig, C.J., D.M. Grosman, A.S. Munson. 2013. Advances in Insecticide Tools and Tactics for 
Protecting Conifers from Bark Beetle Attack in the Western United States, in Insecticides - 
Development of Safer and More Effective Technologies, edited by S. Trdan. Intech Open.  
http://dx.doi.org/10.5772/54178  

 
8 
 
Fettig, C.J., A.S. Munson, S.R. McKelvey, P.B. Bush, R.R. Borys. 2008. Spray Deposition from 
Ground-based Applications of Carbaryl to Protect Individual Trees from Bark Beetle Attack. 
Technical Reports: Ecological Risk Assessment. J. Environ. Qual. 37:1170–1179 (2008). 
doi:10.2134/jeq2007.0300. 
 
Fournier A.J., P.C. Ellsworth, W.A. Dixon II. 2016. Carbaryl Use in Arizona and New Mexico. 
University of Arizona, Arizona Pest Management Center. Comments submitted to USDA Office 
of Pest Management Policy in support of carbaryl benefits analysis. 
https://acis.cals.arizona.edu/docs/default-source/ipm-assessment-documents/arid-swpmc-info-
requests/carbaryl-comment_apmc_9-30-16.pdf  
 
Fournier, A., W. Dixon, P.C. Ellsworth. 2017. Arizona Pest Management Center Pesticide Use 
Database. University of Arizona Cooperative Extension.  
 
Hastings, F.L., E.H. Holsten, P.J. Shea, R.A. Werner. 2001. Carbaryl: A Review of Its Use 
Against Bark Beetles in Coniferous Forests of North America. Environ. Entomol. 30(5): 803-
810. 
 
Garcia, K. 2023. NMDA Asks Pecan Consumers, Growers to Be Aware of Pecan Weevil. 
Memo. New Mexico Department of Agriculture. January 23, 2023.  
https://nmdeptag.nmsu.edu/new-release/2023/nmda-asks-pecan-consumers-growers-to-be-aware-
of-pecan-weevil.html  
 
Mallampalli, N., J. Post, R. Prieto. 2022. Assessment of Carbaryl (PC Code 056801) Usage, 
Benefits, and Risk Mitigation Impacts in Non-Crop Use Sites, US EPA Memorandum, 
November 16, 2022. Docket ID number EPA-HQ-OPP-2010-0230-0116. 
https://www.regulations.gov/document/EPA-HQ-OPP-2010-0230-0116 
 
Sutherland, C., J. Breen Pierce, B. Lewis, Richard Heerema. 2017. Pecan Weevil - Wanted 
DEAD, Not Alive. Circular 683. College of Agriculture, Consumer and Environmental Sciences, 
New Mexico State University. https://pubs.nmsu.edu/_circulars/CR683/  
 
USDA NASS. 2022. 2021 State Agricultural Overview: Arizona. United States Department of 
Agriculture, National Agricultural Statistics Service. 
https://www.nass.usda.gov/Quick_Stats/Ag_Overview/stateOverview.php?state=ARIZONA  
 
USDA NASS. 2022b. 2021 State Agricultural Overview: New Mexico. United States 
Department of Agriculture, National Agricultural Statistics Service. 
https://www.nass.usda.gov/Quick_Stats/Ag_Overview/stateOverview.php?state=NEW%20MEX
ICO"
EPA-HQ-OPP-2010-0230-0124,EPA-HQ-OPP-2010-0230,"February 14, 2023 
Submitted via E-mail and www.regulations.gov   
 
 
Attention: Ms. Anna Romanovsky 
Chemical Review Manager 
Pesticide Re-Evaluation Division (7508M), Office of Pesticide Programs 
U.S. Environmental Protection Agency 
1201 Constitution Ave., NW 
Washington, D.C.  20004 
Re: Tessenderlo Kerley, Inc. –Comments on Carbaryl Proposed Interim Registration Review Decision 
(Case No. 0800, Docket ID: EPA-HQ-OPP-2010-0230).  
Dear Ms. Romanovsky: 
Tessenderlo Kerley, Inc. (TKI) holds U.S. Environmental Protection Agency (EPA) registrations for carbaryl 
technical and certain end-use products in the United States.  We appreciate the opportunity to review 
and comment on EPA’s Proposed Interim Registration Review Decision (PID) for carbaryl and associated 
proposed analysis for four “pilot” listed species identified as likely to be adversely affected (LAA) in the 
Biological Evaluation (BE) for carbaryl. 
This document summarizes TKI’s comments and concerns regarding the PID in general, as well as the 
species mitigations proposed as part of the PID. 
TKI would appreciate the opportunity to discuss with the Agency these comments in detail, as well as any 
potential risk assessment concerns for our registered uses of carbaryl. 
 
Best regards, 
 
 
Kevin Henry, Ph.D. 
Director of Regulatory Affairs 
Tessenderlo-Kerley, Inc. 
 
 

 
Contents 
Introduction .............................................................................................................................................. 3 
The Role of Proactive Mitigations ............................................................................................................. 3 
Addition of Bulletins Live! Two Language to Label ................................................................................... 4 
Justification of Proposed Mitigations ....................................................................................................... 5 
J/AM Assessment for Carbaryl Pilot Species ............................................................................................. 5 
Use of the Biological Evaluation to Support J/AM Determinations .......................................................... 6 
Use of Aquatic Exposure Modeling that Accurately Reflects Carbaryl Labels .......................................... 6 
Best Available Data for J/AM Assessment ................................................................................................ 7 
Lack of Spatially Accurate Species Habitat Complicates Mitigation Implementation .............................. 7 
Carbaryl Historical Record Supports the Effectiveness of Existing Label Mitigations .............................. 8 
Importance of Species-Specific, Geographically Limited Mitigations ....................................................... 8 
Uncertainty Regarding the Role of PID Species Pilot Mitigations in Proposed Label Changes ................ 8 
Comments on the Proposed Mitigations for the Miami Tiger Beetle ........................................................ 9 
Comments on the Proposed Mitigations for the Wireweed ................................................................... 10 
Comments on the Proposed Mitigations for the Squirrel Chimney Cave Shrimp (SCCS) ........................ 15 
Comments on the Proposed Mitigations for the Upper Columbia River Steelhead (UCRST) ................. 16 
Monitoring Conclusions Inconsistent with Monitoring Data .................................................................. 22 
Comments on the Proposed Mitigations to Implement NMFS 2009 Salmonid BiOp ............................. 23 
Carbaryl PID Comments Conclusion ....................................................................................................... 23 

 
 
 
Page 3 of 23 
Introduction 
On December 1, 2022, the U.S. Environmental Protection Agency (EPA or Agency) released its Carbaryl 
Proposed Interim Registration Review Decision1 (PID).  In addition to the standard FIFRA PID content, the 
proposed revisions document states: 
“Using its authorities under FIFRA, and in advance of completion of consultation with the 
Services, EPA is proposing mitigation for two pilot listed species for which the Agency 
predicts that there is a likelihood of Jeopardy (J) to these species or Adverse Modification 
(AM) to their designated critical habitats from the use of carbaryl.  2 
EPA also indicates that it is proposing certain alternative Reasonable and Prudent Measures (RPAs) for 
carbaryl to those described in the 2009 National Marine Fisheries Service (“NMFS”) Biological Opinion 
(“BiOp”).  EPA proposed to implement certain mitigations (e.g., wind directional buffers near Wireweed 
species range) and the alternative RPAs via its Endangered Species Protection Bulletins using EPA’s 
Bulletins Live! Two (BLT) system. 
TKI’s comments herein regarding the PID revisions and the proposed mitigations are intended to support 
development of a robust and defensible analysis of the unique potential risk of a pesticide, and to support 
integration of that analysis into localized mitigations that are spatially explicit, species-specific, and 
implementable by the user community.  TKI appreciates the opportunity to comment and provide 
additional information as the assessment of Jeopardy / Adverse Modification (J/AM) continues between 
the EPA and the Services and believes the registrant’s role in this process is instrumental in developing 
pragmatic and protective mitigations. 
The Role of Proactive Mitigations 
TKI agrees there are cases where mitigations such as those proposed in the revised PID may further the 
statutory objectives of both FIFRA and the ESA.  It is important, however, that any such proposed 
mitigations are based on the best available science and are feasible for end users to implement.  
Moreover, any such proposed mitigations would, in fact, supplement existing mitigations that currently 
support reduced exposure potential and which are implemented through mandatory label requirements. 
TKI is prepared to support proactive mitigations that are based on ecological risk assessments of sufficient 
detail to establish the need for, and positive impact of, such mitigations.  A J/AM assessment that indicates 
that some level of co-occurrence between an agricultural use site and species range or critical habitat 
might occur may not be sufficient to establish that mitigations prior to completion of a Biological Opinion 
are needed – even if the co-occurrence analysis is supplemented by a limited analysis of other risk factors, 
as described in the PID.  In the PID, predicted J/AM determinations are presented without any detailed 
assessment of estimated population-level effects.  Development of multiple lines of evidence relevant to 
the species being assessed, coupled with a population-level analysis that is then integrated into a weight 
of evidence framework is necessary when proactive mitigations are proposed.   
Proactive mitigations associated with regulatory actions may provide a rapid method of attempting to 
resolve ESA concerns in the PID.  However, there remains a clear need to direct resources into assessments 
that are well supported, reduce uncertainty, and that link the outcome of an assessment to specific 
mitigations.  The value and effect of proactive mitigations should also be clearly trackable and predictable 
in EPA decisions so that registrants can evaluate the merits of proactively developing mitigations in the 
future. 
 
1 Carbaryl Proposed Interim Registration Review Decision, Case Number 0080 (epa.gov) available at 
https://downloads.regulations.gov/EPA-HQ-OPP-2010-0230-0120/content.pdf.  
2 Carbaryl Proposed Interim Registration Review Decision, Case Number 0080, p. 4. 

 
 
 
Page 4 of 23 
Addition of Bulletins Live! Two Language to Label 
Consistent with the Agency’s statement in the ESA Workplan3 that “when EPA expects that a pesticide in 
registration review may require mitigation implemented through Bulletins, the Agency will seek Bulletins 
language as part of the label it approves through an Interim Decision,” EPA indicates on p. 60 of the PID 
that it will require carbaryl labels to be updated to contain a standardized reference directing users to 
Bulletins Live! Two (BLT).  The statement indicates that the user must “obtain a Bulletin at any time within 
six months of the day of application” of the product and must comply with any required measures in such 
bulletin.  We refer to this language herein as the “BLT Reference.” 
TKI does not object to the use of Bulletins made available through BLT as a means of providing information 
regarding required mitigation measures.  In addition, TKI agrees with the concept of amending relevant 
pesticide labels to include the BLT Reference prior to finalization and publication of Bulletins on BLT.  
However, TKI has concerns with, and asks that EPA make clear that it is not proposing, a process whereby 
EPA can in the future make unilateral changes to Bulletins without consulting with, and obtaining approval 
from, registrants whose products will be impacted by such changes.  Such a procedure would be contrary 
to the structure and intent of FIFRA, and EPA’s longstanding practice and procedure regarding 
amendments to registered pesticides labels.  Changes to a Bulletin (or addition of a Bulletin) that would 
change the scope of a registration can only be accomplished with notice to, and approval from, the 
registrant.  EPA is now taking comments from TKI and others on the revised PID which may lead to 
alterations to relevant Bulletins that are completed as part of this registration review process.  The actual 
terms and requirements that are included in any such final Bulletin would be expected to reflect or at 
least be influenced by such comments.  This is the process (including final sign off by the registrant) that 
should be followed in the future should it be deemed appropriate to consider making changes to Bulletins 
that appear on BLT. 
TKI’s position is based on the fact that, once granted, a pesticide registration is a property right belonging 
to the registrant.  See e.g., Reckitt Benckiser, Inc. v. Jackson, 762 F. Supp. 2d 34, 45 (D.D.C. 2011) (“A FIFRA 
registration is essentially a license to sell and distribute pesticide products in accordance with the terms 
of the registration and the statute”).  Neither FIFRA nor the ESA grants EPA the right to unilaterally alter 
the scope of a FIFRA registration, once granted.  If EPA were to modify BLT without a registrant’s consent 
(even if the BLT Reference already appeared on the relevant label) it would be ultra vires and would 
contravene the structure of FIFRA.  Any modification to enforceable requirements for a pesticide’s use 
modifies the scope of that property right and hence the scope of the registration under FIFRA.  Moreover, 
such an action is expressly outside the scope of EPA’s authority under FIFRA, and Reckitt is instructive on 
this point.  Following an extensive review of the structure of FIFRA, as informed by the legislative history 
of numerous amendments of the statute in and after 1972, the Court in Reckitt concluded that EPA lacked 
authority to bring a misbranding action against a registrant, if the registrant refused to modify the 
registration of its product following an EPA conclusion that the existing registration no longer met the 
FIFRA standard for registration.  A cancellation proceeding under FIFRA 6(d) was the only proper recourse 
for EPA to follow if it chose to attempt to force the change.  As the Court stated, FIFRA “establishes a 
detailed, multi-step process that EPA must follow when it wants to cancel or suspend a registration.” 
Reckitt, 762 F. Supp 2d at 42.  This principle would apply also to a decision to unilaterally alter a substantive 
term or restriction in a Bulletin on BLT, if such Bulletin were considered by EPA to be an enforceable 
direction for use of the registered product. 
Therefore, the considerations in connection with an attempted unilateral change to a Bulletin on BLT by 
the Agency are the same – the Agency may not modify the scope of the registration without the 
registrant’s consent without utilizing the prescribed cancellation procedures in FIFRA.  Procedures for 
 
3 US-EPA, 2022.  Balancing Wildlife Protection and Responsible Pesticide Use:  How EPA’s Pesticide Program Will Meet its 
Endangered Species Act Obligations. P. 58.  Available at https://www.epa.gov/system/files/documents/2022-04/balancing-
wildlife-protection-and-responsible-pesticide-use_final.pdf. 

 
 
 
Page 5 of 23 
confirming registrant consent may be, as the Agency intends, less formal and/or less burdensome than 
the present method of formal label amendments (once the BLT Reference is added by amendment), but 
the required step of confirming the registrant’s consent to later changes to a relevant Bulletin on BLT is 
fundamental to the FIFRA regulatory scheme and may not be done away with.  As stated above, TKI looks 
forward to working with EPA on finalizing appropriate updates to BLT after the addition of the BLT 
Reference to the label. 
Justification of Proposed Mitigations 
The PID states that identifying early mitigation for pilot species for pilot chemicals will “help stakeholders 
better understand how the proposed mitigation is expected to allow the Agency to predict that use of 
carbaryl would not have a likelihood to jeopardize listed species or adversely modify their designated 
critical habitat.”4  However, it appears that the pilot species proposed mitigations are primarily intended 
to avoid potential exposure rather than address a predicted likelihood of J/AM arising from any robust 
calculation that fully incorporates a weight of the evidence analysis.  The PID analyses used to describe 
the need for mitigations do not contain detailed discussion regarding the actual likelihood that J/AM may 
occur, nor how the proposed mitigations will address such likelihood.  
TKI supports EPA’s efforts to develop potential mitigations based on species-specific information; 
however, the uncertainties and standard assumptions associated with these assessments should be 
clearly detailed and documented.  Providing this detail will provide risk managers and stakeholders with 
transparency regarding the strength of the assessment’s conclusions and will establish the relationship 
between identified concerns and the proposed mitigations which are intended to help address those 
concerns.  By clearly detailing the uncertainties and standard assumptions for ESA conclusions, EPA would 
greatly facilitate productive discussion regarding proposed mitigations with stakeholders and facilitate 
the opportunity to consider alternative mitigation that are agronomically feasible and accomplish 
protection goals. 
J/AM Assessment for Carbaryl Pilot Species 
In its report evaluating proposed mitigations in support of the carbaryl PID, EPA states: 
“The methods used to predict the likelihood of jeopardy and develop mitigations to 
address these predictions are broadly applicable to other listed species that are likely to 
be adversely affected by carbaryl use. The prediction of likelihood of jeopardy evaluation 
is, however, reliant on species-specific information including range/designated CH 
location, vulnerability and sensitivity to pesticides and other stressors, and life history 
which must be adapted to other species.”5 
TKI understands that EPA intends to develop and deploy mitigation measures that are standardized to as 
great a degree as possible, and TKI generally supports this concept.  In the best case, standardized 
mitigation measures benefit all stakeholders by reducing administrative burden, increasing predictability, 
and accelerating deployment of mitigations.  However, TKI strongly agrees with EPA’s statement above 
that the prediction of likelihood of jeopardy is reliant on species-specific information and as such, must 
be adapted when evaluating other species.  Any standardized mitigation measures must be determined 
to properly apply in specific circumstances and for the specific species in question.  It would not be 
consistent with EPA’s FIFRA authority or with the ESA for EPA to demand that a registrant implement a 
mitigation that was not scientifically justified for the chemical and species under consideration.  Mitigation 
options should be species-specific and must be informed by species natural history, relevant uses of the 
pesticide, applicable agronomic practices, and the agricultural landscape.  Depending on the extent of the 
species range, mitigation options that are regionally specific may also be necessary for the mitigations to 
 
4 Carbaryl Proposed Interim Registration Review Decision, Case Number 0080, pp. 28-29. 
5 Carbaryl: Draft Evaluation Supporting Proposed Mitigations Predicted to Avoid Jeopardy and Adverse Modification of 
Designated Critical Habitat and Reduce Take for Four Federally Listed Endangered and Threatened Species, p. 71. 

 
 
 
Page 6 of 23 
be relevant as well as protective.  TKI is concerned that generalized / generic mitigations may have an 
unnecessarily burdensome impact on individual users as well as on US agriculture more generally.  
Because the pilot report provides no population-level assessment supporting a J/AM determination, there 
is no clear rationale as to why the specific mitigations are warranted or proposed. 
Additionally, EPA states: 
“EPA will supplement the information it provided in the BE to the Services with the 
information in this memo as part of the ongoing formal consultation. The FWS and NMFS 
make the final determinations as to jeopardy to listed species and adverse modification 
to designated critical habitats.”6 
Avoidance and minimization measures beyond what appears on current labels should only be considered 
when a full assessment of population-level effects for a species has been completed. Particularly in cases 
where, as with carbaryl, a chemistry has been in use under the current labels for an extended period of 
time, it is difficult to see how appropriate mitigations could be identified without this review.  Any finding 
without full review must identify why current labels may not be adequately protective for a specific 
species and why allowing the Service(s) to complete their BiOp(s) prior to modifying label directions is 
required by the ESA. 
Use of the Biological Evaluation to Support J/AM Determinations 
The PID references the findings from the carbaryl Biological Evaluation (BE) and the use of these results 
in considering Jeopardy: 
“In the Biological Evaluation (BE) for carbaryl, EPA determined that current uses of 
carbaryl are likely to adversely affect (LAA) 1,640 species and 736 critical habitats (USEPA, 
2021). The LAA determination means that EPA reasonably expects that at least one 
individual animal or plant, among a variety of listed species, may be exposed to the 
pesticide at a sufficient level to have an adverse effect. An LAA determination, however, 
does not necessarily mean that a pesticide is likely to jeopardize a species or adversely 
modify designated critical habitats.” 7 
 The national-scale nature of the BE and the fact that it estimates potential of harm to an individual of a 
species and not to a species at a population level makes it of limited use when evaluating J/AM.  In many 
cases a detailed species-specific population-level assessment is required.  Predictions of potential J/AM 
should move beyond the estimation of simple theoretical maximal exposure potential, which is the basis 
of the BE, and should include an analysis that establishes a linkage between a particular use pattern and 
relevant population impacts in a manner similar to that which is being done in the pilots.  Ultimately, 
mitigations should only be considered after the full application of best available data and methods for 
each listed species. 
Use of Aquatic Exposure Modeling that Accurately Reflects Carbaryl Labels 
EPA’s updated November 2021 BE aquatic exposure modeling8 incorrectly modeled for many uses pre-
emergent applications that are not permitted by the product labels.  For example, the use that resulted 
in the highest EEC values in every hydrologic unit modeled had the majority of its applications modeled 
as pre-emergent.  This resulted in significantly increased and incorrect modeled runoff values that do not 
reflect actual use conditions since carbaryl is required in most cases to be used post-emergent only.  
Therefore, EECs derived from the modeled pre-emergent uses are overestimates that do not accurately 
 
6 Cover memorandum for Carbaryl: Draft Evaluation Supporting Proposed Mitigations Predicted to Avoid Jeopardy and Adverse 
Modification of Designated Critical Habitat and Reduce Take for Four Federally Listed Endangered and Threatened Species, p. 3. 
7 Carbaryl: Draft Evaluation Supporting Proposed Mitigations Predicted to Avoid Jeopardy and Adverse Modification of 
Designated Critical Habitat and Reduce Take for Four Federally Listed Endangered and Threatened Species, p. 5. 
8 US-EPA, 2021.  Updated Aquatic Modeling in Support of the Endangered Species Assessment Consultation for Carbaryl: 
December 1, 2021.  

 
 
 
Page 7 of 23 
represent the estimated environmental concentrations upon which both the necessity and type(s) of 
mitigation are based.  Updated modeling of the labeled uses is needed to represent the magnitude of 
exceedance and the potential need for (and potential effect of) mitigation. 
In February of 2021, TKI submitted updated aquatic exposure modeling addressing the pre-emergent 
applications as well as the restrictions / changes to the labels in the PID and the voluntary changes 
submitted by the ag-use registrants9.  Because it is unclear which modeling EPA used to determine 
mitigations for the PID pilot species assessments, TKI and the other ag-use registrants request that when 
evaluating the need for and developing mitigations, the Agency and Services use this updated modeling 
for their analyses. 
Best Available Data for J/AM Assessment 
TKI has provided the EPA with examples 10, 11, 12, 13 of species-specific, population-level approaches to 
assessing likelihood of J/AM as part of pilot species being evaluated by EPA for carbaryl.  This approach 
utilizes a weight-of-evidence analysis to evaluate the likelihood of uses resulting in J/AM for individual 
species. 
The cover memorandum to EPA’s “Carbaryl:  Draft Evaluation” document states: “EPA is working through 
several pilot chemicals and pilot listed species to help registrants, users, and other stakeholders better 
understand how the Agency identifies listed species likely in need of mitigation and how the proposed 
mitigation is expected to allow the Agency to predict that use of carbaryl would not likely jeopardize (J) 
listed species or adversely modify (AM) their designated CH.” 14 This  suggests that there is an ongoing 
effort to refine and improve the reliability and relevance of the carbaryl assessment and associated 
proposed mitigations.  To this end, TKI confirms its willingness to provide landscape-specific data and 
other information in support of this effort through the consultation process for carbaryl. 
Lack of Spatially Accurate Species Habitat Complicates Mitigation Implementation 
Regarding the need for mitigation, EPA states: 
“The approach EPA utilized to predict the likelihood of jeopardy involves 1) consideration 
of mitigations the registrant has committed to as described in Appendix B and C, 
respectively (referred to throughout this document as baseline mitigations); 2) 
consideration of the Services’ conclusions on the overall vulnerability of the species; 3) 
evaluation of the potential magnitude of direct and indirect effects of carbaryl by 
comparing estimated exposures to available toxicity data in the final BE; and 4) 
determination of the extent of overlap of the species range with potential carbaryl 
exposure areas (considering treated sites and areas receiving off site transport).”15 
 
9 TKI, 2022.  Summary of Updated Aquatic Ecological Modeling to Reflect Proposed Carbaryl Label Changes Submitted in 
Support of the ESA Consultation for Carbaryl. Study ID 2022-ENV-01.  [MRID 51902701] 
10 TKI, 2022.  Carbaryl Effects Assessment for the Squirrel Chimney Cave Shrimp (Palaemonetes cummingi) for Risk Management 
of Carbaryl Agricultural and Rangeland Uses (MRID 51902702) 
11 TKI, 2022.  Carbaryl Effects Assessment for the Miami Tiger Beetle (Cicindelidia floridana) for Risk Management of Carbaryl 
Agricultural and Rangeland Uses (MRID 51902703) 
12 TKI, 2022.  Carbaryl Effects Assessment for the Wireweed (Polygonella basiramia) for Risk Management of Carbaryl 
Agricultural and Rangeland Uses (MRID 51902704) 
13 TKI 2022.  Carbaryl Effects Assessment for the Upper Columbia River Steelhead (Oncorhynchus mykiss) – Wenatchee Major 
Population Group for Risk Management of Carbaryl Agricultural and Rangeland Uses (MRID 51902705) 
14 Cover Memorandum to EPA’s Carbaryl: Draft Evaluation Supporting Proposed Mitigations Predicted to Avoid Jeopardy and 
Adverse Modification of Designated Critical Habitat and Reduce Take for Four Federally Listed Endangered and Threatened 
Species, at 2. 
15 Carbaryl: Draft Evaluation Supporting Proposed Mitigations Predicted to Avoid Jeopardy and Adverse Modification of 
Designated Critical Habitat and Reduce Take for Four Federally Listed Endangered and Threatened Species, p. 6 (emphasis in 
original). 

 
 
 
Page 8 of 23 
In order to generate a relevant, predictable, and reliable representation of risk that justifies early 
mitigation, and that also indicates what, if any, mitigation measures might be appropriate, EPA must 
understand and apply information regarding regional and landscape-relevant product use, species natural 
history, and spatial relationships between likely habitat areas and potential product use sites.  In 
particular, the use of potentially suitable habitat to refine species ranges (based on spatially informed 
habitat characteristics) can greatly inform the likelihood of potential species locations and their 
vulnerability relevant to use sites.  This refinement offers a significant opportunity for targeted mitigations 
to be developed.  Without such refinement it will not be possible to identify specific locations that require 
protection and to develop justifiable, practical, and implementable mitigations that can be represented 
in Bulletins Live! Two. 
It is generally accepted that large portions of many defined ranges include areas within which species are 
unlikely to occur (e.g., waterbodies for land-dwelling species, urbanized areas for many species, 
elevation/climate restrictions, etc.) and because of this, further refinement to specific areas requiring 
protection within ranges is necessary.  As previously stated, TKI supports the use of information about 
potentially suitable habitat in addition to local information on species distribution to determine where 
listed species are most likely to occur and to inform specific mitigations in those areas.  A detailed analysis 
for suitable habitat within both range and critical habitat is often necessary for species, dependent on the 
reliability and relevance of areas defined as range or critical habitat. 
Carbaryl Historical Record Supports the Effectiveness of Existing Label Mitigations 
As expected for insecticides, carbaryl shows activity towards invertebrates.  However, there is a range of 
efficacy, and thus sensitivities, across invertebrate species.  As such, the consideration for “indirect 
effects” to listed species supporting constituents (e.g., prey, pollination, habitat, and dispersal functions) 
requires consideration for how this spectrum of efficacy might relate to invertebrate community-level 
effects at the magnitude that may result in listed species population level impacts or measurable impacts 
to a species critical habitat.  Carbaryl has a long history of safe use and the labels include numerous 
mitigations to reduce offsite transport and exposure to non-target species.  These mitigations support the 
safe use of carbaryl products to all non-target species, including listed species.   
Importance of Species-Specific, Geographically Limited Mitigations 
TKI supports the concept of species-specific, geographically limited mitigations as discussed in the pilot 
where EPA states that “[t]hese species-specific, geographically limited mitigations are expected to be 
uploaded to Bulletins Live! Two.”16  EPA further states:   
“To the extent that EPA conducts analysis to predict the likelihood of J/AM for all LAA 
species (as identified in the final BE), EPA plans to use the evaluation method discussed 
in this memo.”17 
This level of detail as well as stakeholder engagement is essential in informing product stewardship and 
species protections.  The more EPA relies upon a narrative explanation that is subject to interpretation, 
the less appropriate and effective the associated mitigation will be. 
Uncertainty Regarding the Role of PID Species Pilot Mitigations in Proposed Label Changes 
Based on the information provided in the PID, it is unclear whether EPA accounted for the reductions in 
EECs that would result from the label changes proposed in the PID as well as the ag-use registrants.  TKI 
believes that for the proposed mitigations to be relevant and appropriate, they must be account for the 
significant reductions in carbaryl exposure to the environment that will result from the proposed 
 
16 Carbaryl Proposed Interim Registration Review Decision, Case Number 0080, p. 72. 
17 Carbaryl Proposed Interim Registration Review Decision, Case Number 0080, p. 73. 

 
 
 
Page 9 of 23 
mitigations.  TKI has submitted updated aquatic modeling 18 that reflects the implementation of the 
proposed mitigations and urges their use in the ESA assessment and the development of proposed 
mitigations resulting from the assessment. 
Comments on EPA’s Analysis for the Miami Tiger Beetle 
TKI agrees with EPA that the Miami Tiger Beetle (MTB) does not need additional mitigations beyond those 
already included as “baseline” in the assessment.19  EPA indicates that the assessment for the MTB (and 
the other pilot species) considered both existing label mitigations and voluntary mitigations proposed by 
TKI and the other ag-use registrants (PID Appendices B and C).  These voluntary and proactive mitigations 
are intended to have a profound impact on exposure and risk potential for all non-target organisms, 
included listed species and their supporting habitat. These mitigations should also have a meaningful and 
measurable impact on the J/AM analysis, overall conclusions, and consideration of the need for additional 
species-specific mitigations.  TKI supports species-specific localized mitigations when the likelihood of risk 
to populations from registered uses has been established.   
TKI fully supports the species-specific assessment conducted for the MTB that utilizes a landscape scale 
analysis which adequately connects the risk assessment with localized as well as use-specific risk 
management.  EPA’s analysis for the MTB accounts for the geographically specific nature of the product 
uses as well as the listed species’ unique attributes, and acknowledges the need to assess the relationship 
between these factors to inform mitigation strategies.  Specifically, EPA utilized species habitat 
requirements and known species locations to better identify habitats that are most important to the 
species in the evaluation of potential risk along with a localized management plan that already exists for 
the MTB.  The use of detailed habitat requirements and locations allowed for a better accounting of 
potential interactions with carbaryl.  EPA also considered wind direction and the likelihood of intercept 
by physical structures which helped to evaluate potential exposures more accurately from spray drift.  
TKI also supports EPAs use of product usage (i.e., pounds applied) to support the MTB assessment, as it 
represents a significant line of evidence regarding exposure potential.  TKI also supports EPA’s approach 
to characterize exposure potential for each use (i.e., UDL) individually, as it provides valuable information 
regarding which uses are most likely to contribute to exposure and is helpful when evaluating the need 
for use-specific mitigations.  
Overall, the evaluation of the MTB progresses from what “could occur” if individuals were to be exposed 
to the “likelihood” of exposures and effects using species and product use information.  This advances the 
assessment beyond simple screening-level models and effects data to a practical weight of evidence 
approach that considers multiple lines of evidence.  The assessment also demonstrates the importance of 
updated species range and critical habitat information as the MTB range was recently updated by the 
USFWS, providing significantly more accurate representations of those parameters. 
 
 
 
18 TKI, 2022.  Summary of Updated Aquatic Ecological Modeling to Reflect Proposed Carbaryl Label Changes Submitted in 
Support of the ESA Consultation for Carbaryl. Study ID 2022-ENV-01.  [MRID 51902701] 
19 See Carbaryl Draft Evaluation document at 6, referring to “mitigations the registrant has committed to as described in 
Appendix B and C” thereof as “baseline mitigations.” 

 
 
 
Page 10 of 23 
Comments on the Proposed Mitigations for the Wireweed 
For wireweed, EPA is proposing additional species-specific mitigations beyond the “baseline” EPA 
proposed label changes and voluntary mitigations proposed by the ag-use registrants.   
• 
No-spray buffers for applications of up to 200 feet between citrus orchards and the scrub habitat 
where the species is likely to be found.  This is based on overlap (39-44%) between citrus use sites 
and biologically relevant (based on lowest terrestrial invertebrate effects endpoints) deposition 
distances. 
• 
Limiting applications when bees are actively foraging and when crops or weeds within application 
sites are in bloom, intended to reduce exposure to wireweed pollinators on-field.   
Even with this proposed mitigation, EPA states that it would still conclude Jeopardy for the species.  
Therefore, an additional mitigation on citrus is proposed to avoid Jeopardy to wireweed as follows: 
In Polk county and Highland county, Florida, no-spray buffers are required between scrub 
habitat and citrus orchards if wind is blowing toward scrub habitat when applying 
carbaryl. The size of the wind-directional no-spray buffer is based on application rate as 
follows: 
1)  <1.0 lbs ai/A – do not apply within 50 feet of scrub habitat; 
2)  1.0-2.0 lbs ai/A – do not apply within 100 feet of scrub habitat; or, 
3)  >2.0 lbs ai/A – do not apply within 200 feet of scrub habitat. 
Wind directional buffers can be maintained at half the distance required above when windbreaks 
(e.g., trees or riparian hedgerows) between the application site and scrub habitat are present.  The 
windbreak would need to have a row of broad-leaved trees the full length of the treated crop with 
leaves visible over the entire length, with no significant gaps.  The height of the trees or windbreak 
would need to be at a height greater than the crop to be sprayed. 
TKI does not believe that a likelihood of Jeopardy to the wireweed is clearly established after the 
application of EPA-proposed label changes and the label changes voluntarily proposed by the ag-use 
registrants.  As such, TKI believes that the proposed EPA and registrant label changes are adequate 
without additional species-specific mitigations.  Additionally, as this pilot species and the species-specific 
mitigations focus on lines of evidence related to the wireweed, TKI does not believe that mitigations 
should be expanded to other species without a detailed endangered species assessment.   
EPA states that mitigations specific to the timing of wireweed bloom and reported elevation restrictions 
were considered in this pilot and that EPA opted for broader mitigations that would confer protections to 
other listed plant species with similar reliance on insect pollinators that co-occur in scrub habitat on the 
Lake Wales, Bombing Range, and Winter Haven ridges.  TKI provided EPA with a detailed analysis of 
potentially suitable habitat, as well as an analysis examining proximity between these areas and citrus 
UDLs (Figure 1 and Figure 2).  This analysis indicates that there is a very limited area (approximately 1,000 
acres) of overlap between citrus area (and potential offsite transport) and potentially suitable habitat sites 
when the low citrus PCT is applied (Table 1).   
TKI supports species-specific localized mitigations when the likelihood of risk to populations from 
registered uses has been established.  As EPA states in the PID, the wireweed is a dicot plant and TKI 
agrees that all agriculture use rates are below the dicot effects level.  Additionally, TKI agrees that direct 
effects to wireweed are not anticipated for any of the currently registered uses of carbaryl.  Because dicot 
plants have been shown to be insensitive to carbaryl at and above labeled rates, the evaluation then 
focuses on the likelihood of community impacts to pollinators. 
TKI agrees that wireweed’s reproductive strategy is not entirely reliant on insect pollinators and the 
species is a prolific seeder.  This line of evidence should have a significant impact on the Jeopardy 
conclusions and the need for additional mitigations, as a Jeopardy conclusion implies carbaryl use will 

 
 
 
Page 11 of 23 
impact pollinator communities to the level that wireweed populations will be impacted.  TKI agrees that 
wireweed has several known pollinators, indicating that this species has no obligate relationships or 
reliance on any one pollinator group.  Given this diversity, impacts to pollinator communities utilized by 
the wireweed are less likely.  
It is not clear to TKI that a likelihood of Jeopardy due to impacts to pollinators has been established.  TKI 
does not agree with EPA’s assumption that 100% mortality of exposed terrestrial invertebrate individuals 
would result from application of carbaryl.  Terrestrial invertebrate sensitivity to carbaryl is wide ranging 
as indicated in the EPA’s Biological Evaluation of carbaryl.  Mortality data, based on endpoints expressed 
as mg/kg-bw, are available for 9 orders (i.e., Coleoptera, Dictyoptera, Diptera, Hemiptera, Heteroptera, 
Hymenoptera, Lepidoptera, Neuroptera, and Orthoptera), represented by 45 families, 68 genera, and 71 
species.  Based on this large volume of available data, carbaryl is associated with mortality of terrestrial 
invertebrates at concentrations ranging from 0.11 to >10,000 mg/kg-bw.  Terrestrial invertebrate 
mortality ranges from 0.0045 to ~18 lb/acre for studies conducted using lb/acre exposure units.  The data 
also demonstrate a range of sublethal impacts that may be associated with mortality from 0.0045 to >200 
lb/acre.  This indicates that there is a broad range of sensitivity to carbaryl and pollinators will likely appear 
across this range.  The PID assessment for wireweed focuses on the most sensitive terrestrial invertebrate 
endpoints; however, the entire range of sensitivities should be considered to evaluate possible pollinator 
community impacts that may translate to impacts to wireweed populations.  In addition, offsite transport 
effective distances are based on the most sensitive species, not the range of species, thus also 
overestimating effects potential.  This should be revised to consider the range of sensitivities. 
EPA also indicates that the wireweed is not expected to occur on agricultural use sites; however, the 
pollinator exposure analysis assumed wireweed pollinators will occur on agricultural use sites.  Due to 
standard agronomic practices, it is less likely that use sites would be attractive to pollinators when 
compared to many natural locations, and it is also unlikely that the majority of wireweed supporting 
pollinators would occur in these agricultural use areas.   
TKI supports EPA’s approach of emphasizing areas within the species range in which habitat or known 
populations of wireweed are more likely to occur.  TKI agrees that the wireweed distribution is restricted 
to a much smaller area within its delineated range and that evaluation of potential spatial overlap with 
known species locations is appropriate.  As stated in the pilot, the species is known to be endemic to Lake 
Wales, Winter Haven, and Bombing Range ridges in Polk and Highland counties with the majority (84%) 
of populations on the Lake Wales Ridge.  As indicated by EPA, most of these occurrences are within 
protected areas.   This is a significant line of evidence indicating unlikely exposure and risk potential to the 
species and pollinators in the vicinity of wireweed populations.   
TKI also supports EPA’s use of Percent Crop Treated (PCT) as a significant line of evidence in the 
assessment of potential exposure to listed species with its consideration of maximum PCT (i.e., that 
carbaryl is applied to all use sites) and average PCT (i.e., that carbaryl is applied on use sites consistent 
with state-level usage data) estimates.  TKI also agrees with EPA’s approach to evaluate each use site (i.e., 
UDL) in a manner that allows overlap and potential exposure between each of these areas to be evaluated.  
This is significantly more informative than a universal conclusion across all use patterns, and permits risk 
characterizations and potential mitigations to be identified for specific uses and locations.  Lastly, TKI 
agrees with EPA’s opinion that off-site transport (overlap) is likely overestimated as the analysis assumes 
drift occurs in all directions rather than the direction of the wind, and that there are no obstructions to 
impede drift deposition between use sites and sensitive areas. 

 
 
 
Page 12 of 23 
As this pilot species and the species-specific mitigations focus on lines of evidence related to the 
wireweed, TKI does not believe that mitigations should be expanded to other species without a detailed 
assessment.  The unique requirements of species and potential relationships with use sites require specific 
analysis.  Further, TKI does not believe that Jeopardy to the wireweed is clearly established after the 
application of EPA-proposed label changes and the label changes voluntarily proposed by the ag-use 
registrants.  As such, TKI believe that the proposed EPA and registrant label changes are adequate for 
reducing risk to wireweed without additional species-specific mitigations. 
Wireweed Summary: 
• 
TKI supports proactive and voluntary mitigations when their value and impact to the risk 
analysis are clear and meaningful. 
• 
For wireweed, both TKI and EPA have proposed label changes that are intended to significantly 
reduce risk to listed and non-listed species.   
• 
EPA has proposed additional wireweed-specific restrictions to applications as well as a citrus 
buffer up to 200 ft. from scrub habitat.  TKI sees no evidence that wireweed populations will be 
impacted by labeled carbaryl uses adversely affecting pollinators. 
• 
EPA added additional generic scrub habitat buffers based on the possible presence of multiple 
listed species.  TKI believes that these assessments should be specific to listed species being 
evaluated based on differing natural history, potential routes of exposure and likelihood of risk. 
• 
TKI believes that proposed label language in addition to what TKI and EPA have already 
proposed for carbaryl labels is not warranted. 
• 
TKI does support EPA’s use of landscape-scale product and species-specific lines of evidence that 
increase the relevance and reliability of assessments for listed species. 
TABLE 1. OVERLAP STATISTICS FOR CITRUS UDL AND POTENTIALLY SUITABLE HABITAT WITH PCT APPLIED 
UDL 
PCT 
Onsite UDL 
Overlap 
Area (Acres) 
Onsite UDL 
Overlap 
(Percent) 
Offsite 
Transport 
Overlap 
Area 
(Acres)1 
Offsite 
Transport 
(Overlap 
Percent)1 
Total 
Overlap 
Area 
(Acres) 
Total 
Overlap 
(Percent) 
Overlap Statistics at Time Zero for Ground Applications and Potential Suitable Habitat Area (Time Zero) 
Citrus 
11.4% 
363 
3% 
644 
5% 
1,007 
8% 
1Offsite transport area excluding UDL area 
 
 
 

 
 
 
Page 13 of 23 
FIGURE 1. REFINED WIREWEED POTENTIALLY SUITABLE HABITAT (SCRUB AND ELEVATION ABOVE 40 M) WITHIN RANGE AREA. 
 
 

 
 
 
Page 14 of 23 
FIGURE 2. SPATIAL RELATIONSHIP BETWEEN CARBARYL AGRICULTURAL UDLS (EXCLUDING RANGELAND) AND WIREWEED POTENTIALLY 
SUITABLE HABITAT. 
 
 
 
 

 
 
 
Page 15 of 23 
Comments on EPA’s Analysis for the Squirrel Chimney Cave Shrimp (SCCS) 
TKI agrees with EPA that the SCCS does not need additional mitigations beyond those already included as 
“baseline” in the assessment.  EPA indicated that the assessment for the SCCS considered both existing 
label mitigations and proposed voluntary mitigations (PID Appendix C) proposed by the ag-use registrants.  
TKI reiterates that these new voluntary and proactive mitigations are intended to have a profound impact 
on exposure and risk potential for all non-target organisms, including listed species and their supporting 
habitat.  These mitigations should also have a meaningful and measurable impact on the J/AM analysis, 
overall conclusions, and the need for additional species-specific mitigations. 
The EPA’s BE concluded that there was weak evidence that carbaryl uses are likely to adversely affect the 
species.  Regardless, TKI supports EPA’s consideration of multiple lines of evidence including product use 
information, consideration of dilution and mixing dynamics in water systems, water degradation based 
on carbaryl hydrolysis half-life, and the fact that edge-of-field (Bin 2) EECs likely overpredict exposure 
estimates in a cave system.  Edge-of-field exposure predictions should always be qualified to state that 
they are not representative of most aquatic systems. 
TKI supports EPAs consideration of product usage (i.e., pounds applied) to support the SCCS assessment 
as it represents a significant line of evidence with regard to exposure potential.  TKI also supports EPA’s 
approach to characterize exposure potential for each use (i.e., UDL) as it provides context regarding uses 
most likely to contribute to exposure and to evaluate the need for use specific mitigations. 
Lastly, additional mitigation beyond the baseline mitigations is not needed for SCCS. Overall, the 
evaluation of the SCCS progresses from what “could occur” if individuals were to be exposed, to the 
“likelihood” of exposures and effects using species and product use information.  This advances the 
assessment beyond simple screening level models and effects data to a practical weight of evidence 
approach that considers multiple lines of evidence.  The assessment also demonstrates the importance of 
updated species range and critical habitat information as the SCCS range was recently updated by the 
USFWS, providing a more accurate representation of those areas. 
 
 

 
 
 
Page 16 of 23 
Comments on the Proposed Mitigations for the Upper Columbia River Steelhead (UCRST) 
In the pilot for the UCRST20, EPA states that “carbaryl use with the baseline mitigations would lead to a 
likelihood of jeopardy for the UCRST.”  EPA also states that “based on the uncertainties in the use patterns 
represented by the Other Crops UDL and the fact that it is not expected that every acre of the UDL is to 
be treated with carbaryl, exposure within this UDL is considered unlikely to result in adverse modification 
of the CH”.  The UCRST assessment conducted by EPA is very broad and does not adequately characterize 
spatial and temporal exposure and risk potential for the species.  The large geographic area of the species 
requires a landscape scale analysis to identify specific areas where exposure potential may rise to the level 
of Jeopardy to the UCRST population, or that its habitat will be adversely modified.   
For salmonids in general, the current PID assessment does not appear to account for the significant use 
changes proposed by registrants and by EPA, and the assessment includes highly generalized conclusions 
that may result in mitigations that are not justified based on best available science, which should include 
modern landscape scale analyses. TKI has provided a landscape-scale assessment (MRID 51902705) to 
EPA and NMFS using the UCRST to demonstrate the application of a species-specific, spatially explicit 
approach.  This approach considers the potential for direct effects to the species as well as impacts to its 
habitat and prey base using standard EPA modeling and effects data from the EPA carbaryl BE.  Relevant 
information such as proximity between uses sites and habitat were applied to refine the BE exposure 
values based on distance-based drift deposition (via AgDRIFT®) and distance-based threshold for 
runoff/erosion loadings. In addition, the proportional presence and contribution of use sites near 
salmonid bearing waters (i.e., Percent Crop Area, PCA) was applied in a transparent and locationally 
relevant manner, consistent with the use of PCA in EPA drinking water assessments21.  The TKI approach 
(named Pesticide in Water Calculator Plus or PWC+) applies this information at an individual catchment 
scale to identify  areas where exposure may occur at relevant environmental concentrations.  Individual 
catchments are defined by the USEPA NHDPlus dataset 22 and number over 2.2 million containing 
agriculture nationally, with a median size of 650 hectares (2.5 mi2).  These catchments represent very 
localized agricultural areas that are suitable for risk characterization and application of local mitigations 
as needed. 
TKI is willing to consider mitigations where specific locations are identified in order to protect this and 
other listed species.  TKI’s PWC+ analysis for UCRST examined all catchments intersecting the species 
Critical Habitat (n=1,596, Figure 3) and identified specific catchments where mitigation may be warranted 
based on the analysis set forth briefly below.  It should be noted that exposure concentrations, while 
applying spatial landscape factors, still represent the 1-in-15 year of annual maxima EECs (as in the BE) to 
consider the range of impacts from fish to prey and habitat.  The analysis clearly indicates that direct 
effects to the UCRST, and fish as food items, are not expected.  Additionally, the analysis shows that effects 
to much of the UCRST prey and habitat are also not anticipated.  The assessment then focuses on 
catchments where agricultural contributions may have potential exposure to the level of impact to aquatic 
invertebrate communities.  The identified catchments are few and infrequent as illustrated in Table 2 and 
Figure 4. 
 
 
20 US-EPA, 2022.  Carbaryl: Draft Evaluation Supporting Proposed Mitigations Predicted to Avoid Jeopardy and 
Adverse Modification of Designated Critical Habitat and Reduce Take for Four Federally Listed Endangered and 
Threatened Species. 
21 US-EPA - Office of Pesticide Programs, 2019. Integrating a Distributional Approach to Using Percent Crop Area 
(PCA) and Percent Crop Treated (PCT) into Drinking Water Assessment. 
22 U.S. Environmental Protection Agency and U.S. Geological Survey, 2014.  NHDPlus (National Hydrography 
Dataset Plus) (NHDPlus Edition 2.0.) 

 
 
 
Page 17 of 23 
 
FIGURE 3. UCRS CRITICAL HABITAT (RED LINES) AND 1,596 ASSOCIATED CATCHMENTS. 
 
 
 
 

 
 
 
Page 18 of 23 
TABLE 2. NUMBER OF CATCHMENTS, PERCENTAGE OF CATCHMENTS AND PERCENTAGE OF CRITICAL HABITAT LENGTH EXCEEDING EFFECTS 
THRESHOLDS USING ‘1-IN-15 YEAR’, WATER COLUMN, 1-DAY EECS AFTER APPLICATION OF EACH LANDSCAPE REFINEMENT.  
Taxa 
Exposure 
Type 
Indicator 
Threshold 
(µg/L) 
Stream 
Order 
100% 
cropped / 
proximate 
Proximity 
Applied 
PCA 
Applied 
PCT 
Applied 
Fish 
(Direct) 
Acute 
Acute 
mortality 
potential 
HC05 
(1055 
µg/L) 
1  
(edge of 
field) 
21 
7 
- 
- 
15.6% 
5.2% 
- 
- 
0.3% 
<0.1% 
- 
- 
2+  
(flowing 
water) 
- 
- 
- 
- 
- 
- 
- 
- 
- 
- 
- 
- 
Chronic 
Survival, 
growth, and 
reproductive 
effects 
LOAEC 
(680 
µg/L) 
1  
(edge of 
field) 
33 
7 
- 
- 
24.4% 
5.2% 
- 
- 
0.8% 
<0.1% 
- 
- 
2+  
(flowing 
water) 
- 
- 
- 
- 
- 
- 
- 
- 
- 
- 
- 
- 
NOAEC 
(210 
µg/L) 
1  
(edge of 
field) 
44 
9 
1 
- 
32.6% 
6.7% 
0.7% 
- 
1.3% 
<0.1% 
<0.1% 
- 
2+  
(flowing 
water) 
- 
- 
- 
- 
- 
- 
- 
- 
- 
- 
- 
- 
Inverts 
(Indirect) 
Acute 
(non-
mollusk) 
Potential 
reductions 
in prey 
abundance 
HC20 (17.1 
µg/L) 
1  
(edge of 
field) 
44 
13 
10 
8 
32.6% 
9.6% 
7.4% 
5.9% 
1.3% 
<0.1% 
<0.1% 
<0.1% 
2+  
(flowing 
water) 
655 
64 
- 
- 
44.9% 
4.3% 
- 
- 
61.2% 
5.0% 
- 
- 
 
Figure 4 spatially presents the 10 catchments that exceed the ‘1-in-15 year’ aquatic invertebrate HC20 
threshold when proximity and PCA are incorporated.  This indicates that the catchments comprise a 
relatively small extent of the overall critical habitat (7.4% of all critical habitat catchments, and <0.01% of 
total critical habitat river length).  The map shows that the majority of the river systems that comprise the 
critical habitat fall below the threshold, and the focused clusters of catchments that do exceed the 
threshold suggest that targeted, localized avoidance (as opposed to general, widespread mitigations) 
could provide significant benefits when addressing potential incidental take. 
 

 
 
 
Page 19 of 23 
 
FIGURE 4.  SPATIAL DISTRIBUTION OF PWC+ RESULTS AFTER THE APPLICATION OF PROXIMITY AND PCA USING ‘1-IN-15 YEAR’, WATER 
COLUMN, 1-DAY EECS COMPARED TO ACUTE INVERTEBRATE HC20 EFFECT THRESHOLD OF 17.1 µG/L. BLUE CIRCLES DENOTE CATCHMENTS 
WITH EECS >17.1 µG/L THAT CANNOT BE SEEN DIRECTLY DUE TO THE SCALE OF THE MAP. 
Table 3 presents statistics for each of the ten catchments that exceed the aquatic invertebrate HC20 
threshold after the application of proximity and PCA, but still conservatively assumes 100% of the UDL in 
the range is treated with carbaryl.  All ten catchments represent first order streams that were modeled 
using the edge-of-field concentration (i.e., bin 2) as a surrogate scenario.  The table shows the catchment 
EECs for the ‘1-in-15 year’ as well as the percent of modeled days the EECs exceeded the threshold value 
and the amount of the overall critical habitat that the catchment represents.   
Joint evaluation of the EECs, frequency of exceedance, and amount of overall critical habitat represented 
provides a useful context of magnitude and duration of potential exposures in these catchments.  It also 
can help in determining which catchments might warrant implementation of avoidance to minimize 
potential incidental take. 
 

 
 
 
Page 20 of 23 
TABLE 3. FREQUENCY OF DAYS IN 30-YEAR PWC+ DISTRIBUTION REACHING OR EXCEEDING THE AQUATIC INVERTEBRATE HC20 USING 
WATER COLUMN, 1-DAY EECS FOR PWC+ AFTER THE APPLICATION OF PROXIMITY AND PCA, WITH 100% PCT. 
Catchment 
ID 
‘1-in-15 
year’ EEC 
(µg/L) 
% of Modeled 
Days* 
Exceeding HC20 
Critical 
Habitat 
Length (m) 
% of Total 
Critical Habitat 
Length 
947020083 
283 
19.5% 
100 
<0.01% 
23083518 
209 
18.7% 
5 
<0.01% 
23210398 
119 
14.8% 
13 
<0.01% 
24416568 
63.1 
10.2% 
160 
0.01% 
23210408 
58.4 
9.9% 
83 
<0.01% 
24416562 
54.8 
9.9% 
391 
0.02% 
23083504 
53.6 
9.6% 
36 
<0.01% 
23210430 
41.5 
8.2% 
59 
<0.01% 
23210420 
29.3 
4.1% 
97 
<0.01% 
23210426 
22.9 
1.9% 
18 
<0.01% 
*  Days with edge of field runoff (i.e., “modeled” days) occurred between 196 and 597 
days out of the 10,957 days (i.e., 30 years) in HUC17b depending on the representative 
scenario for each UDL.  An average value of 364 was used to calculate % of days. 
The catchment scale results presented above are based on EECs representing the 1-in-15 year occurrence 
within the 30 annual maximal values.  This represents a highly protective temporal endpoint, as these 
exposure values occur very infrequently in the landscape (only once in 15 years).  The landscape-scale 
assessment approach (as described in submitted reports to the EPA for the UCRST) can be applied equally 
well to other temporal endpoints, such as the median of 30 annual maxima EECs, all 30 of the annual 
maxima EECs, or a selected percentile of the daily EECs (e.g., 95th percentile).  Temporally relevant 
exposure concentrations are an important consideration regarding the likelihood of exposures and the 
frequency, magnitude, and duration of those exposures with regard to the assessment of population-level 
impacts. 
To supplement this landscape scale analysis, TKI considered relevant water monitoring data as an 
additional line of evidence for the UCRST.  TKI acquired Washington State Department of Agriculture 
water-quality data sourced from the EIM database (Environmental Information Management23) for 2007 
through 2020, and these data were filtered for carbaryl and cross-referenced to locations within the 
UCRST range.  These data are specifically targeted for monitoring in agricultural settings and represent 
the best available agriculturally oriented surface water monitoring in WA.  
There were six monitoring locations within the UCRST Wenatchee MPG range, and Table 4 shows that only 
1.3% (18) of all carbaryl samples were detects, with values above the Minimum Reporting Level (MRL) 
ranging from 0.01 µg/L to 0.38 µg/L.  These values are far below any relevant carbaryl direct and indirect 
effects thresholds as they relate to J/AM for the UCRST.  A similar review of national monitoring data is 
presented in the following section relevant to all salmonid species (Comments on the Proposed 
Mitigations to Implement NMFS 2009 Salmonid BiOp). 
 
 
 
23 https://ecology.wa.gov/Research-Data/Data-resources/Environmental-Information-Management-database  

 
 
 
Page 21 of 23 
TABLE 4. SUMMARY OF CARBARYL DATA AND LOCATIONS WITHIN UCRST WENATCHEE MPG RANGE FROM WSDA’S EIM DATABASE 
(2007-2020) 
Location_Name 
UCRST Pop 
Group  
Location 
ID 
Number 
of 
Samples 
Number 
of Non-
Detects 
Number 
of J 
Flagged 
Data* 
Number 
of 
Detects 
% 
Detects 
Range of 
Detected 
Values 
(µg/L) 
Brender Creek 1 
Wenatchee 
BR-1 
364 
335 
13 
16 
4.4% 
0.01-0.38 
Mission Creek 1 
Wenatchee 
MI-1 
261 
200 
61 
0 
0.0% 
NA 
Mission Creek 3 
Wenatchee 
MI-3 
12 
11 
1 
0 
0.0% 
NA 
Peshastin Creek 1 
Wenatchee 
PE-1 
259 
203 
55 
1 
0.4% 
0.019 
Stemilt Creek 1 
Wenatchee 
SC-1 
115 
109 
5 
1 
0.9% 
0.082 
Wenatchee River 1 
Wenatchee 
WE-1 
205 
152 
53 
0 
0.0% 
NA 
Entiat River 1 
Entiat 
EN-1 
175 
117 
58 
0 
0.0% 
NA 
Total 
  
  
1391 
1127 
246 
18 
1.3% 
  
Specifically, for the UCRST, EPA concludes no adverse modification to critical habitat.  Additionally, EPA 
identified only two use patterns (Other Crops and Other Orchards) that are contributing to Jeopardy to 
the species.  The PWC+ approach that TKI submitted in support of this assessment utilized best available 
data to determine which locations could benefit from mitigations beyond the baseline mitigations.  TKI 
also believes this approach should be applied to all salmonids, as it represents a reasonable and 
conservative application of the best available commercial and scientific data, which EPA (and the Services) 
are required to use in their analysis.  Requiring mitigations that are not necessary in view of the best 
available data is unsupportable under either FIFRA or the ESA. 
 
Upper Columbia River Steelhead Summary: 
• 
TKI supports proactive and voluntary mitigations when their value and impact to the risk analysis 
is clear and meaningful. 
• 
EPA’s approach for the UCRST utilizes several important lines of evidence such including the 
amount of product applied and describes spatial relationships to two use patterns for which 
localized mitigations may be considered.  However, generalized mitigations were ultimately 
proposed. 
• 
The best available data should be applied at a landscape scale to identify areas where exposure 
and risk to the species are likely to occur.  Methods to do so have been submitted24,25 and are 
applicable for use across all salmonid species. 
• 
As there is no clear indication of population level effects to UCRST based on carbaryl-relevant use 
patterns, the label mitigations already proposed by EPA and TKI are adequate to protect the 
UCRST without additional species-specific mitigations. 
 
 
 
 
24 Carbaryl Effects Assessment for the Upper Columbia River Steelhead (Oncorhynchus mykiss) – Wenatchee Major Population 
Group for Risk Management of Carbaryl Agricultural and Rangeland Uses [MRID 51902705] 
25 GESTF 2022.  Landscape-Level Refinements for Aquatic Exposure Estimation in Endangered Species Effects Assessments: PWC+ 
Methods Documentation. Study ID GESTF-2022-03, [MRID  51902803] 

 
 
 
Page 22 of 23 
Monitoring Conclusions Inconsistent with Monitoring Data 
In the pilot for the Upper Columbia River Steelhead Trout (UCRST), EPA stated that “The NMFS has 
identified pesticides are a potential concern for the UCRST and carbaryl is frequently detected in water 
monitoring samples and associated with one known fish kill incident in New Jersey.”  TKI examined national 
monitoring data from 2007 to 2021 available from EPA’s Water Quality Portal related to carbaryl 
concentrations in surface-water samples (Table 5).  The query included all sample fractions (dissolved, 
recoverable, extractable, and total), all results (accepted, preliminary, final, and historical), and actual and 
estimated values for carbaryl.  Over the 14 years examined, over 46,000 samples were recorded in the 
database. 
The overall non-detection rate for carbaryl was 90%, which does not support the NMFS assertion that 
“…carbaryl is frequently detected in water monitoring samples”.  Additionally, of the 10% of samples 
where carbaryl was detected, a maximum value of 14.1 µg/L (which was for extractable, not dissolved, 
carbaryl) was reported in 2016.  The next highest annual maximum values were 8.96 µg/L (2009), 6.69 
µg/L (2007), and 2.18 µg/L (2014).  Only seven of the 14 years examined had a maximum annual detection 
>1 µg/L, and only three years had a maximum annual detection >5 µg/L.  All detections over the 14 years 
were below relevant carbaryl effects thresholds for salmonids including the HC20 (17.1 µg/L) for aquatic 
invertebrates.  These results, based on over 46,000 samples tested for carbaryl, demonstrate that the 
likelihood of concentrations exceeding relevant effects thresholds are very limited. 
 
TABLE 5. SUMMARY OF NATIONAL SURFACE-WATER MONITORING DATA FOR CARBARYL FROM EPA’S WATER QUALITY PORTAL 
Year 
# 
Samples 
# 
Detects 
% 
Detects 
Range of  
Detected Values 
(µg/L) 
Range of LOD 
(µg/L) 
for Detects 
Number of  
Non-Detects 
2007 
2748 
474 
17.25% 
0.003 - 6.69 
0.02-1 
2274 
2008 
2296 
333 
14.50% 
0.004 - 3.13 
0.0023 - 5.2 
1963 
2009 
2567 
388 
15.11% 
0.002 - 8.96 
0.0025 - 1 
2179 
2010 
3088 
329 
10.65% 
0.003 - 0.755 
0.0048 - 0.38 
2759 
2011 
2774 
367 
13.23% 
0.002 - 0.452 
0.0047 - 0.16 
2407 
2012 
3600 
325 
9.03% 
0.00077 - 2.06 
0.00461 - 0.06 
3275 
2013 
5287 
325 
6.15% 
0.00038 - 0.724 
0.0045 - 0.06 
4962 
2014 
4315 
461 
10.68% 
0.00053 - 2.18 
0.00527 - 0.1 
3854 
2015 
4056 
248 
6.11% 
0.00089 - 1.44 
 0.005 - 0.06 
3808 
2016 
3881 
318 
8.19% 
0.005 - 14.1 
0.005 - 0.278 
3563 
2017 
3489 
229 
6.56% 
0.00119 - 0.683 
0.00535 - 0.06 
3260 
2018 
2900 
396 
13.66% 
0.00144 - 0.441 
0.0053 - 1 
2504 
2019 
3100 
335 
10.81% 
0.00141 - 0.98 
0.00532 - 0.008 
2765 
2020 
1812 
250 
13.80% 
0.00116 - 0.116 
0.00542 - 0.032 
1562 
2021 
216 
8 
3.70% 
0.002 - 0.008 
0.008 
208 
Total 
46129 
4786 
10.38% 
  
  
41343 
Percent Non-Detects 
89.62% 
 

 
 
 
Page 23 of 23 
Comments on the Proposed Mitigations to Implement NMFS 2009 Salmonid BiOp 
The PID states: 
“EPA concludes that the proposed FIFRA mitigation largely addresses the potential effects 
from the use of carbaryl to Pacific salmon and steelhead species. However, additional 
mitigation is needed for some application scenarios to implement NMFS BiOp.”26 
The NMFS 2009 Salmonid BiOp will be superseded by the upcoming BiOp scheduled to be released on 
June 30, 2023.  The mitigations proposed in the 2009 BiOp may not be consistent with what is proposed 
in the upcoming BiOp and implementing mitigations now based on the 2009 BiOp will likely lead to 
regulatory confusion.  TKI recommends that any mitigations ultimately proposed to implement the 
Salmonid BiOp be based on the upcoming 2023 BiOp, not the outdated 2009 BiOp. 
If, notwithstanding, the 2009 BiOp is implemented, the existing FIFRA mitigations combined with those 
listed in the PID proposed revision can provide appropriate protection of salmonid species / DPSs / ESUs, 
and no additional mitigations will be warranted.  However, if in the future additional mitigations such as 
restricted use buffers are considered necessary for carbaryl (or any other chemical), such mitigations 
should be based on a landscape-specific, spatio-temporal analyses suitable for refined exposure / effects 
characterization such as the work TKI submitted in support of the carbaryl salmonid pilot species.27,28 
Carbaryl PID Comments Conclusion 
TKI supports EPA’s efforts to appropriately and responsibly meet its obligations under both FIFRA and the 
ESA, and recognizes that in specific instances certain mitigations may be required to ensure that the 
statutory requirements of both FIFRA and the ESA are met.  However, TKI emphasizes that any mitigations 
that are proposed to be implemented must be based on the best available science and be spatially 
targeted to relevant areas.  Mitigations should also be practical, predictable and feasible for end users to 
implement.  In addition, any mitigations that are proposed to be implemented must have been developed 
taking into account existing mitigations that are already implemented through mandatory label 
requirements.  TKI looks forward to continuing to work with EPA and the Services to develop mitigation 
measures that are based on appropriate and adequate ecological risk assessments, and that reflect a 
weight of the evidence-based approach to species protection. 
 
 
26 Carbaryl Proposed Interim Registration Review Decision, p. 63. 
27 Carbaryl Effects Assessment for the Upper Columbia River Steelhead (Oncorhynchus mykiss) – Wenatchee Major Population 
Group for Risk Management of Carbaryl Agricultural and Rangeland Uses [MRID 51902705] 
28 GESTF 2022.  Landscape-Level Refinements for Aquatic Exposure Estimation in Endangered Species Effects Assessments: 
PWC+ Methods Documentation. Study ID GESTF-2022-03 [MRID  51902803] 

20230131 TKI Carbaryl PID Comments FINAL
2-13-23
Final Audit Report
2023-02-13
Created:
2023-02-13
By:
James Cowles (james.cowles@tkinet.com)
Status:
Signed
Transaction ID:
CBJCHBCAABAAn5PfCKY_m_8fsGFgt3FsyLrUm-QDpesA
""20230131 TKI Carbaryl PID Comments FINAL 2-13-23"" History
Document created by James Cowles (james.cowles@tkinet.com)
2023-02-13 - 5:42:08 PM GMT- IP address: 72.44.194.34
Document emailed to Kevin Henry (kevin.henry@tkinet.com) for signature
2023-02-13 - 5:42:42 PM GMT
Email viewed by Kevin Henry (kevin.henry@tkinet.com)
2023-02-13 - 6:14:53 PM GMT- IP address: 72.44.194.34
Document e-signed by Kevin Henry (kevin.henry@tkinet.com)
Signature Date: 2023-02-13 - 6:15:27 PM GMT - Time Source: server- IP address: 72.44.194.34
Agreement completed.
2023-02-13 - 6:15:27 PM GMT"
EPA-HQ-OPP-2010-0230-0139,EPA-HQ-OPP-2010-0230,"An Equal Opportunity Employer 
 
 
United States Department of Agriculture 
Office of the Chief Economist 
Office of Pest Management Policy 
1400 Independence Avenue, SW 
Washington, D.C.  20250-3810 
 
 
February 14, 2023 
Elissa Reaves, Ph.D., Director 
Pesticide Re-Evaluation Division (7508P) 
Office of Pesticide Programs, Environmental Protection Agency 
1200 Pennsylvania Ave., N.W.  
Washington, DC 20460-0001 
Re: USDA Comments on the Proposed Interim Decision for Carbaryl for Registration Review; 
EPA-HQ-OPP-2010-0230.    
Dear Dr. Reaves: 
Thank you for the opportunity to comment on EPA’s proposed interim decision (PID) for 
carbaryl, posted on December 1, 2022, in the Federal Register. Carbaryl is an 
acetylcholinesterase (AChE) inhibiting insecticide and plant growth regulator (PGR), classified 
by Insecticide Resistance Action Committee (IRAC) as a Group 1A carbamate (IRAC, 2022). 
Carbaryl has wide usage and benefits in agriculture, particularly for use as a PGR on apples for 
thinning fruit. Carbaryl is also a critical, high-benefit insecticide tool for many crops including 
ginseng, melons, tomatoes, cranberries, seed crops, asparagus, pecans, citrus, pulse crops, and 
Western U.S. rangelands as part of APHIS programs targeting outbreaks of grasshoppers and 
Mormon crickets. There is also niche importance of carbaryl for uses on rice (mainly in 
California), turf, ornamental horticulture, olives, and for spot treatments in U.S. Forest Service 
parks and recreational areas to manage pine bark beetles and oak borers on high value trees. 
USDA appreciates EPA’s broad understanding and consideration of several of these use patterns 
for carbaryl, as reflected in the Agency’s high-quality usage and benefit analyses (USEPA, 
2022a; 2022b; 2022d).  
USDA is supportive of EPA’s analyses and proposals addressing Endangered Species Act (ESA) 
protections for 4 pilot species: Wireweed (FL), Miami Tiger Beetle (FL), Squirrel Chimney Cave 
Shrimp (FL), and Upper Columbia River Steelhead (WA/OR/ID). While we will discuss some 
specific concerns later, we think EPA’s overall approach reflects meaningful, multi-Agency 
consensus around the most effective and workable options to address non-target exposures from 
drift and runoff. This approach builds upon the recent successful outcomes from inter-Agency 
consultations on other pesticide Biological Opinions (BiOps). We particularly appreciate EPA’s 
inclusion of pick-list options to mitigate runoff, and wind-direction clauses (i.e., “when wind is 
blowing toward habitat”) as a pre-condition for spray drift buffers. This approach achieves 
EPA’s and the Services’ desired goal of protecting species by enacting meaningful, protective 
mitigations on pesticide labels while retaining significant application flexibility for growers. The 
verbiage around buffers allows and incentivizes growers to make applications when weather 
conditions are most favorable for keeping pesticide product on the field. USDA finds this to be a 
win-win outcome and we encourage EPA to continue using this model in future cases, in 
accordance with the Agency’s recently published ESA workplan update (USEPA, 2022c). 

Page 2 of 16 
 
 
 
 
USDA also appreciates EPA’s efforts to account for standard FIFRA mitigations around drift 
and runoff in exposure characterization and modeling. For the proposal addressing risks to Upper 
Columbia River Steelhead Trout, this approach was useful in re-analyzing the outputs of the 
National Marine Fisheries Service (NMFS) 2009 BiOp, while accounting for the progress 
achieved in more recent inter-Agency discussions, and reflecting the flexibility and consistency 
achieved in the recent final BiOp outcomes for the insecticides malathion and diazinon. USDA 
has some specific concerns around the drift buffer proposal for airblast applications and some 
minor concerns around applications to saturated soils and near forecasted rain events.  
 
USDA fully supports a number of EPA’s proposals to address occupational and ecological risk 
concerns. These include a restriction on hand spray applications to shrimp ponds, additional 
engineering controls/personal protective equipment (PPE) requirements for multiple uses, 
updated glove and respirator statements, and proposed modifications of re-entry intervals (REIs) 
for grapes, olives, seed corn (for de-tasseling), sweet corn, and vegetables. We also support 
EPA’s proposals to cut the seasonal maximum application rates for sweet corn to 8 lbs AI/acre 
(from 16 lbs AI/acre) and for turf and sod to 16 lbs AI/acre. We agree with EPA that these 
changes will have little to no impact on producers and provide important directionally 
appropriate risk reduction.  
We also support EPA’s proposals for revised drift reduction statements to include droplet size 
restrictions, minimum boom height requirements, wind speed restrictions, and reasonable 
application buffers from aquatic habitats. We support EPA’s approach to pollinator protection 
and especially appreciate EPA’s recognition of the needs for apple producers thinning fruit with 
carbaryl during the late petal-fall period. We have some specific concerns related to restrictions 
impacting granular bait carbaryl products used on tomatoes and melons, which will be discussed 
in our detailed comments. Finally, we fully support EPA’s proposed statements addressing urban 
runoff to surface waters, outdoor use statements, impervious surface statements, revised 
environmental hazard statements, and revised resistance management statements. We believe 
these revisions will improve label consistency and clarity for carbaryl users and are not expected 
to negatively impact producers. 
USDA is concerned with EPA’s proposed use cancellations for rice. However, this is mainly 
limited to a niche need in California. Our detailed comments include a suggestion that supports 
use cancellation for the rest of the country, where we agree that benefits are substantially less. 
We are also concerned with EPA’s proposed application rate reductions for uses on citrus, as it 
would impact sporadic “rescue” treatments targeting scale species in California as well as a small 
proportion of Diaprepes root weevil applications in Florida. Both of these are niche uses but 
remain very important when sporadic needs arise. We again offer counter-proposals for the 
Agency’s consideration on citrus. Finally, we remain concerned about the potential negative 
impacts of handling restrictions for bark beetle spot treatments on U.S. Forest Service (USFS) 
properties. We are eager to connect EPA with appropriate stakeholders to further discuss what 
might be more workable options for these uses to address EPA’s risk concerns. 
Our detailed comments are attached for your review. USDA stands ready to provide EPA with 
additional information on the benefits of carbaryl, as well as additional characterization 
information to help address and/or refine EPA’s risk estimates, if needed. Please contact Clayton 

Page 3 of 16 
 
Myers at Clayton.Myers@usda.gov, or me at Kimberly.Nesci@usda.gov, if you would like to 
discuss this case further. 
Sincerely, 
 
Kimberly Nesci 
Director, Office of Pest Management Policy 
 
Cc: Anne Overstreet, Biological and Economic Analysis Division, and Jan Matuszko, 
Environmental Fate and Effects Division, Office of Pesticide Programs, EPA 
 
 
 
 

Page 4 of 16 
 
Mitigation Proposals for Risk Concerns Under FIFRA, Including Human Health, 
Occupational, Residential, and Ecological Concerns 
 
Rice—Proposed Use Prohibition 
 
While USDA generally agrees with EPA’s conclusion that carbaryl use on rice is of low average 
benefit nationally (USEPA, 2022a), we have concerns that EPA’s cancellation proposal will 
negatively impact growers in California that use carbaryl to control tadpole shrimp (UC-IPM, 
2015). For the remainder of rice uses in the mid-South, USDA received expert feedback that 
largely agreed with EPA’s characterization of low benefits for uses targeting rice stink bugs 
(Wilson, 2023; USEPA, 2022a). While pyrethroids are the primary tool for managing stink bugs, 
dinotefuran is a superior alternative option, with carbaryl reported to be not all that effective 
against stink bugs. While growers never like to lose tools for IPM, USDA generally has little 
concern about losing carbaryl for rice use outside of California. 
 
Tadpole shrimp management with carbaryl is a niche California need. While most California rice 
growers make primary use of pyrethroids (lambda-cyhalothrin and zeta-cypermethrin) (AMRD, 
2016-2020) to manage tadpole shrimp, carbaryl is an important alternative for management of 
pyrethroid resistance (Firoved, 2023). The use of copper sulfate is also reported in AMRD and 
recommended by extension experts alongside carbaryl, with chemical rotation emphasized as an 
important need (UC-IPM, 2015). Copper sulfate has some comparatively high and well-known 
risk concerns for aquatic taxa as well, though for organic rice producers, it may be the only tool 
for tadpole shrimp management. EPA’s ecological risk assessment for carbaryl modeled use on 
rice with two applications at the maximum label rate of 1.5 lb a.i./A with a 7 day retreatment 
interval and no holding time, based on reviews from data submitted for registration.  
 
Proposed Alternative Mitigation for Rice 
 
We wish to discuss the potential for a modified California-only use pattern for rice that would 
retain carbaryl for uses targeting tadpole shrimp, while still addressing many of EPA’s ecological 
exposure concerns on a national basis. Stakeholders have indicated to EPA that one early season 
application of carbaryl would be sufficient for their needs and that reasonable water holding 
times would be workable for growers, since the timing of this application would somewhat 
overlap with a number of herbicides that already require holding times (Firoved, 2023). 
Depending on a workable holding time restriction for carbaryl and how requirements intersect 
with herbicide needs, we believe this use of carbaryl could be adequately mitigated. Our 
preliminary estimates (for discussion with EPA) show these changes could reduce EECs by 
around 2.4-fold, for dissipation prior to release from the field. This is all before accounting for 
downstream dilution, which is not quantitatively incorporated into PFAM outputs. California 
stakeholders are willing to talk through some potential solutions with USDA and the Agency 
(Firoved, 2023) and we are happy to work through some possible options while still addressing 
any associated mitigation needs that arise for ESA consultation.  
 
Citrus—Proposed Application Rate Reductions, etc. 
 
USDA generally agrees with the Agency’s conclusions that on average, reducing the application 
rate of carbaryl for citrus will have limited impacts on growers, given low carbaryl usage 
(USEPA, 2022a). However, we note that low usage may not correlate with low benefits in this 
case, as the primary need for high rate carbaryl applications are for “rescue” treatments against 

Page 5 of 16 
 
scale, particularly in instances where other control methods have failed (Cranney, 2023; Murden, 
2023). This benefit is also substantially increased since chlorpyrifos has been cancelled for all 
food uses, including citrus. Chlorpyrifos was a critical back-stop option for control of California 
Red Scale, and, in its absence, the alternative option of carbaryl for rescue treatments (UC-IPM, 
2022) has increased importance. When California Red Scale populations are high, many 
alternative insecticide options can fail, despite best efforts by growers, making carbaryl the last 
effective line of defense (Cranney, 2023).   
 
The use of carbaryl for scale species is mostly an issue in California and Texas, as carbaryl 
applications targeting scale are far less common in Florida. However, carbaryl has a different 
benefits profile for Florida growers, as it is used to target adult stages of Diaprepes root weevils 
(Diepenbrock, 2023). Weevil larvae feed in the soil and can girdle roots and/or vector fungal 
infections that can kill the host, including citrus trees (Weissling et al., 2019). While carbaryl is 
not applied to soil to target larvae, it is an effective tactic for controlling adults that live in the 
tree canopy, for reduction of weevil populations (Diepenbrock, 2023). AMRD indicate the 
average carbaryl application rate for weevil management on Florida citrus is approximately 3.2 
lbs AI/acre. However, based on a rate range analysis, USDA notes that approximately 15% of 
carbaryl applications to Florida oranges and grapefruit targeting root weevils are made at or 
above 6 lbs AI/acre (AMRD, 2016-2020). While research is ongoing to find effective alternative 
control methods for weevils, retention of carbaryl flexibility remains important for this pest. 
 
Proposed Alternative Mitigation for Citrus 
 
USDA understands that while the proposed application rate reduction for citrus (to 5 lbs AI/acre) 
is driven by occupational risk concerns (since bystander drift could be addressed with a small 
off-field drift buffer, even at 12 lbs AI/acre), restoring higher application rates for citrus may 
complicate ongoing consultation discussions with USFWS and NMFS. We therefore propose 
that for areas within 300m of NMFS species habitat, keeping the rate reduction to 5 lbs AI/acre 
would be workable and would not fundamentally change the ‘action’ under consideration. This 
would then allow for focus on occupational mitigation options and potentially allow the Agency 
to maintain rate flexibility for the remaining citrus acreage that is not near ESA habitat.  
 
For airblast applications to citrus, the exposure estimates and MOEs are driven by an assumption 
of treating 40 acres per day. The combined total MOE (driven by dermal exposure) for 
applicators using DL/G/CRH and a PF-10 respirator at a rate of 12 lb ai/A is 7.4 with a target 
MOE of 10 and increases to 70 and is not of concern when applicators use engineering controls 
(enclosed cabs). USDA notes that enclosed cabs are typically used for airblast applications in the 
citrus industry. Additionally, because citrus applications require very high water volumes per 
acre (often at or exceeding 500 gallons per acre), there is considerable daily downtime for 
airblast applicators due to the need to refill sprayer tanks more often. Therefore, USDA suggests 
that EPA consider requiring an enclosed cab for citrus airblast applications or setting a daily 
acreage application limit for applications higher than 8 lbs AI/acre if an enclosed cab is not used 
because it would address EPA’s occupational risk concerns while still allowing flexibility for 
growers occasionally needing to target scale in California (or possibly also weevils in Florida) 
with higher application rates. For example, USDA has estimated that combined airblast 
applicator MOEs would be 11 if applicators wore SL/G/CRH and a PF10 respirator and treated 
27 acres per day at an 8 lb ai/A rate or wore DL/G/CRH and a PF10 respirator and treated 27 
acres per day at a 12 lb ai/A rate. Lower daily acreage would not be needed for applicators using 
an enclosed cab. Application acreage restrictions have been successfully used for other recent 

Page 6 of 16 
 
registration review cases to address similar airblast applicator risks, most notably for captan. 
(Additional questions around occupational mitigations are discussed later in the section on 
personal protective equipment.) 
 
Given the sporadic and rare nature of carbaryl applications made at higher rates, which is in line 
with EPA’s own usage analysis conclusions (USEPA, 2022a), we think this alternative approach 
provides a workable option for growers, protects ESA species, and applies a reasonable, weight-
of-evidence approach to characterize and balance the rarely occurring instances of other 
ecological exposure concerns (FIFRA only, since ESA habitat would be capped at 5 lbs AI/acre) 
against the pest management benefits of carbaryl. It would allow growers to maintain a back-stop 
“rescue” option for scale in much of California. We are happy to connect the Agency with citrus 
stakeholders to discuss these or other alternative mitigation options that might be workable for 
this important use pattern. 
 
Revised Handling Limits and PPE for U.S. Forest Service Uses 
 
USDA appreciates EPA’s prior engagement with U.S. Forest Service (USFS) stakeholders. We 
also support EPA’s proposal to require additional PPE for mechanically pressurized handgun 
applications of carbaryl for bark beetle applications. While the loss of backpack applications 
could impact some of the treatments made in California to target goldspotted oak borers, ground 
sprayers can be used in many situations. We recognize that EPA is not able to quantitatively 
assess the additional protective impact of the additional PPE requirements, but we suggest that 
risk managers should qualitatively account for this added protection in consideration of a more 
workable handling limitation for the pressurized handgun applications targeting pine bark 
beetles. 
 
We previously submitted a summary of USFS concerns and alternative mitigations to 
suggestions to EPA in December, 2021, which included a summary of concerns shared with EPA 
via teleconference on November 30, 2021 (USDA, 2021) and was incorporated into the 
Agency’s analysis of benefits and impacts for non-crop uses of carbaryl (USEPA, 2022d). This 
input to EPA reflected the concerns expressed by USFS Pesticide Use Coordinators and 
Regional Entomologists, and there was broad consensus that a daily handling limit of 250 
gallons per worker per day would significantly impact USFS IPM efforts targeting pine bark 
beetles, which rely upon contract applications of carbaryl. These applications are made via spot 
treatments of specific high value trees in and around USFS public facilities and recreational 
areas. Without treatments, many of these trees are likely to die from bark beetle infestations. The 
use of carbaryl is very important because, in the absence of this option, over-reliance on less 
effective pyrethroids (the only available alternatives for this use) are likely to drive pesticide 
resistance problems over time. 
 
Given this prior feedback, USDA is concerned that EPA’s proposal will negatively impact USFS 
IPM efforts, as described previously. USDA has received subsequent estimates that the proposed 
handling restriction of 250 gallons per day is likely to “double or triple or more” the application 
costs for carbaryl bark beetle treatments, based upon feedback from USFS field coordinators 
(Frank, pers. comm., 2023). This is due to needing more (or larger) application crews, housing 
crews for more days, and potentially missing valuable application windows when weather 
conditions are ideal. 
 

Page 7 of 16 
 
USDA requests that EPA consider revising their proposed restriction to a 500 gallon per day 
handling limit for bark beetle applications. We contend that this measure alone would still reduce 
estimated applicator risks by half compared to the default risk assessment assumption of 1,000 
gallons per day. Further, the additional proposed PPE, while not quantitatively incorporated into 
risk estimates, can only reduce exposure further. USFS stakeholders in multiple regions have 
indicated that a 500 gallon per day limit would greatly reduce the negative cost impacts, while 
still offering a significant and directionally improved reduction in occupational risks. Offering 
this flexibility will help USFS avoid the unintended consequence of making more (i.e., more 
frequent) applications of pyrethroids, which have inferior efficacy and will likely drive resistance 
issues. Retaining the 250 gallon per day limit for hand-gun applications to goldspotted oak borer 
in California could still be mostly workable, based upon prior regional feedback (USFS, 2021). 
USDA and our USFS colleagues are happy to discuss these issues further with the Agency, if 
needed. 
 
FIFRA 24(c) SLN for Shrimp Ponds in Texas 
 
USDA supports EPA’s proposal to prohibit applications with mechanically pressurized handguns 
and backpacks to shrimp pond banks and borders. Feedback from aquaculture stakeholders to 
USDA indicates this restriction should not negatively impact any shrimp producers, since pond 
banks are not sprayed and the main pest control efficacy comes from the pond flooding treatment 
(Zajicek, 2022). 
 
USDA appreciates the opportunity to work with EPA on ecological exposure estimates and 
endangered species considerations for carbaryl, including use in shrimp ponds, in cooperation 
with the National Marine Fisheries Service (NMFS). These discussions are on-going, and we are 
optimistic about finding a workable mitigation outcome to address potential aquatic exposure 
concerns from pond discharges after treatments and labeled holding times. 
 
Personal Protective Equipment  
 
USDA broadly supports EPA’s proposed changes to PPE requirements to address occupational 
risks for mixers/loaders and applicators, including the requirement of closed systems and 
additional PPE for liquid formulations in aerial and chemigation applications. We also support 
additional PPE requirements for orchard uses and, based on the Tables in Appendix I, it appears 
that the use of enclosed cabs would be sufficient to protect applicators as well, though this was 
not explicitly stated in the PID narrative. The PID included two different rates in the rate 
reduction and PPE for citrus sections, with both 5 lb ai/A and 3 lb ai/A being identified as a 
single application rate. The narrative about the impact of the proposed citrus application rate 
reduction focused on the 5 lb ai/A rate; therefore, the meaning of the requirement of additional 
PPE for airblast applications “up to 3 lbs ai/A” was somewhat unclear. USDA requests that EPA 
clarify if it is proposing an application rate reduction for citrus that is lower than the 
aforementioned reduction to 5 lbs AI/acre or if the 3 lb ai/A language was intended to apply to 
crops with lower maximum single airblast application rates (e.g., pome fruit is ~3 lbs ai/A). 
USDA agrees that spray, airblast, and broadcast applicators for orchards and vineyards should 
wear a double layer, gloves, PF10 respirators and chemical resistant headgear if 40 acres are 
being treated per day in an open cab at a 3 lb ai/A rate; however, USDA notes that combined 
MOEs for this exposure scenario and level of PPE were also not of concern at a rate of 5 lb ai/A 
(MOE = 18, LOC = 10). It may be beneficial to either include the crops that the 3 lb ai/A 
requirement applies to or to indicate that double layer, gloves, PF10 respirators and chemical 

Page 8 of 16 
 
resistant headgear are required for airblast applications of 5 lb ai/A and below. We note that 
enclosed cabs are widely used in citrus producing regions due to the typical weather conditions 
necessitating air-conditioned tractors, and based upon Appendix I, it appears that enclosed cab 
tractors would be adequate to address EPA’s risk concerns in addition to the proposed PPE for 
non-enclosed cab applications. 
 
Re-entry Interval Proposals 
 
USDA is concerned about the impacts of EPA’s proposed 18-day REI for cut flowers grown 
outdoors in all areas of the country. Expert feedback to USDA indicated that carbaryl is the most 
effective “rescue” treatment available for control of Japanese beetle adults in outdoor cut flower 
production (Chong, 2023). While pyrethroid alternatives are available, they typically have lower 
efficacy and slower activity. Because Japanese beetles often feed on petals, especially on roses 
and related species, applications near harvest are needed to preclude flower damage that ruins the 
crop. Existing carbaryl labels allow an exception for the 18-day REI harvest restriction for areas 
of the country that experience more rainfall and we request EPA risk managers consider 
retaining this flexibility. Further, we wish to confirm that restrictions would not apply to ‘cut 
your own’ operations, where exposure would be considered under EPA’s residential risk 
assessment as non-occupational. We note that not changes have been proposed for residential 
applications to flowers. While we agree with EPA’s statement that most cut flower production 
occurs indoors, USDA notes that small outdoor operations (including pick-your-own retail 
establishments) are an important niche industry to consider (Chong, 2023). In total, the U.S. cut 
flower sector (of the larger floriculture sector, worth approximately $6 billion annually) accounts 
for approximately $360 million annually (USDA-NASS, 2022). 
 
USDA is generally supportive of the remaining proposed changes to re-entry intervals (REIs) to 
address post-application occupational risk concerns. For grapes, we agree with EPA’s 
interpretation of available AMRD (2016-2020) that all carbaryl usage in the last five years was 
done in the dormant period. However, in looking at data prior to 2016 (AMRD, 2010-2015), we 
noted that some usage was reported in-season, most commonly targeting Japanese Beetles, which 
is an invasive species impacting much of the Western U.S. This could be a sporadic issue for 
some producers and a 10-day REI could force some growers to use alternatives based upon 
timing of vineyard tasks such as vine tying/training or hand harvesting. 
 
For olives, we agree with EPA’s conclusion that most carbaryl usage (targeting black scale) is 
likely to come later in the summer after hand-thinning activities are complete, based upon 
published IPM recommendations for olives (UC-IPM, 2014). For other likely carbaryl target 
pests, such as California Red Scale, Greedy Scale, Oleander Scale, and Latania Scale, 
recommended timing may be earlier and overlap with thinning times. However published 
recommendations also list a number of alternatives that we believe would be similarly effective 
and provide growers with alternative options for treatments during times when hand-thinning 
activities are needed. While a shorter REI is always preferable, we believe EPA’s proposed 7-
day REI will probably be workable for most producers. 
 
USDA reached out to seed corn experts who informed us that the 21-day REI for de-tasseling is 
already on many of their existing product labels and it does not pose a problem for producers 
(Difonzo, 2023). Similarly, after outreach to a broad array of vegetable entomology and IPM 
experts around the country, we have no concerns about proposed REI revisions for sweet corn, 
brassicas, or any other leafy or root vegetables.  

Page 9 of 16 
 
 
Spray Drift Statements 
 
USDA broadly supports EPA’s approach to drift mitigation for carbaryl. We believe the 
proposed wind speed restrictions and droplet size requirements follow sensible and widely 
adopted practices for most growers and provide clarity to carbaryl users. While the wind speed 
limit for airblast applications (10 mph) are marginally lower than those allowed for other ground 
or aerial applications, we feel this is reasonable, as most tree fruit and grape producers will want 
to make applications at lower wind speeds for efficacy. We are somewhat concerned with the 
imposition of a larger buffer to water bodies for airblast applications (40’) compared to 25’ for 
other ground applications, since these buffers are dependent on the wind blowing toward habitat. 
We comment on this concern in more detail below in the section on ESA mitigations. We are 
also somewhat concerned that EPA continues to rely only upon Tier 1 AgDrift model outputs for 
the calculation of aerial buffers and suggest that more refined estimates are possible, given the 
most common drift reducing application practices used for modern aerial applications. We urge 
EPA to consider using Tier 3 model outputs given the widespread use and adoption of drift 
reducing practices by aerial applicators. 
 
Pollinator Protection 
 
USDA is concerned that EPA’s current proposal is overly restrictive for granular carbaryl bait 
products applied to the ground in plantings of tomatoes and melons, for control of ground 
beetles. This use was not explicitly discussed by EPA in terms of product type and formulation, 
though it was acknowledged as a pest management need (USEPA, 2022a). Indeed, carbaryl 
granular baits are a critical need for control of ground beetles and other soil surface pests in 
tomato (Bagely, 2023) and melon production (Fournier, 2023; Palumbo, 2023). Baits are spread 
on the soil surface and need to remain dry to be attractive to beetles. Dr. Palumbo emphasized 
the specific IPM need, reporting that no viable alternatives are available to replace the loss of 
carbaryl bait and that the beetles and other soil pests targeted by baits can directly damage 
melons. Various experimental pyrethroid products have been evaluated, but these products either 
never became commercially available or were removed from the market (Palumbo, 2023). 
Sprays are also inadequate to manage beetles because it’s too difficult to penetrate the foliage 
and get to the ground or undersides of fruit where beetles are most active (Palumbo, 2023). 
 
We believe a bloom restriction on granular bait products is unwarranted and contend that some 
usage and exposure characterization can address the low likelihood of pollinator risks for 
granular baits. For melons, while many bait applications are made pre-harvest, there can be 
instances of straggling, indeterminate bloom present in fields during this time, even if 
commercial bees have long since been removed from fields. Available usage data for cantaloupes 
and watermelons (AMRD, 2016-2020) also indicate that significant carbaryl bait usage occurs at 
planting or shortly after planting. While this can be prior to bloom, the definitions of these crop 
stages can vary and it would be impossible to preclude all bloom presence during important 
application windows. For tomatoes, experts indicated to USDA that much of the need for baits 
was at transplanting or shortly after planting (Bagely, 2023). However, available usage data also 
shows a significant amount of bait usage reported during periods that could coincide with bloom, 
since tomatoes also bloom indeterminately (AMRD, 2016-2020). In all cases, the predominant 
products used in-season on tomatoes and melons are granular baits, and foliar carbaryl sprays are 
not widely used.  
 

Page 10 of 16 
 
USDA wholly supports a restriction on foliar carbaryl sprays for these crops during bloom, but 
we believe a similar restriction on baits is misplaced, as the use pattern does not pose a realistic 
exposure pathway for bees. The Agency has indicated that because carbaryl may be systemic, 
bee exposure from plant uptake cannot be precluded. We disagree with any characterization of 
carbaryl as ‘systemic’ in a way that is comparable to insecticides designed for soil-applied 
systemic efficacy, such as neonicotinoids. While we agree that carbaryl is somewhat locally 
systemic and translaminar, we are aware of no data indicating systemic movement from roots to 
flowers. In fairness, we also acknowledge that EPA has not seen data that can demonstrate non-
systemicity either. While this uncertainty can be acknowledged, we do not believe it presents an 
actionable, or realistic risk to bees that justifies prohibiting the use of baits on these crops, 
especially given the benefits of carbaryl for this important pest management need. 
 
USDA urges EPA risk managers to consider some additional weight of evidence for this scenario 
and exempt granular bait products from the proposed bloom restriction. We contend that if 
carbaryl had meaningful systemic activity as assumed, IPM researchers and chemical companies 
would have long ago pursued registration for use patterns taking advantage of such efficacy and 
would apply carbaryl to soil accordingly. Dr. Fournier notes he “wasn’t aware that carbaryl had 
soil systemic activity. Even if it did, the baits are spread on the bed top and need to remain dry to 
be attractive to beetles.  In the event that the bait got wet (e.g., rainfall) It is highly unlikely that 
the a.i. would move deep enough for soil uptake.” USDA further contends that any watering-in 
of carbaryl bait granules would actually undermine efficacy, so great care is taken to avoid this 
scenario. In fact, early season use of granules is precluded for some crops due to irrigation 
demands. In order for these baits to be effective, they must remain dry and on the soil surface, 
where ground beetles, earwigs, and other target pests can contact them directly. Because bees are 
flying insects attracted to blooms, we do not believe there is reason to suspect attraction to bait 
granules or any widespread, persistent exposure to carbaryl residues on the soil surface via 
ground foraging. 
 
We otherwise broadly support EPA’s proposed verbiage and bloom restriction approach for 
foliar carbaryl applications on other crops, given the acute toxicity risks posed for bees by 
carbaryl exposure. We especially appreciate EPA’s considerations and proposed verbiage 
addressing the needs of apple growers using carbaryl as a PGR for fruit thinning. This reflects a 
workable understanding of carbaryl benefits (USEPA, 2022b). While some carbaryl alternatives 
are available for fruit thinning, carbaryl is often tank-mixed or used on successive combination 
with other PGR tools to enhance their efficacy. Alone or in combination with other PGRs, 
carbaryl provides unique benefits as a reliable thinning option across many apple varieties, 
weather conditions, crop loads, and crop management demands. It is a special and uniquely 
reliable tool for fruit growers. Carbaryl in combination with other chemical thinners was found 
to be beneficial in the management of crop load in apples and at the same time suppress 
leafhopper complex (Straub et al., 1997). USDA supports EPA’s proposed language and the 
associated flexibility around this use and practical considerations about the need to time thinning 
sprays at late petal fall, in some cases. Commercial bees would be long removed from orchards 
by this time, as a matter of general practice, and we support the additional advisory language 
proposed by EPA to encourage growers to communicate with beekeepers and take common-
sense steps to protect pollinators.  
 
For citrus, USDA also notes that many carbaryl product labels already prohibit use during 
bloom. Additionally, the State of California has established protections to bees during citrus 
bloom periods including a prohibition on the use of carbaryl during bloom periods, as defined 

Page 11 of 16 
 
and declared by county authorities (Cranney, 2023). USDA believes the current state protections 
are sufficiently protective of pollinators and should be compatible with EPA’s proposal. 
 
Mitigation Proposals Addressing Select Endangered Species 
 
Soil Saturation and Rainfall/Runoff Events 
 
Similar to comments submitted in response to EPA’s revised PID for methomyl (USDA, 2022) 
we have concerns around EPA’s proposed rain restrictions as written, mainly pertaining to clarity 
of the term “field capacity”. We support the intent and use of the proposed statement as a 
workable runoff mitigation strategy. We further appreciate EPA specifying that applications 
cannot be made to “saturated” soil vs. simply “wet” or “moist” soil, as we believe saturated soil 
poses the most reasonable scenario for runoff if additional precipitation were to immediately 
follow a pesticide application. However, experts in consultation with USDA have noted that 
“saturation” and “field capacity” have different meanings and that farmers will more clearly 
understand the former. 
 
“Saturation” is considered to be the soil water content when all pores are filled with water (UNL, 
2022). “Field capacity,” on the other hand, is technically the soil water content after the soil has 
been saturated and allowed to drain freely for 24-48 hours (in other words, the amount of water 
that remains in soil after draining all gravitational water) (Farsad, 2019; UNL, 2022; USDA, 
2008). In the strictest sense, these two terms have different meanings, and USDA would suggest 
that EPA simply use “saturated” as this term is thought to be more widely understood by growers 
(Meyers, 2022). USDA suggests the following alternative language: 
 
“Do not apply carbaryl products when soils are saturated.” 
 
Other stakeholders have voiced similar concerns to USDA regarding the clarity of the restriction 
around future storm events. There is broad consensus among both IPM experts and State Lead 
Agencies (SLAs), as expressed to USDA, that such a statement is confusing and difficult for 
growers to comply with as currently proposed. Much of this feedback has been previously shared 
with EPA for other registration review cases, most recently for atrazine. First, the word “likely” 
provides limited information to either growers or applicators who want to comply with pesticide 
labels, or to SLAs responsible for enforcing this mitigation. Secondly, a “runoff-producing 
storm” means something different depending on a wide variety of landscape, temporal, 
environmental, and soil factors, and weather forecasts will not provide growers a distillation of 
all of these factors in a useful manner. Lastly, stakeholders suggested that EPA needs to narrow 
the permissible sources of forecast information. USDA suggests that the National Oceanic and 
Atmospheric Administration’s (NOAA) National Weather Service (NWS) provides the highest- 
quality, most transparent, and reliable forecasts available for the US, therefore requests EPA to 
point growers solely towards NOAA/NWS forecasts available at weather.gov for information 
related to the chance of runoff-producing rainfall. 
 
USDA reached out to several climatologists located in the Midwest for their feedback on this 
proposed label language, and they concurred with the concerns expressed by weed scientists and 
extension specialists. The climatologists that USDA spoke with recommended that instead EPA 
would ideally move forward with more specific language that included the following elements: 
use of the term “rainfall” instead of “storm” or “storm event”; a probability (i.e., a percentage 
chance of a runoff-producing rainfall within 48 hours); and specifically citing the use of 

Page 12 of 16 
 
NOAA/National Weather Service forecast products. We note that the specific citation of 
NOAA/NWS is consistent with verbiage from the Reasonable and Prudent Measures (RPM) in 
the final BiOp documents for malathion and diazinon. In addition to the statement “Do not apply 
during rain,” which USDA has no issues with, we suggest that EPA further clarify this proposed 
language as follows: 
 
“Do not apply carbaryl products when there is a 50% or greater chance of a run-off 
producing rainfall event in the next 48 hours. Consult the NOAA/National Weather 
Service at weather.gov for the forecast prior to application.” 
 
USDA appreciates being included in discussions around recent ESA consultations with EPA, 
NMFS, and the U.S. Fish and Wildlife Service (FWS) on the organophosphate insecticides 
malathion (FWS and NMFS), diazinon (NMFS), and chlorpyrifos (NMFS). While chlorpyrifos 
tolerances have been revoked as the result of separate EPA action, we consider the outcomes 
from malathion and diazinon discussions to be a strong example of collaborative success, where 
reasonable mitigation options were considered and finalized into BiOps that are both highly 
protective of endangered species while being practical and implementable for growers. We 
appreciate that EPA’s proposal for early mitigation of carbaryl reflects this same approach, and 
incorporates the lessons learned from these prior cases. 
 
Wind-Directional Dependent Drift Buffers 
 
In particular, we strongly support EPA’s proposal to make spray drift buffers conditional on the 
wind blowing toward habitat by using the following statement: “Do not apply . . . within ____ 
(distance) of habitat if the wind is blowing in the direction of the habitat” (emphasis added). 
While this qualifier may seem obvious to some parties, its inclusion provides growers with a 
valuable margin of flexibility to wait out weather conditions for more optimal application 
conditions. As such, USDA believes the clause actively incentivizes producers to choose 
application timings that minimize the potential for drift. In contrast, a full-time buffer imposed 
without regard to wind direction provides no such incentive because the restriction and entailing 
impacts exist regardless of local conditions. From a practical standpoint, the more flexible 
approach focuses the buffer requirement on situations where mitigation is needed to minimize 
off-field exposure (i.e., when the wind isn’t already doing that job by default). In the absence of 
this clause, growers would face more difficult choices about alternatives or taking significant 
areas out of production in order to comply with an immovable, always-present, one-size-fits-all 
buffer zone.  
 
Growers and their representatives have consistently responded to EPA (via public surveys as 
well as personal communications) that altering their spray timings to minimize drift is a common 
practice and among the most compatible options much of the time. While we understand that 
there will still be some negative impacts to some producers in areas near species habitat (for 
example, in areas where persistent winds are difficult to avoid), we think this impact is not likely 
to be widespread for most producers or for all crops.  
 
Specifically pertaining to spray buffers, we appreciate and support EPA’s proposed approach for 
mitigating wireweed exposure by using wind-directional, rate-dependent spray buffers for scrub 
habitats in Highland and Polk Counties. Available data (USDA, 2019) indicate that these 
counties combined accounted for approximately 25% of citrus acreage and 32% of citrus 
production in 2017. A leading expert from Florida opined that the proposed buffers should not 

Page 13 of 16 
 
negatively affect producers in these areas and further supported the idea that wind-direction 
dependence allows growers the flexibility to apply carbaryl when weather conditions are most 
favorable and commented that Florida producers are generally well informed and actively 
protective of scrub habitats near their operations (Diepenbrock, 2023). 
 
Proposed Airblast Drift Buffer for Upper Columbia River Steelhead Trout Habitat 
 
USDA is concerned about EPA’s inconsistent (or perhaps inadvertent) proposal to have airblast 
drift buffers (40 feet) from aquatic habitat differ from other ground applications (25 feet) for the 
instances when wind is not blowing toward habitat. We appreciate EPA’s approach and fully 
support the design and intent (as described above) for wind directional buffers and also support 
having larger buffers apply when wind is blowing toward aquatic habitat. We have no concerns 
with the proposed 55-foot buffer when wind is blowing toward habitat. However, we are 
confused as to why a number higher than 25 feet would be required for the instances when wind 
is blowing away from habitat. None of the AgDrift parameters or chemical characteristics (i.e., 
inputs impacting the proportion of the drift fraction reaching water) would apply in instances 
where the wind is already preventing drift by default, by blowing away from habitat. 
 
We note the 40-foot proposal is a mismatch from the ESA mitigation applied for airblast 
applications of malathion and diazinon, both of which had a starting point of 25 feet as a baseline 
buffer (which USDA supports) for aquatic habitat, and then additional buffer distances applied 
when wind is blowing toward habitat. Selecting 40 feet is also inconsistent with the mitigation 
proposed in this same carbaryl PID for protection of wireweed/scrub habitat in Florida, where 
rate-dependent buffers also only applied to situations where the wind is blowing toward habitat. 
From a practical standpoint, we believe that consistency in this approach and adopting a baseline 
buffer of 25 feet from aquatic habitat for all ground uses, as proposed earlier for drift mitigation, 
is a workable, predictable, and effective approach. We don’t believe it detracts at all from actual 
real-world protection, since larger buffers can (and will) still apply for the instances where drift 
is actually being directed to the habitat of concern by winds. We request EPA revise the draft 
mitigation for airblast uses accordingly to “Do not apply within 25 feet of aquatic habitats….” 
and retain “If the wind is blowing toward aquatic habitat, do not apply within 55 feet of aquatic 
habitats….” We are happy to discuss further with EPA, NMFS, and FWS to arrive at workable 
statements that adequately protect all species while not imposing unnecessary burdens or 
uncertainty on producers. 
 
Species Range Maps 
 
USDA encourages EPA to use the most up-to-date species range maps in all of their analyses, 
and notes that EPA does not clearly reference the versions used in the carbaryl documents 
(USEPA, 2022a, 2022d). Use of the updated maps would also be consistent with the FWS 
approach to determining J/AM in the malathion BiOp. With approximately 1,000 range maps 
updated since 2019, it is especially important to cite the date of the version used in an analysis so 
that implications of any changes to the range are apparent.  
 
Conclusions 
 
USDA commends EPA on this proposal for ESA mitigation. We find it to be reasonable and 
compatible with growers’ existing practices, and something that confers tangible, durable, and 
enforceable protections against drift exposure to species habitat on pesticide labels. USDA 

Page 14 of 16 
 
supports this approach and urges EPA to use this as a model for future mitigation deliberations. 
USDA views the outcome of this approach as a win-win outcome for all parties, notwithstanding 
the specific concerns discussed above. We appreciate and look forward to continued engagement 
with EPA, FWS, and NMFS as the regulating agencies move forward to complete the full 
consultation process for carbaryl. 
 
References 
Agricultural Market Research Data (AMRD), 1998-2020. Proprietary pesticide usage data for 62 
crops. 
Bagely, Z., 2023. Managing Director, California Tomato Research Institute. Personal 
communication to USDA via phone, January 13, 2023. 
Chong, J., 2023. Professor and Extension Specialist, Turfgrass and Ornamental Crop 
Entomology, Clemson University. Personal communications to USDA via emails and 
teleconference, December, 2022-January, 2023. 
Cranney, J., 2023. California Citrus Quality Council. Personal communications via multiple 
emails and teleconferences, December, 2022-February, 2023. 
Diepenbrock, L., 2023. Assistant Professor of Entomology and Extension Specialist, University 
of Florida IFAS Citrus Research and Education Center. Personal communications to USDA via 
email and teleconference, January 26, 2023. 
Difonzo, C., 2023. Professor and Field Crops Entomologist, Saginaw Valley Research and 
Extension Center, Michigan State University. Personal communications to USDA via email, 
January 10, 2023. 
Farsad, A. 2019, August 16. Soil-Water Status: Saturation, Field Capacity and Wilting point. 
Goleta, CA: Soilmoisture. https://soilmoisture.wordpress.com/2019/08/16/soil-water-status-
saturation-field-capacity-and-wilting-point/. Accessed September 25, 2022. 
Firoved, 2023. Industry Affairs Manager, California Rice. Personal communications to USDA 
via emails and teleconference, January, 2023. 
Fournier, A., 2023. IPM Program Manager, Entomologist, and Associate Director of the Arizona 
Pest Management Center, University of Arizona, Marcopa Agricultural Center. Personal 
communications to USDA via emails, January-February, 2023. 
IRAC, 2022. Insecticide Resistance Action Committee Mode of Action Classification, online 
module, updated 2022. https://www.irac-online.org/modes-of-action/. Accessed November 28, 
2022. 
 
Meyers, S. 2022, Purdue University, Department of Horticulture and Landscape Architecture. 
Personal Communications to USDA via email/phone, September, 2022. Discussion of EPA’s 
Atrazine Revised ID. 
 
Murden, D., 2023. President, Texas Citrus Mutual. Personal communications to USDA via 
emails, January 23-24, 2023. 
 

Page 15 of 16 
 
Palumbo, J., 2023. Professor and Endowed Chair in Integrated Pest Management and Extension 
Entomologist, University of Arizona, Yuma Agricultural Center. Personal communications to 
USDA via emails, January 10-13, 2023. 
 
Straub, R.W., Stover, E., and Jentsch, P.J., 1997. Carbaryl as a component in integrated crop 
management of apple. J. Econ. Entomol. 90(5): 1315-1323. 
 
UC-IPM, 2014. Black Scale: Olive Pest Management Guidelines. University of California IPM 
Extension Publication 3452, updated March, 2014. https://ipm.ucanr.edu/agriculture/olive/black-
scale/#:~:text=Black%20scale%20adult%20females%20are,needed%20to%20detect%20the%20
crawlers. Accessed January 30, 2023. 
 
UC-IPM, 2015. Tadpole: Rice Pest Management Guidelines. University of California IPM 
Extension Publication 3466, updated October, 2015. 
https://www2.ipm.ucanr.edu/agriculture/rice/tadpole-shrimp/. Accessed February 7, 2023. 
 
UC-IPM, 2022. California Red Scale and Yellow Scale. Citrus Pest Management Guidelines. 
University of California IPM Extension Publication 3441, updated June, 2022. 
https://ipm.ucanr.edu/agriculture/citrus/california-red-scale-and-yellow-scale/. Accessed 
February 7, 2023. 
 
UNL. 2022. Soils – Part 2: Physical Properties of Soil and Soil Water. Lincoln, NE: University 
of Nebraska – Lincoln, Plant and Soil Sciences eLibrary. http://passel-
test.unl.edu/beta/pages/informationmodule.php?idinformationmodule=1130447039&topicorder=
10&maxto=10&minto=1#:~:text=Saturation%20is%20the%20soil%20water,about%2024%20to
%2048%20hours. Accessed September 25, 2022. 
 
USDA, 2019. 2017 United States Census of Agriculture. 
https://www.nass.usda.gov/Publications/AgCensus/2017/. Accessed February 8, 2023. 
 
USDA, 2021. Carbaryl Mitigation Feedback for Forest Service Uses. Informational Summary 
submitted to EPA via email, December 16, 2021. 
 
USDA, 2008. June. Soil Quality Indicators: Available Water Capacity. Washington, DC: US 
Department of Agriculture, Natural Resources Conservation Service. 
https://www.nrcs.usda.gov/Internet/FSE_DOCUMENTS/nrcs142p2_053288.pdf. 
 
USDA, 2022. USDA Comments on the Revised Proposed Interim Decision for Methomyl for 
Registration Review; EPA-HQ-OPP-2010-0751. https://www.regulations.gov/comment/EPA-
HQ-OPP-2010-0751-0069. Accessed February 7, 2023. 
 
USDA-NASS, 2022. 2021 Floriculture Crops, NASS Highlights. 2021 USDA Commercial 
Floriculture Survey. 
https://www.nass.usda.gov/Publications/Highlights/2022/Floriculture_Highlights_07.pdf. 
Accessed February 14, 2023. 
 
USEPA, 2022a. Assessment of Carbaryl’s (Chemical Code 056801) Benefits and Impacts of 
Potential Mitigation Measures in Agricultural Use Sites. BEAD Memorandum, November 16, 
2022. 

Page 16 of 16 
 
 
USEPA, 2022b. Carbaryl as a Plant Growth Regulator (PGR): Usage, Benefits, and Impacts of 
Potential Mitigation for use on Apple (Chemical Code 056801). BEAD Memorandum, 
November 16, 2022. 
 
USEPA, 2022c. ESA Workplan Update: Nontarget Species Mitigation for Registration Review 
and Other FIFRA Actions. https://www.epa.gov/system/files/documents/2022-11/esa-workplan-
update.pdf. Accessed November 30, 2022. 
 
USEPA, 2022d. Assessment of Carbaryl (PC Code 056801) Usage, Benefits, and Risk 
Mitigation Impacts in Non-Crop Use Sites. BEAD Memorandum, November 16, 2022. 
 
USFS, 2023. Michell Frank, Region 8 Pesticide Program Manager and Acting National Pesticide 
Use Coordinator, United States Forest Service. Personal Communications to USDA via emails 
and teleconferences, January-February, 2023. 
 
USFWS, 2022a. USFWS Threatened & Endangered Species Active Critical Habitat Report. 
https://ecos.fws.gov/ecp/report/critical-habitat. Accessed October 13, 2022. 
 
USFWS, 2022b. Listed Current Range for All Species. https://ecos.fws.gov/ecp/report/current-
range-all. Accessed October 13, 2022. 
 
Weissling, T.J., Pena, J.E., Giblin-Davis, R.M., and Knapp, J.L., 2019 (revised). Featured 
Creatures, Entomology and Nematology: Diaprepes Root Weevil. University of Florida/IFAS 
Extension Publication Number EENY-24. 
https://entnemdept.ufl.edu/creatures/citrus/diaprepes_root_weevil.htm. Accessed February 7. 
2023. 
 
Wilson, B., 2023. Associate Professor, Field Crops Entomologist, Louisiana State University. 
Personal communications to USDA via emails, December, 2022-January, 2023. 
 
Zajicek, 2022. Executive Director, National Aquaculture Association. Personal communications 
to USDA via emails, December 6-20, 2022."
EPA-HQ-OPP-2010-0230-0130,EPA-HQ-OPP-2010-0230,"February 14, 2023 
 
Anna Romanovsky 
Pesticide Re-evaluation Division  
Office of Pesticide Programs 
U.S. Environmental Protection Agency 
1200 Pennsylvania Avenue, NW 
Washington, D.C. 20460-0001 
 
Submitted via regulations.gov  
 
RE: EPA-HQ-OPP-2010-0230; Carbaryl Proposed Interim Registration Review Decision, 
Case Number 00800 
 
Dear Ms. Romanovsky: 
 
We are writing to you on behalf of the American Sugarbeet Growers Association (ASGA), the 
U.S. Beet Sugar Association (USBSA), and the Beet Sugar Development Foundation (BSDF) to 
provide comments on the U.S. EPA’s recently released Carbaryl Proposed Interim Registration 
Review Decision, Case Number 00800 (Carbaryl PID). We appreciate that EPA is seeking input 
on this document; however, in the future we would ask that EPA consider a longer public 
comment period so that we have sufficient time to engage all our growers who may use carbaryl.         
 
We represent the 10,000 family farmers in 11 states that raise sugarbeets on 1.0 million acres and 
cooperatively own all 21 factories in the U.S. that process sugar from sugarbeets. We also 
represent these cooperatives and the four sugarbeet seed-related companies in their active beet 
sugar research and education. Collectively, we produce over half of all domestically produced 
sugar. The U.S. beet sugar processing industry is 100 percent farmer-owned and cooperative in 
structure, and every factory operates with organized union workers. 
 
The U.S. beet sugar industry has become a global leader in environmental sustainability as we 
have invested in significant programs that preserve our natural resources, family farms, 
unionized workforces, and rural communities for future generations. As a result, our industry 
now produces 29 percent more sugar on eight percent less land than 20 years ago, and sugarbeets 
now require significantly less land, water, and fuel. Growers have optimized pesticide use so that 
it affects fewer off-target organisms. 
 
While carbaryl is not widely used by all our growers, for those that use it, it provides important 
protections. Below we provide comments on a few aspects of the proposed mitigations. 
 
Pollinator Mitigation Language 
 
While sugarbeets do not flower, we are concerned about the language EPA uses on page 53 of 
the Carbaryl PID which states, “Alternatively, when plants in adjacent areas are in bloom, the 

Agency is considering only allowing applications of carbaryl within two-hours of sunrise or two-
hours of sunset, limiting the application window to eight hours per day.” EPA should clarify 
whether “plants in adjacent areas” includes weeds or vegetative buffers. 
 
Similarly, in discussing bloom restriction, on page 85 EPA states, “Notifying beekeepers within 
1 mile of treatment area at least 48 hours before product is applied will allow them to take 
additional steps to protect their bees. Limiting applications to times when bees are least active, 
e.g., within 2 hours of sunrise or sunset, will minimize risk to bees.” This will be very difficult 
for our growers to achieve, and it is also impractical since weather patterns can change within 
hours making an application possible or impossible. 
 
Proposed Water Protection Statements and Proposed Rain-Related Statements 
 
Carbaryl has a chemigation label; therefore, parts of the proposed water protection and rain-
related protection statements might be hard to achieve, in particular, both “[d]o not apply or 
irrigate to the point of run-off” and “[d]o not apply carbaryl products when soils are saturated or 
above field capacity.” Both of these applications could happen after a longer irrigation set. EPA 
should clarify whether these mitigations apply to chemigation. 
 
Application Rate Units 
 
In Appendix D, application rates are in pounds. We use products that provide application rates 
using quarts of product per acre. We recommend that EPA allow both on the label.  
 
Proposed Bulletins Live! Two (BLT) Limitation Language 
 
It is important that EPA recognizes that our growers have never before had to use BLT. Thus, the 
use of this webpage and the understanding of how to navigate it and how to apply it is 
completely novel. If requirements for BLT were added to future pesticide labels, our growers 
would require new training and education to understand how to use BLT. If EPA intends to use 
BLT with every new label, we recommend that EPA starts planning training and outreach to 
growers to help ease the transition and facilitate an easier understanding. Our members would be 
willing to participate in a focus group setting to help EPA better understand how to communicate 
this tool to us and other growers. 
 
While we have not used the tool previously, we can unequivocally state that a six-month lead 
time is not sufficient to plan for planting and associated needs. Our growers make land deals, 
plan crop rotations, modify tillage practices, and buy pesticide products at least a year in 
advance. If EPA requires that BLT be reviewed within six months of pesticide application, these 
critical decisions would be made before any BLT review. It would be potentially very 
challenging and burdensome to implement BLT if it requires changes to crop placements and 
planned pesticide applications. We recommend that EPA allows at least one-year lead time for 
implementing BLT requirements. Additionally, our understanding is that BLT often depicts very 
large areas for use limitations. We recommend that EPA try to be as specific as possible when 
using BLT and require use limitations only when absolutely necessary. 
 

Salmonid Proposed Alternative Mitigations 
 
Regarding the runoff reduction options list A (page 64), we are concerned that a 65 foot buffer is 
far too much land to give up. This would have concerning economic impacts. We recommend 
that EPA should consider a 25-foot buffer or less. Additionally, we believe the spot application 
would likely only be rarely used. 
 
Other runoff options EPA may want to consider would include field borders, cover cropping, and 
no/reduced tillage. While not all our growers can use these practices, having additional options 
would be helpful to some of our growers.  
 
Conclusion 
 
We appreciate the opportunity to comment on the considered mitigations and would be pleased 
to provide EPA with any additional information that may be helpful. If you have additional 
questions, please contact Carrie Meadows at carrie.meadows@beetsugar.org, Zack Clark at 
zclark@americansugarbeet.org, or Anna Murphy anna@bsdf-assbt.org. 
 
Sincerely, 
 
 
American Sugarbeet Growers Association 
155 15th Street, NW 
Suite 1100 
Washington, D.C., 20005 
 
 
U.S. Beet Sugar Association 
50 F Street, NW 
Suite 675 
Washington, D.C., 20001 
  
  
Beet Sugar Development Foundation 
800 Grant Street 
Suite 300 
Denver, CO 80203"
EPA-HQ-OPP-2010-0230-0133,EPA-HQ-OPP-2010-0230,"City of Sacramento Department of Utilities                      Comments on Carbaryl Proposed Interim Decision 
916‐808‐1400 
 
Feb. 14, 2023 
1395 35th Avenue  
 
Page 1 of 4 
Sacramento, CA 95822 
 
 
 
 
February 14, 2023 
 
 
 
 
 
 
 
 
220069:AR:kn 
 
Anna Romanovsky  
Office of Pesticide Programs (OPP) 
Environmental Protection Agency Docket Center (EPA/DC; 28221T)  
U.S. Environmental Protection Agency (EPA) 
Submitted via email to: romanovsky.anna@epa.gov 
Subject:  Carbaryl Proposed Interim Registration Review Decision (Docket ID No. EPA–HQ–
OPP–2010–0230) 
Dear Ms. Romanovsky: 
On behalf of the Sacramento River Source Water Protection Program (SRSWPP), thank you for 
the opportunity to review and comment on the Proposed Interim Registration Review Decision 
(“PID”)1  for carbaryl. The City of Sacramento, City of West Sacramento, and Sacramento 
County Water Agency sponsor the SRSWPP; this program is coordinated with other agencies 
that draw drinking water from the Sacramento River, including the East Bay Municipal Utility 
District (EBMUD), and the Woodland-Davis Clean Water Agency.  
The SRSWPP seeks to maintain the high quality of the Sacramento River drinking water supply. 
It is our responsibility as water utilities to ensure that the water we deliver to over 2 million 
customers is both healthful and aesthetically pleasing. Because our water supply intakes are 
downstream of an important agricultural region, our source water protection efforts include 
tracking USEPA regulatory notices regarding pesticides used in that region, and coordinating 
with growers and pesticide regulators on actions to facilitate protection of surface water.  
In conjunction with our review of the Carbaryl PID, we also reviewed EPA’s recently released 
Draft Evaluation Supporting Proposed Mitigations Predicted to Avoid Jeopardy and Adverse 
Modification of Designated Critical Habitat and Reduce Take for Four Federally Listed 
Endangered and Threatened Species (“BE Memo”)2, concerning the proposed mitigations that 
would apply to agricultural uses of carbaryl. 
 
1 Carbaryl Proposed Interim Registration Review Decision, Case Number 0080, November 2022. Memorandum 
dated 11-22-2022. Docket ID # EPA–HQ–OPP–2010–0230-0120 
2 Carbaryl: Draft Evaluation Supporting Proposed Mitigations Predicted to Avoid Jeopardy and Adverse Modification 
of Designated Critical Habitat and Reduce Take for Four Federally Listed Endangered and Threatened Species. 
Memorandum dated 11-18-2022. Docket ID # EPA–HQ–OPP–2010–0230-0119 

 
City of Sacramento Department of Utilities                      Comments on Carbaryl Proposed Interim Decision 
916‐808‐1400 
 
Feb. 14, 2023 
1395 35th Avenue  
 
Page 2 of 4 
Sacramento, CA 95822 
Contamination of drinking water sources from agricultural applications of carbaryl is possible in 
the Sacramento River Watershed downstream of agricultural land uses, as noted in the Revised 
Draft Human Health Risk Assessment (HHRA) for carbaryl3: 
Humans may be exposed to carbaryl in food and drinking water, since carbaryl may be 
applied directly to growing crops and application may result in carbaryl reaching surface 
and ground water sources of drinking water. [HHRA, p. 7] 
Furthermore, carbaryl has been identified as a likely carcinogen, per the HHRA:  
The Cancer Assessment Review Committee (CARC) classified carbaryl as “Likely to be 
Carcinogenic to Humans” [HHRA, p. 8] 
While EPA’s risk assessment modeling concluded that agricultural use of carbaryl does not 
present a dietary cancer risk to adult subpopulations, the calculated cancer risk is greater than 
1X10-6 and therefore not negligible:  
The cancer (food and water) risk for adults 20-49 and adults 50-99 population subgroups 
is 2E-06, with water accounting for 89% of the total exposure. The cancer assessment 
included the EDWC provided by EFED resulting from application to almond (maximum 
labeled rate; 0.0972 ppm) as it provided the highest drinking water concentration. 
[HHRA, p. 10] 
SRSWPP appreciates EPA’s inclusion of the primary carbaryl degradate 1-naphthol as a 
residue of concern in the dietary/drinking water cancer risk assessment, “as it was identified at 
significant concentration in the PDP monitoring program, is a significant environmental 
degradate, and is a significant metabolite in rat metabolism studies” [HHRA, p. 49]. 
Because of the potential risk to surface water drinking water sources within the Sacramento 
River Watershed, we support the proposed mitigations for agricultural uses of carbaryl as 
outlined in the Carbaryl PID and the associated BE Memo, specifically the following (item 
numbers are as shown in the Carbaryl PID, section IV A. Proposed Risk Mitigation and 
Regulatory Rationale, pp. 39-61): 
1. Use Deletions: specifically, the proposed elimination of the use on rice 
2. Rate Reductions: the proposed application rate reductions for sweet corn and turf 
5. Rate Reductions…for Citrus: the proposed reduced application rate for citrus 
9. Spray Drift Management measures, including limits on wind speed and inclusion of 
buffer zones for aquatic habitats 
 
3 Carbaryl - Revised Draft Human Health Risk Assessment in Support of Registration Review. Memorandum dated 
06-08-2021. Docket ID # EPA-HQ-OPP-2010-0230-0074 

 
City of Sacramento Department of Utilities                      Comments on Carbaryl Proposed Interim Decision 
916‐808‐1400 
 
Feb. 14, 2023 
1395 35th Avenue  
 
Page 3 of 4 
Sacramento, CA 95822 
11. General Environmental Protection Measures, including Proposed Statements for 
Outdoor Label Consistency, Proposed Addition of General Outdoor Application 
Statements, Proposed Water Protection Statements, and Proposed Rain-Related 
Statements 
If you have any questions on the preceding comments, please do not hesitate to contact me at 
(916) 808-1449. Thank you for the opportunity to review and comment on the Proposed Interim 
Registration Review Decision for carbaryl.   
 
Sincerely, 
 
 
 
Karen M. Newton, P.E. 
Senior Engineer 
 
cc: 
Edward Messina, Director, EPA OPP 
 
Elissa Reaves, Director, Pesticide Re-evaluation Division 
 
Marianne Walters, Risk Management and Implementation Branch III 
 
Meghann Niesen, Risk Management and Implementation Branch III 
 
Kelly Sherman, Risk Management and Implementation Branch III 
 
Kristina Garber, Environmental Fate and Effects Division 
 
Thomas Steeger, Environmental Fate and Effects Division 
 
Jennifer Connolly, Environmental Fate and Effects Division 
 
Christopher M. Koper, Environmental Risk Branch 1, EFED 
 
Andrew Sawyers, Director, EPA Office of Water, Office of Wastewater Management 
 
Tomas Torres, Director, Water Division, U.S. EPA Region 9 
Alexandra (Sasha) Mizenin, U.S. EPA Region 9  
Diana Hsieh, U.S. EPA Region 9 
Rochelle Cameron, U.S. EPA Region 9 
Ephraim D. Leon-Guerrero, U.S. EPA Region 9 
Anson Main, CDPR  
Mason Zoerner, CDPR 
KayLynn Newhart, CDPR  
Ken Everett, CDPR  
Rich Breuer, California State Water Resources Control Board 
Claire Waggoner, California State Water Resources Control Board  
Amanda Magee, California State Water Resources Control Board  
 
Sue McConnell, Central Valley Regional Water Quality Control Board 
 
Petra Lee, Central Valley Regional Water Quality Control Board  
Ashley Peters, Central Valley Regional Water Quality Control Board 
Ali Rezvani, CA Division of Drinking Water 

 
City of Sacramento Department of Utilities                      Comments on Carbaryl Proposed Interim Decision 
916‐808‐1400 
 
Feb. 14, 2023 
1395 35th Avenue  
 
Page 4 of 4 
Sacramento, CA 95822 
Pravani Vandeyar, City of Sacramento  
Sherill Huun, City of Sacramento 
Lisa Moretti, City of Sacramento 
Mark Severeid, City of Sacramento 
David Herrmann, City of Sacramento  
Chris Kania, City of West Sacramento  
Lori Work, EBMUD 
Andrew Enos, EBMUD 
Tom Pasterski, Sacramento County Department of Water Resources  
Carlos Smith, Sacramento County Department of Water Resources  
Tim Busch, Woodland-Davis Clean Water Agency  
 
Armand Ruby, Armand Ruby Consulting 
 
Tammy Qualls, Consulting Engineer 
 
Bonny Starr, Starr Consulting"
EPA-HQ-OPP-2010-0230-0127,EPA-HQ-OPP-2010-0230,"National Agricultural Aviation Association | 1440 Duke Street, Alexandria, VA 22314 
Telephone: 202-546-5722 | Fax: 202-546-5726 | www.agaviation.org 
 
 
 
February 14, 2023 
 
Environmental Protection Agency Docket Center (EPA/DC), (28221T)  
1200 Pennsylvania Ave. NW 
Washington, DC 20460-0001 
 
RE: Proposed Interim Registration Review Decision for Carbaryl; Docket ID: EPA-HQ-
OPP-2010-0230 
 
The National Agricultural Aviation Association (NAAA) appreciates the opportunity to 
comment on EPA’s registration review proposed interim decision for carbaryl. 
 
U.S. Aerial Application Industry Background: NAAA represents the interests of the 1,560 aerial 
application industry owner/operators and 2,028 non-operator agricultural pilots throughout the 
United States licensed as commercial applicators that use aircraft to enhance the production of 
food, fiber and bio-energy; protect forestry; protect waterways and ranchland from invasive 
species; and provide services to agencies and homeowner groups for the control of mosquitoes 
and other health-threatening pests. NAAA’s reference to “aerial application” refers to manned 
aerial applications. Unmanned aircraft (UA) have not yet been sufficiently evaluated for efficacy 
and drift potential they may pose to the environment and people, including both bystanders and 
pesticide handlers. Field research comparable to the Spray Drift Task Force has not been 
conducted on UA, nor have UA been added to the AgDRIFT model EPA uses to assess the risk 
of drift from terrestrial, airblast and manned aerial applications. A detailed explanation of 
NAAA’s position can be found in our letter sent to the EPA on the issue in January of 20201. 
 
Within agriculture and other pest control situations, manned aerial application is an important 
method for applying pesticides, for it permits large areas to be covered rapidly—by far the fastest 
application method of crop inputs—when it matters most. It takes advantage, more than any 
other form of application, of the often too-brief periods of acceptable weather for spraying and 
allows timely treatment of pests while they are in critical developmental stages, often over 
terrain that is too wet or otherwise inaccessible for terrestrial applications. It also treats above the 
crop canopy, thereby not disrupting the crop and damaging it. The productivity, accuracy, speed, 
and lack of damage to the crop has been recognized in Europe as well2. Although the average 
aerial application company is comprised of but six employees and two aircraft, as an industry 
these small businesses treat nearly 127 million acres of U.S. cropland each season, which is 
 
1 NAAA letter to EPA, January 16, 2020. 
https://www.agaviation.org//Files/Comments/UAS%20Letter%20to%20EPA%20re%20testing%20drones%20for%
20efficacy%20and%20env%20safety%2020200117.pdf 
2 Kováčik, L., and A. Novák, 2020. “Comparison of Aerial Application vs. Ground Application.” Transportation 
Research Procedia 44 (2020) 264–270. 

National Agricultural Aviation Association Comments to EPA Pertaining to Registration Review Docket ID: EPA-HQ-OPP-2010-0230 
February 14, 2023 
Page 2 
 
about 28% of all cropland used for crop production in the U.S. In addition to the cropland acres, 
aerial applicators annually apply to 5.1 million acres of forest land, 7.9 million acres of pasture 
and rangeland, and 4.8 million acres for mosquito control and other public health concerns. 
 
While there are alternatives to making aerial applications of pesticides, these options have 
several disadvantages compared to aerial application. In addition to the speed and timeliness 
advantage aerial application has over other forms of application, there is also a yield difference. 
Driving a ground sprayer through a standing crop results in a significant yield loss. Research 
from Purdue University3 found that yield loss from ground sprayer wheel tracks varied from 
1.3% to 4.9% depending on boom width. While this study was conducted in soybeans, similar 
results could be expected in other crops as well. Data from a Texas A&M University economics 
study4 and the 2019 NAAA industry survey5 were used to calculate that the aerial application 
industry is directly responsible for the production of 1.69 billion bushels of corn, 199 million 
bushels of wheat, 548 million pounds of cotton, 295 million bushels of soybean, and 3.33 billion 
pounds of rice annually that would be lost every year without the aerial application of pesticides. 
The value of the aerial application industry to farmers, input suppliers, processors, and 
agricultural transportation and storage industries for corn, wheat, cotton, soybean, and rice 
production in the U.S. is estimated to be about $37 billion6.  
 
Research summarized by the University of Minnesota7 describes how soil compaction from 
ground rigs can negatively affect crop yields due to nitrogen loss, reduced potassium availability, 
inhibition of root respiration due to reduced soil aeration, decreased water infiltration and 
storage, and decreased root growth. Aerial application offers the only means of applying a crop 
protection product when the ground is wet and when time is crucial during a pest outbreak. A 
study on the application efficacy of fungicides on corn applied by ground, aerial, and 
chemigation applications8 further demonstrates that aerial application exceeds ground and 
chemigation application methods in terms of yield response. The aerial application of crop 
protection products results in greater harvest yields of crops. This in turn results in less land 
being used for agricultural production, preserving more wetlands for natural water filtration, 
forest ecosystems for carbon sequestration and habitat for threatened and endangered species.  
The Texas A&M4 study revealed that the total area of cropland needed to replace the yield lost if 
aerial application was not available for corn, wheat, soybean, cotton, and rice production is 27.4 
million acres, an area roughly the size of Tennessee. Aerial applicators seed 3.8 million acres of 
cover crops annually5. This means that aerial applicators are responsible for helping to sequester 
1.9 million metric tons of CO2 equivalent annually, which according to the EPA would be the 
equivalent of removing approximately 412,000 cars with carbon-combustion engines from the 
roads each year. 
 
 
3 Hanna, S., S. Conley, J. Santini, and G. Shaner. 2007. “Managing Fungicide Applications in Soybean.” Purdue 
University Extension Soybean Production Systems SPS-103-W. 
https://www.extension.purdue.edu/extmedia/sps/sps-103-w.pdf  
4 Dharmasena, S. 2020. “How Much is the Aerial Application Industry Worth in the United States?” Research 
presented at the 2020 Ag Aviation Expo, Savannah, GA. https://www.agaviation.org/2020aatresearchpapers 
5 National Agricultural Aviation Association. May 2019. “2019 NAAA Aerial Application Industry Survey: 
Operators.” https://www.agaviation.org//Files/Comments/NAAA%202019%20Operator%20Survey.pdf  
6 Dharmasena, S. 2021. “Value of the Agricultural Aerial Application Industry in the United States” Research 
presented at the 2021 Ag Aviation Expo, Savannah, GA. https://www.agaviation.org/2021aatresearchpapers 
7 University of Minnesota. “Soil Compaction.” Accessed April 29, 2021. https://extension.umn.edu/soil-
management-and-health/soil-compaction  
8 Thomas, D. 2009. Unpublished research results submitted to EPA. 
https://www.agaviation.org//Files/Comments/Fungicide%20efficacy%20results.pdf  

National Agricultural Aviation Association Comments to EPA Pertaining to Registration Review Docket ID: EPA-HQ-OPP-2010-0230 
February 14, 2023 
Page 3 
 
The aerial application industry is also actively involved in education and research efforts to 
improve the accuracy and safety of aerial applications. The National Agricultural Aviation 
Research and Education Foundation (NAAREF) is a non-profit organization dedicated to 
promoting research, technology transfer and advanced education among aerial applicators, allied 
industries, government agencies and academic institutions. NAAREF’s Professional Aerial 
Applicators’ Support System (PAASS) program is a four-hour course offered annually at all state 
and regional agricultural aviation association conventions. The curriculum is brand new every 
year and a minimum of one hour of PAASS is focused on environmental professionalism. This 
ensures aerial applicators are kept up to date on the latest information related to making accurate 
applications and drift mitigation. Nozzle selection, buffer zones, inversions, precision application 
technology, dissection of real-life drift incidents, and proper spray boom setup are some of the 
environmental professionalism topics that have been covered in PAASS.   
 
Five years after PAASS became part of the aerial application annual curriculum in 1999, there 
was a 26% drop in drift incidents according to Association of American Pest Control Officials 
drift surveys.  In addition, ag aircraft accidents have also significantly declined. From 1999 to 
2010, the accident rate per 100,000 hours flown dropped by 21.6% compared to pre-PAASS 
accident rates. From 2011 to 2019, the accident rate dropped even more—30.8%—compared to 
pre-PAASS accident rates. Each year we continue to see a drop in our accident rate since pre-
PAASS days, but now it declines more incrementally. While aviation safety is the domain of the 
FAA and not the EPA, the reduction in accidents proves PAASS has had, and continues to have, 
a significant positive impact on the aerial application industry. 
 
Another NAAREF program is Operation S.A.F.E. (Self-regulating Application & Flight 
Efficiency). The primary component of Operation S.A.F.E. is a fly-in clinic. At a S.A.F.E. fly-in, 
aerial applicators can have their aircraft calibrated and application patterns (both liquid and dry) 
measured and evaluated for accuracy and uniformity. Spray droplet size is also measured at a fly-
in to ensure the agricultural aircraft is creating the droplet size required by the labels for products 
to be applied by the aircraft. Many of the concepts used mitigate the risk of drift from 
agricultural aircraft have originated from ideas first tested at Operation S.A.F.E. fly-ins. 
 
Comments 
Given the scientific evidence in support of wind-directional buffers and the fact they allow for 
the coexistence of effective pest control and protection of listed as well as other ecologically 
sensitive areas, NAAA adamantly opposes the proposal to have non-wind-directional buffer 
zones within 150 feet of all aquatic habitats as stated in section 9. Spray Drift Management in 
the PID (page 50). NAAA fully supports the concept of using wind-directional buffers zones as 
proposed in the mitigation to protect Wireweed (page 62). NAAA wonders why wind-
directional buffers are being suggested to protect a listed species but not overall for aquatic 
habitats. To reiterate, NAAA strongly feels all buffers proposed on all labels, whether they be 
for FIFRA or ESA obligations, be wind directional. Science has consistently indicated that drift 
only moves downwind9,10,11. NAAA has routinely recommended all buffer zones for aerial 
 
9 Kirk, I.W., M.E. Teske, H.W. Thistle. 2002. “What About Upwind Buffer Zones for Aerial Applications?” Journal 
of Agricultural Safety and Health 8(3): 333-336. 
10 Teske, M.E., S.L. Bird, D.M. Esterly, S.L. Ray, S.G. Perry. 2003. “A User’s Guide for AgDRIFT ® 2.0.07: A 
Tiered Approach for the Assessment of Spray Drift of Pesticides.” 
https://usermanual.wiki/Pdf/AgDriftusermanualpubFes2003.1946090729.pdf 
11 Butts, T.R., B.K. Fritz, K.B. Kouame, J.K. Norsworthy, L.T. Barber, W.J. Ross, G.M. Lorenz, B.C. Thrash, N.R. 
Bateman, J.J. Adamczyk. 2022. “Herbicide spray drift from ground and aerial applications: Implications for 
potential pollinator foraging sources.” Scientific Reports (2022) 12:18017. https://doi.org/10.1038/s41598-022-

National Agricultural Aviation Association Comments to EPA Pertaining to Registration Review Docket ID: EPA-HQ-OPP-2010-0230 
February 14, 2023 
Page 4 
 
applications of all pesticides be wind directional in numerous comments submitted to the EPA 
throughout the years. Meteorological /wind directional measurement technology is on-board all 
ag aircraft to make this determination. 
 
Wind-direction-based buffers zones will minimize impact to growers because these areas can 
still be treated by aerial applicators when the wind is blowing away from the endangered species 
and their critical habitat. The buffers will also fully protect sensitive areas from spray drift 
because they will be implemented when the wind direction is towards the sensitive site. They 
provide a win-win solution that balances the needs for optimum agricultural production and 
protection of listed species and sensitive habitats. Furthermore, allowing for the area near field 
borders to be treated once the wind shifts away from a sensitive area will enable greater crop 
yields resulting in less land needed for agricultural production and leaving more land available 
for endangered and threatened species habitat.   
 
Aerial applicators have the tools necessary to provide immediate and onsite wind direction 
measurement, so if wind direction does change during the application, they can respond 
immediately. Aerial applicators can monitor weather conditions in the cockpit and thus evaluate 
the need for a buffer zone in real time using a smoker or AIMMS. A smoker injects a small 
amount of vegetable oil into the aircraft exhaust system that creates smoke, allowing the pilot to 
determine, by observing smoke movement, the wind direction, and an estimate of wind speed. 
Inversions can also be detected by observing vertical smoke movement. The Aircraft Integrated 
Meteorological Measurement System (AIMMS) provides real-time onboard weather data, 
including wind speed and direction, temperature, and humidity. This enables the pilot to take into 
account outside wind speed and direction when making every pass.  
 
The definition of aquatic habitats needs to be less ambiguous, especially considering the 
ongoing litigation regarding the definitions for WOTUS. The phrase “not limited to” is 
concerning because “aquatic habitats” could be interpreted by some to include field drainage 
ditches and other similar features that occasionally hold water and that occur within application 
sites. Protecting aquatic areas and the species found within them is an important endeavor, but 
the label language used to enforce it needs to be clear as to what water bodies are not 
considered aquatic habitat. 
 
NAAA agrees with and supports the other proposed drift mitigation language in section 9. 
Spray Drift Management. These include not spraying during an inversion, allowing aerial 
applications in winds up to 15 mph but requiring a shortened boom length and an increased 
swath displacement when winds are 11 to 15 mph, specifying use of a medium or coarser 
droplet spectrum, and limiting the release height to 10 feet. NAAA does suggest that in the 
Mandatory Spray Drift Management label language for aerial applications proposed on page 83 
in the PID that the second bullet point be separated into two points, one to address the droplet 
size and the second to address swath displacement. 
 
NAAA supports the concept of obtaining ESA Bulletins through BLT. Mitigations to protect 
endangered species that are limited temporally and spatially based on the species’ location and 
life cycle are logical and will better balance the need for growers to treat pests in a timely 
manner and protect endangered species. As NAAA understands it, the use of the EPA’s 
endangered species protection Bulletins Live! Two will ensure that mitigation strategies will be 
targeted to only those areas where the endangered species occurs, and NAAA is keeping the 
 
22916-4 

National Agricultural Aviation Association Comments to EPA Pertaining to Registration Review Docket ID: EPA-HQ-OPP-2010-0230 
February 14, 2023 
Page 5 
 
aerial application industry up to date on the bulletins by covering them in our 2022-2023 
PAASS Program. The presented material will include label language directing applicators to 
the bulletins, how to navigate the map on the bulletins website to locate an application area, 
how to find a product in the list, and how to download the bulletin and review for additional 
label limitations. NAAA will continue to promote EPA’s Endangered Species Bulletins and 
educate our industry on how to use them successfully. 
 
NAAA does find the proposed label language in the PID that directs the applicator to BLT and 
the use of BLT, which NAAA used for reference in writing these comments and to develop the 
content for the 2022-2023 PAASS program, confusing. The label language requires an 
applicator to “obtain a Bulletin” within six months of an application. If an applicator checks 
BLT and discovers that there are no pesticide use limitation areas (PULA) near their 
application site, logic would dictate that there is no Bulletin for them to obtain. When testing 
BLT, NAAA discovered that even when an application site is identified with no PULA nearby, 
the BLT sometimes indicates a Bulletin is available. When downloaded, the Bulletin for an 
area with no PULA nearby simply states there are no pesticide use limitations. NAAA feels it 
is confusing and unnecessary to require applicators to download Bulletins with no information. 
The website printed on the label should go directly to BLT, not the overall webpage for 
protecting endangered species. PULAs need to be as geographically specific as possible to 
allow applicators to focus on only those specific sites where listed species or critical habitat are 
found.  
 
NAAA also feels that all buffer zone distances, be they for FIFRA or ESA obligations, should 
be based on use of Tier 3 modeling in AgDRIFT of aerial applications instead of Tier 1. 
NAAA provided a detailed explanation of the erroneous assumptions in the Tier 1 AgDRIFT 
model and proposed the use of the Tier 3 AgDRIFT model instead, in a letter to the Office of 
Pesticide Programs in June of 202012. A recent field study conducted at the University of 
Arkansas concluded the drift estimates from the Tier 1 model were “greatly over-predicting” 
the amount of drift physically measured in the field study11. By more accurately modeling the 
drift from aerial applications, buffer distances could potentially be reduced while still 
adequately protecting endangered species and sensitive areas such as aquatic and conservation 
areas.  
 
As an example, relevant to protecting aquatic habitats as mentioned in the PID, the fraction of 
material applied 200 feet downwind from the edge of the application area to an EPA-defined 
wetland is 0.0314 with the Tier 1 AgDRIFT model. When the Tier 3 model with all the 
assumptions described in our letter to the EPA is used, the fraction of applied material 
downwind from application area to an EPA-defined wetland is 0.0162, a reduction of 48 
percent. While NAAA was investigating BLT for these comments, an example of the negative 
impact the use of the Tier 1 model has on the ESA assessments and Bulletins was discovered. 
The Bulletin for using methoxyfenozide in PULAs in Wisconsin states that only ground 
application and chemigation may be used. It states both application methods must produce a 
droplet spectrum with a volume median diameter (VMD) of 450-500 microns. Aerial was 
presumably left off because of the failure to understand agricultural aircraft can make this large 
droplet size as well. The USDA-ARS Aerial Application Technology Research Unit’s aerial 
 
12 NAAA letter to EPA, June 29, 2020. 
https://www.agaviation.org//Files/Comments/EPA%20letter%20re%20AgDRIFT%20Tier%203%20aerial%20risk%
20assessment%20use%2020200629.pdf 

National Agricultural Aviation Association Comments to EPA Pertaining to Registration Review Docket ID: EPA-HQ-OPP-2010-0230 
February 14, 2023 
Page 6 
 
atomization models13 can be used to find numerous nozzles and operating parameters that can 
create this droplet spectrum. One example would be a CP11TT nozzle with a 0008 tip, 
operated with 0-degree deflection and 60 psi. When flown at 140 mph, representing use on a 
turbine aircraft, the VMD is 554 microns. We look forward to working with EPA to move 
forward with using the Tier 3 AgDRIFT model to more accurately estimate the risk of drift 
from aerial applications. 
 
NAAA does have serious concerns regarding the runoff mitigation options to protect salmonids 
being proposed in the PID. The runoff reduction options in both Lists A and B have nothing to 
do with the actual application of a pesticide and instead are completely under the control of the 
grower. It is unrealistic and overly burdensome to make a commercial applicator responsible 
for ensuring a grower complies with the options in Lists A and B. Commercial applicators, 
either aerial or ground, are frequently not the decision makers nor land managers for the fields 
to which they apply pesticides. Accordingly, commercial applicators should not be responsible 
for ensuring grower compliance with the Lists A and B.  EPA’s own National Pollutant 
Discharge Elimination System (NPDES) Pesticide General Permit (PGP) clearly demonstrates 
the difference between an applicator and a decision maker.  
 
The 2019 NAAA industry survey shows that 46% of aerial application business have three 
employees or fewer. Tasking the work of verifying grower compliance with the options on Lists 
A and B would be extremely burdensome to such small aerial application businesses. It also sets 
the applicator up for a penalty or possible tort pursuit for not providing information for practices 
that are the responsibility of the property owner or decision-maker. While some of the options 
could be discerned from a recent remotely sensed image or an orbital reconnaissance, others 
would require information only the grower could provide. If the grower incorrectly selects 
options or fails to implement them correctly, will the commercial applicator be held responsible?  
Will a commercial applicator be held responsible if a grower changes their mind and selects an 
option or options from the lists that is different from the one provided by the grower to an 
applicator and thus in the application records? For these reasons, commercial applicators should 
not be held accountable for activities that are entirely outside of their control or expertise.  
 
Conclusion 
NAAA strongly supports all wind-directional buffer zones and opposes all non-wind-directional 
buffer zones in the carbaryl PID. Buffer zones both FIFRA and ESA obligations must be wind 
directional. They allow portions of fields within the designated distances to be successfully 
treated when wind is blowing away from ecologically sensitive areas. This allows for both the 
protection of the endangered species and complete pest control on a grower’s fields.  
 
Thank you for this opportunity to comment. 
 
Sincerely, 
 
Andrew D. Moore  
Chief Executive Officer 
 
13 USDA-ARS AATRU. Aerial Application Atomization Models. Accessed February 8, 2023. 
https://www.ars.usda.gov/plains-area/college-station-tx/southern-plains-agricultural-research-center/aerial-
application-technology-research/docs/a-models/"
EPA-HQ-OPP-2010-0230-0131,EPA-HQ-OPP-2010-0230,"February 14, 2023 
 
 
Submitted via Federal eRulemaking Portal:  
Docket ID Number: EPA–HQ–OPP–2010–0230-0108; FRL-10245-01-OSCPP 
Carbaryl Case Number: 0800 
 
Anna Romanovsky 
Pesticide Re-Evaluation Division (7508P) 
Office of Pesticide Programs 
Environmental Protection Agency 
1200 Pennsylvania Ave. NW 
Washington, DC 20460–0001 
 
 
RE: 
California Rice Commission Comments Supporting; Registration Review 
Proposed Decision for Carbaryl 0800 and the Need for California Rice 
 
Dear Anna Romanovsky: 
 
Thank you for the opportunity to respond to the registration review of carbaryl use on 
California rice. We realize the usage is low on rice yet question the decision to cancel 
carbaryl on California rice. California is the remaining state with a need for carbaryl on rice 
and believe the low usage could be a positive factor in the final evaluation of the chemical.  
 
The California Rice Commission (CRC) is commenting from communications with the 
University of California, Davis, and U.C. Cooperative Extension professionals where we work 
together as a team on rice related issues.  
 
I. Why California Rice Needs Carbaryl for Tadpole Shrimp Control 
Insects are a minor pest causing major damage to California rice. From seedling to the four-
to-five leaf stage (within 30-days of planting), insect pests can cause considerable harm to 
seedling rice. The early season insect pests include the tadpole shrimp, crayfish, seed midge 
and rice water weevil. These early season pests are significant because the rice seedling is 
most vulnerable at this stage of growth until the plant stand is established. Once the seed 
sets roots and the plants emerge through the water, the early season pests are no longer a 
problem. The most common pesticides are the pyrethroid insecticides to control these early 
season pests.  
We reached out to Dr. Luis Espino, UC Farm Advisor and Dr. Ian Grettenberger, Assistant 
Specialist in Cooperative Extension. Both specialists have completed extensive research on 
insect pests in rice, including the impacts of carbaryl and resistance to the alternatives. 

Anna Romanovsky 
EPA–HQ–OPP–2010-0230 
February 14, 2023 
Page 2 of 12 
 
Luis Espino, PhD 
Rice Farming Systems Advisor 
University of California Cooperative Extension 
Email communication: Carbaryl is not used much in California. However, it would be 
important to try and keep it available. The main pest it may help us with is tadpole shrimp 
(TPS). Carbaryl is one of the few insecticides that actually has TPS on the label. It is an 
alternative to pyrethroids. There are some cases of reduced efficacy to pyrethroids, and if 
these issues became more widespread, we could use carbaryl since it is a different mode of 
action. Also, there is always the threat of regulatory action against pyrethroids; again, 
carbaryl could be an option. 
Timing of application would be early, soon after seeding. This gives plenty of time for 
aquatic fauna to rebound, not a lot of usage of fields by wildlife. Only one application is 
necessary to control TPS. Also, at this time herbicides are being applied that require water 
holding times, so it may be feasible to put a water holding time to carbaryl. I have tested 
carbaryl against armyworms and it is really not effective, so we do not recommend it for 
that, even though armyworms are on the label. The other pests listed on the label are not an 
issue in California.  
Ian Grettenberger, PhD 
Assistant Specialist in Cooperative Extension 
UC Davis 
 
Email communication: My overall thoughts are the same as Luis' in that it is most relevant 
for early season applications for TPS and that the primary utility is another mode of action 
with the rationale that pyrethroids do have some resistance issues with TPS and there is 
current concern about regulatory action on pyrethroids. I will obviously defer to Roberta on 
the questions/answers on water hold. 
II. Water Holding Requirements on Rice  
Water holding requirements on rice have been in effect since 1982. The determination 
whether to apply a water hold and the duration have resulted from the pesticide registration 
review. The CRC assumes the calculations for water holds is from a common understanding 
during the registration review, however it seems the historical knowledge is lost with the 
advent of modeling the pesticide fate.  
The original water holds were based on the chemical half-life. Specialist at UC Davis did both 
lab and field studies sampling every day to look at the breakdown.  The half-life was 
calculated and then the water hold was based on x number of half-life’s to be below a certain 
threshold such as mammalian LD 50s from animal studies. The objective was to hold water 
on the field until the pesticide degraded to an acceptable level before release.  

Anna Romanovsky 
EPA–HQ–OPP–2010-0230 
February 14, 2023 
Page 3 of 12 
 
In e-mail communication with the California Department of Pesticide Registration, 
Surface Water Protection Program: 
Water-Holding Permit Conditions"" to ensure enough degradation of the AI occurred so that 
Water Board Performance Goals were met for many of the AIs such as molinate, thiobencarb, 
carbofuran, and others. I don't mean to repeat information that you likely are aware of, but it 
does appear that many of these earlier water-hold decisions were based on scientific 'best 
judgement' and not always mathematically evaluated the same way we model rice pesticides 
today to determine support for registration. Over the last several years, we have relied more 
on rice pesticide modeling to analyze pesticide fate and transport and to evaluate 
management practices in controlling pesticide discharge from fields. 
As for water-holding periods now, most of these would be more likely developed via 
registrant-conducted field dissipation studies prior to submission for DPR product 
registration. For example, our Pesticide Registration Evaluation Model (PREM) does not 
randomly generate a water-holding period; instead, we use the holding-period 
recommended on the product label or set the model to the most conservative option of 1-
day should no water-holding period be listed. DPR is less-likely to develop these holding 
periods ourselves unless it is a matter of mitigation for a specific AI. Instead, we focus on the 
combination of application rates, physical-chemical properties, and aquatic toxicity values to 
mathematically determine (via PREM) whether or not the data support registration of the 
product. On that note, if the data did not support registration, the reviewing scientist will 
often verify how a longer water-holding period may impact pesticide fate. In turn, the 
reviewer can suggest that on the evaluation to the registrant as a mitigation step (i.e., ""if the 
water-holding period was increased to X days, the data would support the registration of Y 
product.""). Depending on the registrant, a 'do not support' may lead to them removing rice 
from the label altogether or a move toward a California-specific product label. From my own 
recent observations, it seems that many new rice pesticide labels are not specifying a water-
holding period at all so we often will use the conservative value of 1-day in our evaluation.  
In talking with Yuzhou (DPR specialist), a series of field studies were performed by DPR 
during the 1980s to 1990s to determine time-dependent concentrations of pesticides in rice 
paddies. The results of those studies were also used in development of permit conditions for 
rice pesticides (please see the linked DPR report). Our own PREM is based in part on the 
Pesticide in Flooded Agriculture Model (PFAM) evaluated in this report. On page 29 of the 
report, for PFAM it highlights that: ""...the effects of both slow release and initial concentration 
can be incorporated by manually adjusting the application amount and timing. However, 
explicit simulations of those effects are suggested if the model is to be used for pesticide 
registration purposes."" So, depending on the product and AI, Surface Water may suggest a 
longer water-holding period if the product did not meet support for registration, but the 
water-hold may be shorter than the 30-day hold for thiobencarb, specifically. 
https://www.cdpr.ca.gov/docs/emon/pubs/ehapreps/report_263.pdf 

Anna Romanovsky 
EPA–HQ–OPP–2010-0230 
February 14, 2023 
Page 4 of 12 
 
In further e-mail communication with Ronald S Tjeerdema, PhD, DABT, UC Davis 
Department of Environmental Toxicology and Coastal Marine Sciences Institute 
From our experience soil and water pH can fluctuate between about 4.5 and 6.5. Bruce’s 
paper (attached) is one we refer to often, and it suggests the range is 4.5 to 7.5, depending 
on conditions. Carbamate insecticides do have the ability to degrade via hydrolysis, which 
can be catalyzed under alkaline conditions. This would result in a faster degradation 
reaction rate. 
Cited research paper:  Spatio-temporal salinity dynamics and yield response of rice in water-
seeded rice fields Mathias Marcosa,, Hussain Sharifib, Stephen R. Grattanc, Bruce A. Linquist. 
III. UC Pest Management Guidelines: Tadpole Shrimp 
“Scientific name: Triops longicaudatus 
Common name: Tadpole Shrimp 
DESCRIPTION OF THE PESTS 
Although they are crustaceans, tadpole shrimp resemble tadpoles in size, shape, color, and 
mobility. Tadpole shrimp have about 35 body segments, and all but the last six or seven have 
pairs of leaflike, gill-bearing appendages. A thin, olive-brown shield covers the front section 
of the body, and two long tails extend from the last segment. Two long, jointed appendages 
resembling antennae extend from below the well-developed chewing mandibles. 
Adults deposit eggs singly on soil or on plants at the bottom of the field. They are highly 
resistant to drying and remain viable for several years in unflooded soil. Most of the eggs 
hatch 1 to 3 days after spring flooding of the rice fields, but hatching may continue for 1 to 2 
weeks. The young develop rapidly by a series of molts and resemble the adults in less than 
24 hours. They feed on a variety of small animals and plants commensurate with their size 
as they grow and molt. The somewhat transparent molt skins may be mistaken for dead 
shrimp. The first instar larva is about 0.2 inch (5 mm) long. Egg pouches are first noted 
when shrimp are about 0.63 inch (16 mm) long, and by 3 weeks old the shrimp may be 1 
inch (2.5 cm) long. At maturity, tadpole shrimp are about 1.5 inches long. Masses of red-
orange eggs occur in 7 to 10 days from hatching in two brood pouches on the appendages of 
the 11th segment at the lower margin of the shield. 
DAMAGE 
Tadpole shrimp cause losses in seedling rice stands in two ways. First, they may chew off the 
coleoptile, roots, and leaves of the seedling, and uproot seedlings with their digging and 
feeding activity, all of which may kill the plants. Second, their digging activities associated 
with egg laying muddy the water, reducing light penetration and thereby slow the growth of 
the submerged seedlings. Tadpole shrimp cause no injury to rice once leaves have reached 
the water surface and roots are well established in the soil. 

Anna Romanovsky 
EPA–HQ–OPP–2010-0230 
February 14, 2023 
Page 5 of 12 
 
MANAGEMENT 
Management of tadpole shrimp involves rapid seeding of the field after flooding and 
monitoring twice within the first 2 weeks following flooding to determine the need for 
chemical treatment. As an alternative, some population reduction can be obtained by 
flooding and draining the field before flooding for seeding. 
 
Cultural Control 
 
Most tadpole shrimp eggs hatch within 2 days after contact with water. The longer the time 
between hatching of the eggs and planting, the larger the size of the shrimp and the greater 
the potential for plant injury. Flood the field as fast as possible, and seed as soon as possible 
after flooding has been initiated. In very large fields that take more than a few days to flood, 
you may want to seed basins (checks) in sequence as they fill with water. Rice stands that 
have been reduced by shrimp feeding can be reseeded but generally a good stand of rice is 
difficult to establish in this manner. 
 
Flooding and draining the field before planting will kill hatched tadpole shrimp through 
desiccation and are alternatives to chemical control. Do not drain the field until 4 to 5 days 
after initial flood so the maximum egg hatch can occur. The draining time will vary based on 
soil type and weather but should continue for at least 24 hours after all standing water is 
gone. Shrimp will gather in standing water in low areas and will reinfest the field if the drain 
period is too short. Reflooding may result in some shrimp from previously unhatched eggs, 
but they would be in noneconomic numbers and less likely to damage the older, firmer 
rooted seedlings. Any soil cultivation following the drain period may bring viable, unhatched 
shrimp eggs to the soil surface for possible infestation upon reflooding, however. 
 
A decision to drain must take into account possible negative aspects such as fertilizer loss, 
encouragement of weeds, or interruption of weed control procedures, interruption of 
pesticide holding requirements, and the economics of irrigation. 
 
Organically Acceptable Methods 
 
Draining, as described under cultural controls, and applications of copper sulfate are 
organically acceptable methods. 
 
Monitoring 
 
Check all your fields during seedling development, but give special attention to those that 
had significant populations of tadpole shrimp last year. Even though infestations may have 
been localized in previous years, monitor all quadrants of the field because the shrimp can 
occur well beyond previously observed boundaries. Masses of wind-blown cut leaves and 
floating seedlings along the levees combined with muddy water are good evidence of 

Anna Romanovsky 
EPA–HQ–OPP–2010-0230 
February 14, 2023 
Page 6 of 12 
 
tadpole shrimp activity. Check for shrimp and floating shrimp molt skins to confirm the pest, 
because crayfish and seed midges cause similar damage. If the water is clear, you can usually 
see the shrimp on the bottom although they may be small. If the water is murky or muddy, 
you may still see the shrimp as they come to the surface but cool temperatures may slow 
their activity. A fish seine (1/8-inch mesh) pulled along the bottom of the field will reveal 
their presence or absence. 
 
The action threshold is determined by counting numbers of seedlings at various stages of 
development. Take samples twice during seedling development: at 5 to 7 days after flooding 
is initiated and again 3 days to a week later. Use a metal or plastic cylinder or square with 
open ends that encloses 1 square foot and with sides higher than the water depth, to count 
the plant stand. Place it in the water gently so the area to be observed remains clear. If the 
water is murky because of wind and wave action, you may have to wait a day or two to allow 
it to clear. An alternative to waiting is to view the seedlings through a clear glass or plastic 
container or jar held within the sampling device. Hold the viewing device open end up and 
push it down into the cloudy water until you can see the bottom of the field and move the jar 
around to see the seedlings. Take 10 samples across the check on each sampling date. Take 
20 samples if your checks are large. The treatment guidelines below are based on a seeding 
rate of 150 pound per acre. 
 
Treatment Decisions 
 
Take the first sample 5 to 7 days after flooding begins. Treat if tadpole shrimp or their 
molted skins are present and less than 30 healthy seedlings per square foot are found, and 
there is damage due to shrimp feeding. 
 
Take the second sample 8 to 14 days after flooding. An average of 25 or more healthy 
seedlings per square foot at this time should provide a good stand. Treat if less than 25 
healthy seedlings are found and evidence of shrimp is present in the monitoring area. If 25 
or more healthy seedlings are found but there is also evidence of tadpole shrimp activity, 
repeat the sampling procedure every 2 to 3 days until rice plants emerge above the water 
surface. Treat if the average number of seedlings drops below 25 plants. 
 
If muddy water does not allow an adequate visual inspection of the plant stand after 8 days, 
treatment decisions must be based on the presence of shrimp and shed skins, and 
observations of chewed shoot tips or roots, or uprooted floating seedlings. 
 
Recommended insecticides:  
Lambda-cyhalothrin 
Copper sulfate pentahydrate 
Carbaryl 
 
 

Anna Romanovsky 
EPA–HQ–OPP–2010-0230 
February 14, 2023 
Page 7 of 12 
 
Publication 
UC IPM Pest Management Guidelines: Rice 
UC ANR Publication 3465 
 
Invertebrates 
L. D. Godfrey, Entomology, UC Davis 
L. A. Espino, UC Cooperative Extension, Colusa County 
S.P. Lawler, Entomology, UC Davis (General Information, Managing Mosquitoes in Agricultural Situations)” 
 
The following table shows the total insecticide use on California rice from 1989 to 2015. Not 
all insecticides have been registered in California for that duration. We can provide 
additional usage details specific to each insecticide, if necessary.   
Table 1. Insecticide Use on California Rice 
Active Ingredient/Insecticide Class 
Average 
Acreage  
Average Total Acres 
Treated (1989-2015) 
Bacillus thuringiensis/ Biological 
935 
0.19% 
Carbaryl/Carbamate 
4,405 
0.89% 
Clothianidin/Neonicotinoid 
256 
0.05% 
(s)-cypermethrin (zeta)/Pyrethroid 
28,949 
5.85% 
Diflubenzuron/Insect Growth Regulator 
2,948 
0.60% 
Lambda-cyhalothrin/Pyrethroid 
91,645 
18.52% 
Malathion/Organophosphate 
2,401 
0.49% 
Source: California Department of Pesticide Regulation, Pesticide Use Report 1989-2015; United States Department of 
Agriculture, National Agricultural Statistics Services (USDA/NASS) 
IV. Cultural Practices 
 
In the Central Valley north of Sacramento, the majority of rice is grown on clay soil primarily 
unsuitable for supporting other crops (CH2M Hill 1992.) Therefore, crop rotation is not 
common on rice ground. Approximately 98 to 99 percent of California rice is seeded in 
standing water at three to five inches deep. The field preparation and rice planting are 
weather dependent. Weather can delay the planting process, but there never is a time when 
the season starts early due to unusually dry conditions as the temperatures are too cool for 
germination, and the early planted rice becomes feed for late migrating waterfowl. 
 
 
 
A. Field preparation 
 
Water can be held on the harvested (non-crop period) rice fields over the winter months 
with draining starting at the end of February, first of March. The harvested fields usually fill 
from rainfall. These wet fields facilitate the decomposition of the stubble remaining after 
harvest. The winter flooded fields provide habitat for migration waterfowl along the Pacific 
Flyway.  
 

Anna Romanovsky 
EPA–HQ–OPP–2010-0230 
February 14, 2023 
Page 8 of 12 
 
Food to sustain the waterfowl comes from spent grain left from the harvester, and insects 
living in the mud. With the loss in wetlands for flood control, the rice fields provide 300,000 
acres of winter habitat. Considerable research in collaboration with the industry, the 
Universities, and several avian groups demonstrate the benefits rice fields provide to 
wildlife. Section V cites some of the decades of work and studies on impacts to waterfowl.  
 
After the field is drained, the soil is disked to open up the top layer allowing it to aerate. 
Additional equipment is used to break-up the disked soil into a finer, smoother texture. 
Preplant fertilizer is incorporated at this time. The fields are leveled to slopes of 0.05 to 0.1 
percent to allow for drainage. A grooved roller is pulled over the leveled field to create small 
rolls of ridges (UCCE/UCANR, Land Formation 2015).  
 
Water is then added to the field at a depth of three to five inches. The rice seed is soaked in 
water 24 to 48 hours before planting. Soaking the seed starts the germination process and 
adds weight. The soaked seed is flown onto the field dropping through the water and settling 
into a groove formed during field preparation.  
 
Seedlings will break through the water and remain vulnerable to insect infestation, or 
dislodging until the plant tillers and begins forming the canopy. Once the rice stand is 
established, the plant is naturally resistant to insect infestation under normal conditions 
(UCCE/UCANR 2015, Planting & Stand Establishment). 
 
Figure 1. Calendar of operations 
Source: CH2M Hill for the CRC Irrigated Lands Regulatory Program. 
Note: The calendar is an approximation. Weather can delay the start of the rice season. However, the rice season never 
starts earlier than the dates on the chart.  
 
 
 
B. Rice seeding 
 
Approximately one to two percent of California rice is dry seeded. Dry seeding helps to 
break up the weed cycle due to the limited number of available herbicides with differing 
modes of action.  
 

Anna Romanovsky 
EPA–HQ–OPP–2010-0230 
February 14, 2023 
Page 9 of 12 
 
Water seeding became an industry wide practice around 1982 (Div. of Ag. Sci. 1982). The 
initial rational was to allow the pre-germinated seed an opportunity to break the water 
surface in advance of the weeds for non-chemical control. In addition to weed control, water 
seeding facilitates nitrogen nutrition and increases productivity. The rice seed is water 
soaked 24 to 48 hours in large bins that are drained before the seed is transferred to trucks 
and delivered to the fields. The seed is transferred from the truck to an airplane and flown 
onto the prepared, flooded field. 
 
The water is kept on the field throughout the season except for short-term drainage, 
permanently removing it only at the end of the growing season to prepare the crop for 
harvest. Water depth is maintained at three to five inches for three or more months 
depending on the pest pressure to the crop.  
 
As previously stated, California rice is most susceptible to damage during the first six weeks 
after seeding, the time it takes for the crop to set roots and break through the water. 
Growers refer to this critical time as stand establishment when the plants are most 
vulnerable to insect pressure (UCCE/UCANR 2015, Planting & Stand Establishment; 
UCCE/UCANR 2015, Water Management). 
 
Whether rice growers water or dry seed, the water is added and cultural practices are 
identical for the growing season. The flooding of rice fields during the production stage 
involves the same practices whether the crop was dry, or water seeded.  
 
The number of plants per square foot can vary from 12 to 46 (UCCE/UCANR 2015, Planting 
and Stand Establishment). Minimum seedling population for maximum yield is dependent 
on many factors including sowing method, water management, planting date, rice variety 
and soil type (UCCE/UCANR 2015, Planting & Stand Establishment). 
 

Anna Romanovsky 
EPA–HQ–OPP–2010-0230 
February 14, 2023 
Page 10 of 12 
 
 
 
 
V. Background on the CRC 
The California Rice Commission (CRC) is a statutory organization representing the entirety 
of the California rice industry consisting of 2,500 rice farmers and marketers (CDFA FAC 
71000-71138). We represent the California rice industry on regulatory issues for pesticides, 
air and water quality, conservation programs and public education. As a commission, we do 
not have a membership of interested parties because our members must grow rice, market 
the commodity and pay a mandatory assessment to the CRC.  
 
California is the second largest rice producing state in the United States, growing mostly 
japonica medium grain on an average of 500,000 acres annually (CDFA).  California is one of 
the largest organic rice producing states with approximately five percent of the total acreage 
in certified production.  
 
 
 
Figure 2. Rice Growth Stage Chart 

Anna Romanovsky 
EPA–HQ–OPP–2010-0230 
February 14, 2023 
Page 11 of 12 
 
VI. Summary 
 
The CRC realizes that carbaryl usage has declined significantly on rice. However, carbaryl is 
one of the few tools registered for tadpole shrimp control, a significant seedling pest. Our 
comments intend to define the need for carbaryl, while addressing potential questions and 
concerns from the use of insecticides on California rice.  
 
Water holding requirements can be a form of mitigation. However, the insecticides typically 
have a water hold duration of seven to 14 days. It is critical the water holding requirements 
are not extensive for early season insecticides. Several of the herbicides require a water 
draw down prior to application because lower in field water allows for contact to the weed. 
Any removal of water during a water hold is a violation, and the reason for a need of shorter 
durations in days for the insecticides.   
We value our positive relationship with staff at the U.S. Environmental Protection Agency. 
Our comments provide additional clarity in the overall assessment of rice while justifying 
the need for carbaryl as a minor use product to this important California crop. Please contact 
us for further information and clarification of our comments. 
Sincerely, 
 
Roberta L. Firoved 
Industry Affairs Manager 
 
 
 
 
 
 
 
 
 
 
 
 
 
 
 
 
 
 

Anna Romanovsky 
EPA–HQ–OPP–2010-0230 
February 14, 2023 
Page 12 of 12 
 
VII.  References Cited 
 
California Department of Food & Agriculture. California Agricultural Production Statistics. 
2021.  
 
California Department of Food & Agriculture. Food & Agricultural Code, Sections  
71000-71138. 
 
California Department of Pesticide Regulation. Pesticide Use Report. 1989-2015. 
 
CH2M Hill. 1992. Balance Sheet. Environmental & Conservation Balance Sheet for the 
California Rice Industry. Prepared for the California Rice Commission. 
Division of Agricultural Sciences, University of California. Pest Control and Water 
Management in Rice; Hold Your Water! Leaflet 21298. April 1982. 
 
Espino, Luis A. Rice Farm Advisor. Rice Farming Systems Advisor University of 
California Cooperative Extension. 
 
Grettenberger, Ian. Assistant Specialist in Cooperative Extension. University of California, 
Davis. 
 
Lou, Yuzhou. Report 263: Review and Evaluation of Pesticide Modeling Approaches in Rice 
Paddies. Department of Pesticide Regulation. 2011. 
 
Marcos, Mathisas, Hussain, Sharifi, Linquist, Bruce. Spatio-temporal salinity dynamics and 
yield response of rice in water-seeded rice fields. 2017. 
 
University of California Cooperative Extension. University of California Rice Project. 
Agriculture and Natural Resources. Rice Production Workshop Manual 2018. 
http://ucanr.edu/sites/UCRiceProject/Publications/Rice_Production_Workshop_Manual/ 
 
University of California Integrated Pest Management (UCIPM) for Rice – Third Edition. 2013."
EPA-HQ-OPP-2010-0230-0134,EPA-HQ-OPP-2010-0230,"P.O. Box 2437 · Woodland, CA 95695 · zach@tomatonet.org · (530) 405-9469 
 
February 14th, 2023 
 
Mary Elissa Reaves 
Director, Pesticide Re-Evaluation Division, Office of Pesticide Programs 
C/O OPP Docket EPA-HQ-OPP-2010-0230-0108 
Environmental Protection Agency 
1200 Pennsylvania Ave., N.W. 
Washington, DC 20460-0001 
 
Dear Ms. Reaves, 
 
Thank you for the opportunity to comment on the review and proposed interim decision for 
carbaryl. The California Tomato Research Institute (CTRI) appreciates the work of the OPP 
specifically and the EPA generally in your efforts towards a more holistic understanding of the 
appropriate uses, economic benefits and on farm tradeoffs associated with this class of pesticide. 
 
Founded in 1968, the CTRI is an independently funded voluntary Board of tomato growers. As the 
industry's research sponsor in California, the Institute's purpose is to identify, fund and direct 
research to maintain and enhance the economic viability of California's tomato industry with 
emphasis on production, product quality and the environment. With over 150 members, the 
growers in our organization are responsible for more than two thirds of the production of processing 
tomatoes in California. In a given year the processing tomato growers of California are responsible 
for 95% of the total U.S. production of this crop; approximately one third of the world’s global 
production with an annual farm-gate value of over $ 1.1 Billion. 
 
Our Grower Members utilize the granular ground-bait formulation of carbaryl as the only means of 
controlling soil-dwelling insects shortly after planting, particularly darkling beetle, which can 
otherwise devastate an expensive (representing ~30% of the total cost of production) field of 
transplants. This group of pests chew the stems of young plants shortly after planting, killing plants 
after even a small amount of feeding.  
 
The California Department of Pesticide Regulation recently concluded that the use of carbaryl for 
soil-dwelling insect pests is a critical use. Experts contacted by DPR indicate that early-season 
application for carbaryl bait is common and essential. The limited number of alternatives are more 
expensive and less effective; with the unfortunate unintended consequence of no access to carbaryl 
being the return to soil management practices that are less effective in building soil health and in 
sequestering carbon. A tradeoff no regulator or grower is interested in making.  
 
We encourage EPA to continue the registration of carbaryl ground-bait for processing tomatoes in 
California. The use of ground-bait does not risk actual foliar exposure, which from our 
understanding, is the actual concern in this review.   
 
If you would like to further discuss our support for this proposal, I can be reached at 530-405-9469 
or zach@tomatonet.org. 
 
Sincerely, 
 
 
Zach Bagley 
Managing Director 
California Tomato Research Institute 
 
 
 
 
Officers 
 
Chairman 
Rick Blankenship 
Huron 
Vice-Chairman 
Darryl Bettencourt 
Corcoran 
Secretary/Treasurer 
Chope Gill 
Dixon 
 
Directors 
 
• 
Toshi Aoki 
Woodland 
• 
Derek Azevedo 
Los Banos 
• 
Bryan Barrios 
Yolo 
• 
Daniel Burns 
Dos Palos 
• 
Dino Del Carlo 
Stockton 
• 
Michael Newton 
Stratford 
• 
Brian Park 
Meridian 
• 
Ray Perez 
Crows Landing 
• 
Scott Schmidt 
Five Points 
• 
Scott Spitzer 
Bakersfield 
• 
Patrick Taddeucci 
Firebaugh 
 
 
Managing Director 
Zach Bagley"
EPA-HQ-OPP-2010-0230-0135,EPA-HQ-OPP-2010-0230,"EPA-HQ-OPP-2010-0230 
1 
 
February 14, 2023 
Anna Romanovsky 
Pesticide Re-Evaluation Division (7508P) 
Office of Pesticide Programs 
Environmental Protection Agency 
1200 Pennsylvania Ave., NW 
Washington, DC 20004 
via regulations.gov: EPA-HQ-OPP-2010-0230 
Re: Comments on Registration Review: Proposed Interim Registration Review Decision for Carbaryl 
(released December 1, 2022). 
 
Dear Ms. Romanovsky:  
Established in 1933, CropLife America (CLA) represents the developers, manufacturers, formulators, and 
distributors of pesticides for agriculture and pest management in the United States. CLA represents the 
interests of its registrant member companies by, among other things, monitoring legislation, federal 
agency regulations and actions, and litigation that impact the crop protection and pest control industries 
and participating in such actions when appropriate. CLA’s member companies produce, sell, and 
distribute virtually all the pesticide and biotechnology products used by American farmers. 
CLA appreciates the opportunity to comment on the Proposed Interim Registration Review Decision for 
Carbaryl produced by the Environmental Protection Agency (EPA or the Agency). Should you have any 
questions or comments, please feel free to contact me at mbasu@croplifeamerica.org or (202) 296-1585.  
Sincerely,  
 
 Manojit Basu 
Vice President, Science Policy 
CropLife America 
 
CC: 
Elissa Reaves, Director, Pesticide Re-Evaluation Division, EPA OPP 
Jan Matuszko, Acting Division Director, EPA EFED 
Kimberly Nesci, Director, USDA OPMP 
 
 

EPA-HQ-OPP-2010-0230 
2 
 
CropLife America Comments on the Proposed Interim Registration Review Decision for Carbaryl 
CropLife America (CLA) represents the developers, manufacturers, formulators, and distributors of 
pesticides for agriculture and pest management in the United States. As such, we are uniquely positioned 
to assist the Environmental Protection Agency (the EPA or the Agency) in their efforts to implement an 
enhanced pesticide registration review process in keeping with the EPA work plan released April 12, 
2022. Carbaryl is one of the first pesticides to move through the enhanced registration review process. 
The EPA released the proposed interim registration review decision (PID) for carbaryl on December 1, 
2022 for public comment. This report contains CLA’s comments on this PID for carbaryl, but many of the 
comments are also likely to apply to future pesticide registration decisions.  
CLA would like to recognize that the EPA worked with multiple stakeholders during the development of 
the PID. CLA and its member companies look forward to continuing and expanding opportunities for 
collaboration with the EPA and other regulatory authorities (e.g., the Fish and Wildlife Service (FWS) and 
National Marine Fisheries Service (NMFS) (the Services collectively)), to achieve a registration review 
program that provides predictable, scientifically defensible, and consistent results for all stakeholders 
while also providing statutory protection for listed species.  
The main issues we identified with the PID include the timing and lack of scientific basis for some of the 
mitigations being proposed. As the Agency is aware, the Services have been working for some time on 
the EPA-requested consultations for carbaryl, with draft biological opinions (BiOps) expected from both 
Services this year. We are concerned with how EPA will reconcile mitigations identified in this PID and 
mitigations that may be proposed once the BiOps are complete. EPA states that they will complete 
consultation with the Services prior to completing the carbaryl registration in the PID.  As such, it is 
unclear why mitigations are being proposed at this juncture. It would be far more efficient and less 
confusing to growers, registrants, and others if changes to carbaryl labels were implemented once during 
the registration review process. 
There is limited scientific justification for proposed mitigations. Some of the runoff mitigations proposed by 
the EPA have not been clearly defined and none of them are clearly linked to the population-level 
protection goals of the Endangered Species Act (ESA). There should be appropriate methods (e.g., 
population modeling) and best available data applied to support the recommended mitigations.  
We hope that the comments provided here will assist the EPA and the Services in moving towards an 
efficient and scientifically-defensible process that is protective of the environment and which provides 
certainty in the regulatory process for our members, pesticide users, and other stakeholders. 

EPA-HQ-OPP-2010-0230 
3 
 
INTRODUCTION 
To account for evolving science and methodologies which can change the understanding of pesticide 
use, carbaryl is currently undergoing registration review and EPA has released the PID for public 
comment (EPA, 2022a). CLA has reviewed the carbaryl PID and provides the following comments. Our 
focus is on policy and technical considerations, and our comments are directed at improving the carbaryl 
PID and subsequent Interim Decision or Final Decision.   
POLICY CONSIDERATIONS FOR THE AGENCY 
Stakeholder Engagement 
Stakeholder engagement is a key requirement of the registration review process, particularly with the 
addition of the endangered species component to the PID (EPA, 2022a). Stakeholders, including 
registrants and growers familiar with carbaryl, can provide EPA with much-needed context and expertise 
during the registration review process, including through comments posted to the docket. Registrants 
have broad information about their products, can often provide best available data for registration review, 
and can potentially provide expertise and knowledge on product use and other information that may be 
important to EPA evaluations and the development of mitigations. In the case of carbaryl, EPA has 
discussed upfront mitigations and consideration for four listed species: Upper Columbia River steelhead 
trout, Miami tiger beetle, wireweed, and Squirrel Chimney cave shrimp. CLA looks forward to continuing 
and expanding opportunities for collaboration with EPA, the Services, the US Department of Agriculture 
(USDA), and other stakeholders to achieve a registration review program that provides predictable, 
scientifically defensible, and consistent results for all stakeholders while also protecting listed and other 
non-target species. 
TECHNICAL CONSIDERATIONS 
Approach and Methodology 
CLA recognizes the work that the Agency has accomplished during the registration review process for 
carbaryl. In this instance there is increased complexity due to the developing approach to endangered 
species risk assessment and associated  proposed mitigations and label language. With respect to the 
listed species portion of the PID (EPA, 2022a), the Agency has moved in a positive direction relative to 
some of the early biological evaluations (BEs). Additionally, EPA has applied experience gained from the 
FWS biological opinion for malathion. Examples of these improvements include applying more species-
specific information (e.g., dietary, habitat requirements), accounting for existing management areas and 
localized management plans, considering wind direction and likelihood of intercept from physical 

EPA-HQ-OPP-2010-0230 
4 
 
structures, using updated range maps where possible, approaching usage data in a more practical 
manner, and evaluating use data layers to allow for crop specific mitigations, among others.   
Mitigations 
CropLife America has several comments on the mitigations proposed by the EPA in the carbaryl PID. The 
comments are both technical and process-oriented and are described below.   
Carbaryl registrants proposed a suite of changes to the carbaryl labels to mitigate exposure to listed 
species (see EPA-HQ-OPP-2010-0230-0121). Although EPA acknowledges these voluntary mitigations in 
the PID and indicates they were applied in the baseline exposure assessment, the value and impact of 
proactive/voluntary mitigation by registrants (beyond current labels) was not transparent in the analyses. 
In the carbaryl PID, EPA specifically addresses risks to four pilot species. It is unclear if the EPA is 
applying the proposed mitigations for these four species to other species without an adequate risk 
assessment. This is particularly concerning given the fact that the Services are in the process of 
completing their BiOp for carbaryl, and are identifying the specific listed species and critical habitats that 
require mitigations, and what those mitigations might be. EPA should consider that the Services have an 
integral role with determining J/AM and will be working with registrants to develop reasonable and 
prudent alternatives (RPAs) and measures (RPMs). Proceeding with generalized ESA mitigations in the 
absence of Services BiOps is inefficient, costly, and creates unnecessary confusion for registrants, 
growers, and other stakeholders.  
As an example, the conclusion of the Upper Columbia River steelhead trout risk assessment suggests 
that, irrespective of the “baseline mitigations,” additional mitigations are required to be protective of this 
species (EPA, 2022a). It appears that EPA is implementing a number of the mitigations proposed in the 
2009 NMFS BiOp for carbaryl (NMFS, 2009).  These involve NMFS’s approach for reducing pesticide 
loading in aquatic environments as the basis of the currently proposed mitigation for carbaryl. The intent 
of these use modifications is to substantially reduce runoff and spray drift, and thus exposure, thereby 
making J/AM unlikely.  However, these mitigations are unnecessarily restrictive for growers and are, 
concerningly, divorced from the presentation or discussion of actual risk estimates.  
The mitigations proposed in the PID include specific buffers around waterbodies of 25 ft, or 55 ft if wind is 
blowing towards the aquatic habitat. Also, adjustments to label language (e.g., Do not apply when a storm 
event is likely within 48 hours following application) are recommended. Thus, EPA is ignoring the 
chemical-specific characteristics that must be incorporated in order to produce scientifically defensible 
mitigations, choosing instead to base carbaryl mitigations on customized NMFS broad-brush proposals 
that are not significantly tailored for the active ingredient under review. 
 

EPA-HQ-OPP-2010-0230 
5 
 
Terminology Clarification 
CLA would like to make the following request for clarification to the EPA on the implementation of and 
compliance with proposed mitigations for the Upper Columbia River steelhead trout:  
• 
EPA should define terms like ‘functional riparian system’, ‘riparian hedgerow’ and ‘vegetated 
ditch’.  
o 
If riparian hedgerows and vegetated ditches have been used before, are they feasible for 
the growers and are they effective at reducing runoff and/or drift? 
• 
Are there legal or agronomical concerns regarding maintaining vegetative filter strips or other 
similar buffers around agriculture in salmonid states? 
• 
Regarding the tillage practice mitigation approach: Can EPA provide clarification on which crops 
and cropping practices will qualify for no-till or reduced till practices?  For example, would 
orchards qualify? 
• 
Regarding drift mitigation “Do not apply within 40 feet of aquatic habitats”: If there is already a 25-
foot buffer in the baseline mitigations and a 55-foot buffer when the wind is blowing toward the 
habitat, why is this 40-foot buffer necessary? 
CLA is also concerned about the lack of analysis regarding the link between the proposed mitigations 
(including the baseline mitigations) and the population-level protection goals of ESA. The Services have 
an integral role in determining jeopardy/adverse modification and work with the applicants to derive 
RPAs.  If the Agency is going to proceed with mitigations that are intended to reduce exposure and 
potentially risk, then there must be a scientifically-defensible and chemical-specific process to 
quantitatively link the mitigation outcome to ESA protection goals (e.g., population modeling) (see NRC, 
2012).  
CONCLUSION 
CLA continues to support improvements in transparency, consistency, and use of upfront mitigations in 
the ESA analyses. We recognize the effort that goes into pesticide registration, and the registration 
review process is made more complex with new approaches to evaluating listed species. We hope that 
the comments provided here will assist the EPA, and to a certain extent, the Services, in moving towards 
an efficient and scientifically-defensible process that is not only protective of the environment but also 
provides certainty in the regulatory process for our members and for pesticide users. 
 
 

EPA-HQ-OPP-2010-0230 
6 
 
REFERENCES 
EPA (US Environmental Protection Agency). 2022a. Carbaryl: Proposed Interim Registration Review 
Decision Case Number 0080, November 2022. Docket Number EPA-HQ-OPP-2010-0230  
EPA. 2022b. Balancing Wildlife Protection and Responsible Pesticide Use: How EPA’s Pesticide Program 
Will Meet its Endangered Species Act Obligations. https://www.epa.gov/endangered-species/epas-
workplan-and-progress-toward-better-protections-endangered-species 
EPA. 2022c. ESA Workplan Update: Nontarget Species Mitigation for Registration Review and Other 
FIFRA Actions. November 2022. https://www.epa.gov/endangered-species/epas-workplan-and-
progress-toward-better-protections-endangered-species 
EPA. 2022d. Implementing EPA’s Workplan to Protect Endangered and Threatened Species from 
Pesticides: Pilot Projects. June 21, 2022. 
EPA. 2022e. Carbaryl: Draft Evaluation Supporting Proposed Mitigations Predicted to Avoid Jeopardy 
and Adverse Modification of Designated Critical Habitat and Reduce Take for Four Federally Listed 
Endangered and Threatened Species (November 18, 2022) 
FWS (US Fish and Wildlife Service). 2021. Biological and Conference Opinion on Registration of 
Malathion Pursuant to the Federal Insecticide, Fungicide, and Rodenticide Act. Ecological Services 
Program, Headquarters, February 28th, 2022. 
NRC (National Research Council). 2012. Assessing risks to endangered and threatened species from 
pesticides. Committee on Ecological Risk Assessment Under FIFRA and ESA; Board on 
Environmental Studies and Toxicology; Division on Earth and Life Studies. 
http://www.nap.edu/catalog.php?record_id=18344"
EPA-HQ-OPP-2010-0230-0125,EPA-HQ-OPP-2010-0230,"February 13, 2023 
Office of Pesticide Programs 
U.S. Environmental Protection Agency 
1200 Pennsylvania Ave., NW 
Washington, DC 20460  
 
 
Cranberry industry comments 
Pesticide Registration Review: Proposed Interim Decisions for Carbaryl 
Docket ID: EPA-HQ-OPP-2010-0230 
 
 
The Cranberry Institute (CI) is a not-for-profit organization founded in 1951 to further the success 
of cranberry growers and the industry in the Americas through health, agricultural and 
environmental stewardship research as well as cranberry promotion and education. Our supporting 
members handle approximately 90% of the commercial cranberry crop grown in North America. 
In the United States cranberry is grown on 44,000 acres, predominantly in Wisconsin, 
Massachusetts, New Jersey, Oregon, and Washington.  
Insect pest management is an important aspect of cranberry production in all growing regions. 
Although carbaryl is not widely used on most acres annually, it remains a critical compound for 
cranberry growers.  
Perennial crop growers face unique challenges. Cranberry growers can not readily shift their 
production areas or leave field edges untreated. Plantings on cranberry farms are in production 
for twenty or more years. Renovating a bed can cost more than $30,000 per acre and the 
establishment period is three to five years before full crop production is reached.  
The proposed spray drift mitigation language to be included on all carbaryl labels for products 
applied by liquid spray application states “for soil or foliar applications, do not apply by ground 
within 25 feet of aquatic habitats (such as, but not limited to, lakes, reservoirs, rivers, permanent 
streams, marshes or natural ponds, estuaries and commercial fish farm ponds.” Similar to what 
we have suggested in our comments to the Updated ESA Workplan, we urge EPA to adopt wind-
directional buffers for spray drift mitigation. Adoption of wind-directional buffers rather than 
buffers on all sides of a bed will give growers the needed flexibility to use crop protection 
materials while still preventing pesticide drift to aquatic habitats.  

Proposed Interim Decisions for Carbaryl, Docket ID: EPA-HQ-OPP-2010-0230  
Page 2 of 2 
 
Cranberry growers typically do not apply pesticides when wind speeds exceed 5 mph. Lower 
wind speed further limits potential for off-target spray drift. We encourage EPA to consider an 
allowance for significantly reduced buffer sizes if applications are made when winds are at or 
below 5 mph.  
We also feel the definition of “Aquatic habitat” needs refinement and clarification. The proposed 
language lists “aquatic habitats (such as, but not limited to, lakes, reservoirs, rivers, permanent 
streams, wetlands or natural ponds, estuaries, and commercial fish farm ponds).” On-farm 
constructed reservoirs (for tailwater recovery and for farm irrigation) should be considered exempt 
from spray drift buffer requirements. Additionally, on-farm canals and ditches for water 
conveyance should also be exempt from buffers.  
For the pollinator restriction, the proposed label stated that “Notifying beekeepers within 1 mile 
of treatment area at least 48 hours before product is applied will allow them to take additional 
steps to protect their bees”. Is this statement intended to apply for commercial beekeepers? It is 
not possible for a grower to know the locations or contact information for the recreational 
beekeepers in a given area.  
Thank you for your consideration of our comments. 
 
Sincerely, 
 
 
Katherine Ghantous 
Horticultural Advisor 
Cranberry Institute 
kghantous@cranberryinstitute.org"
EPA-HQ-OPP-2010-0230-0132,EPA-HQ-OPP-2010-0230,"February 14, 2023 
 
Office of Pesticide Programs  
Docket number EPA-HQ-OPP-2010-0230-0108 
Environmental Protection Agency Docket Center (EPA/DC) (28221T) 
1200 Pennsylvania Ave. NW 
Washington, DC 20460-0001 
 
Re:  
Comments on EPA’s Proposed Interim Decision for Carbaryl (Docket #: EPA-HQ-
OPP-2010-0230-0108)  
 
Please accept the following comments from the Center for Biological Diversity (“Center”) in 
response to the Environmental Protection Agency’s (“EPA”) Proposed Interim Decision for 
carbaryl. 
 
The Center is a non-profit environmental organization dedicated to the protection of native 
species and their habitats through science, policy, and environmental law. The Center has over 
1.7 million members and online activists dedicated to the protection and restoration of 
endangered species and wild places. The Center has worked for thirty-three years to protect 
imperiled plants and wildlife, open space, air and water quality, and overall quality of life. The 
Center’s Environmental Health Program aims to secure programmatic changes in the pesticide 
registration process including securing the completion and implementation of ESA consultations 
for all pesticides in order to ensure that the nation’s most imperiled species have a fighting 
chance in their battle against extinction.  
 
We appreciate the opportunity to provide comment. 
 
The Proposed Interim Decision (“PID”) for carbaryl presents some broad changes to the carbaryl 
label and mitigations meant to establish minimum mitigations (in the form of Bulletins) for four 
at-risk ESA-listed pilot species. The broad label changes and mitigations for the pilot species are 
a step in the right direction, but we remain concerned that label language and proposed 
mitigations remain insufficiently protective and are not targeted enough to make the Bulletins 
Live II (“BLT”) approach meaningful on the ground. 
 
It is absolutely essential that EPA use the pilot species mitigation project to put in place strong, 
efficient, targeted mitigations that can be replicated to other ESA-listed species as part of its 
ongoing consultation with the Services. Below we outline ways that this pilot process can 
achieve adequate protections for the vulnerable plants and animals protected under the ESA. We 
also outline our strong disagreement with EPA’s attempt to offer alternative Reasonable and 

Prudent Alternatives (“RPAs”) in relation to the National Marine Fisheries Service (“NMFS”) 
completed 2009 carbaryl biological opinion (“BiOp”).     
 
In short, our comments include the following positions: 
 
1) Carbaryl use should be prohibited in designated critical habitat of all listed species 
throughout the entire year, excepting for pesticide use that directly benefits a listed 
species or a legitimate conservation or human health objective, such as removing 
invasive species or treating serious disease.  
2) To address runoff in an enforceable and implementable manner, EPA should implement a 
standard, minimum 100 ft buffer from waterways to protect listed species. A 25-foot 
buffer is simply too small, too easy for non-compliant entities to ignore, and too difficult 
to enforce. Included together with the standard 100-foot buffer, EPA should also require 
a standard, minimum 30-foot vegetative filter strip. 
3) To address drift and/or volatilization, EPA should implement a standard, minimum 100-
foot omnidirectional buffer for ground applications and aerial application should not be 
allowed for any use. If aerial application is allowed, it should have at least a 250-foot 
omnidirectional buffer for aerial applications to protect listed species. Wind-direction 
contingent buffers are not effective, not enforceable, and provide a massive loophole 
(e.g., any person can claim wind was not blowing when spraying occurred) that makes 
such mitigation essentially useless. 
4) While such standard, minimum buffers for runoff, drift and/or volatilization should be 
required on all labels, EPA should clarify and make clear to registrants that such 
measures are the minimum additional label changes for Bulletins Live II. A menu of 
additional mitigation options may still be required to both avoid jeopardy, and crucially, 
minimize avoidable take as the Endangered Species Act requires.  
5) Together with stronger, more enforceable mitigations, Bulletins must have far greater 
specificity to areas where species presently occur. Such information generally exists and 
our comments discuss this in detail below.  
6) Any effort to minimize avoidable take should include tank mix restrictions in the form of 
requiring rate reductions when pesticides that affect the same organ system are mixed.  
7) It is unnecessary, and contrary to the plain language, law and spirit of the ESA, to 
conduct a cost-benefit analysis – especially for Bulletin mitigations.     
8) The many legal and scientific flaws of the U.S. Fish and Wildlife Service (“FWS”) 
malathion BiOp must preclude its use as a blueprint for making predictive jeopardy 
determinations. The NMFS malathion BiOp provides a far superior blueprint both legally 
and scientifically. 
 
 
 

I. 
EPA Predictive Jeopardy Approach to Endangered Species Act Compliance 
 
It is important to recognize several critical limitations with the EPA’s approach in assessing the 
likely harms to listed species. First and foremost, the EPA does not possess the statutory 
authority or scientific expertise to correctly assess or make “predictive” determinations regarding 
jeopardy to any listed species, as such determinations can only be made by the U.S. Fish and 
Wildlife Service and National Marine Fisheries Service during formal consultations under the 
Endangered Species Act. Jeopardy can only be assessed in context of the full suite of threats to 
any given species, after considerations of the environmental baseline, cumulative effects and the 
real-world conservation status of any given species, none of which are considered by the EPA in 
its Proposed Interim Decision. However, we recognize that the EPA is making efforts to make 
strides in protecting species from pesticides and commend its efforts.  
 
We do agree that the EPA can, somewhat accurately, assess the relative likelihood of severe 
harm to listed species from pesticides, but its methodologies continue to overlook key 
information including, for example, the relative extinction risk within taxonomic groups of 
similar species. Thus, while the Center does not necessarily fault the selection of the four pilot 
species here, we note that other species may have presented better opportunities to put in place 
conservation measures for even-more imperiled species than the ones selected. 
 
Second, it is vital for the EPA to recognize that the consultation process contains two, mandatory 
statutory goals: (1) avoiding jeopardy or adverse modification of critical habitat, and (2) 
minimization of unavoidable take in situations where jeopardy will not occur.1 To the extent that 
EPA’s Proposed Interim Decision might mean that the registration of carbaryl will avoid 
jeopardy for a subset of listed species, that is certainly positive. However, reducing take to a 
level that possibly avoids jeopardy does not mean that EPA has satisfied the requirements of the 
ESA, all unavoidable take must be minimized in order to receive an Incidental Take Statement. 
The Center supports the EPA’s efforts to reduce take to listed species at the front-end of 
consultation and at every opportunity during EPA’s registration review processes, but it should 
not, and may not legally, create the expectation that these initial mitigation measures are 
sufficient for full compliance with the Endangered Species Act. 
 
Finally, we would also like to emphasize that the EPA’s over-reliance on the conclusions within 
the FWS’s malathion BiOp is extraordinarily problematic. The BiOp remains fatally flawed and 
would not withstand judicial review, in part because it failed to fully assess the full range of 
harms from insecticides for many listed species, and both its draft and final conclusions 
regarding jeopardy are highly problematic. Excessive reliance by the EPA on the FWS BiOp will 
 
1 16 U.S.C. 1536(b)(4) (The Secretaries shall provide: “a written statement that (i) specifies the impact of such 
incidental taking on the species, (ii) specifies those reasonable and prudent measures that the Secretary considers 
necessary or appropriate to minimize such impact.” 

cause the EPA problems down the road. We urge the EPA to look to the NMFS chlorpyrifos, 
diazinon and malathion BiOp (as well as many of the regional BiOps completed by NMFS) as 
better blueprints for its predictive jeopardy findings.  
II. 
General Label Changes and Mitigation Measures 
While the pilot species are clearly vulnerable to carbaryl, we would like to note that many other 
listed species that may or may not be less highly exposed or at risk than these three pilot species 
are still likely to be jeopardized by EPA’s action. It is equally clear that many more species 
deserve similar protections from harm by this dangerous pesticide. This exercise does not excuse 
EPA from its duties to these other species. 
Usage data are not the best available science for determining a pesticide use footprint because 
they are not transparent, reliable or accurately predictive of future use – especially in this era of 
climate chaos. Reliance on usage data limits the accuracy of the EPA’s conclusions regarding 
likely harm to listed species from carbaryl. 
Of utmost importance when designing label mitigations is that they are effective, simple, likely 
to be followed and enforceable. None of the proposed Bulletin mitigations achieve these four 
requirements. Prohibitions on applying pesticides when the wind is blowing in a certain direction 
or when it may or may not rain in an amount that will produce runoff in the next two days is 
insufficient for several reasons. These requirements are rife with subjectivity and are in many 
ways unenforceable. Mitigations that have a clear potential to be violated will not achieve their 
intended purpose and do not meet the legal standards required by the Endangered Species Act. 
Below we propose mitigations that are strong and simple in an effort to strengthen compliance 
and protect species.  
A) Critical Habitat Must be Fully Protected from Pesticides 
All pesticide use should cease in designated critical habitat of all listed species throughout the 
entire year, excepting any use that directly benefits a listed species or a legitimate conservation 
or human health objective, such as removing invasive species or treating serious disease. 
 
Critical habitat is essential to the survival and recovery of ESA listed species. Critical habitat is 
often the only source of remnant, high-quality habitat left for many species and pesticides have 
no place in these designated areas. Restricting pesticide use in critical habitat is an easy, efficient 
mitigation that EPA can and should implement for all listed species that will go a long way 
towards protecting species. 
B) Hawaii Use Should Be Removed From Consideration 
The Hawaiian Islands are home to unique biodiversity and a large number of ESA-listed species. 
Removing the Hawaiian Islands from the action area would make compliance with the ESA 

much easier and more efficient. We fully support removing Hawaii from the action area. In 
Appendix C of the draft document supporting proposed mitigations, EPA states that the 
registrants proposed removing all Hawaii uses as an early mitigation.2 EPA considers this label 
change and others as baseline mitigations for the ESA pilot species exposure assessment. 
However, the PID document makes no mention of Hawaii or removing the state from 
consideration. EPA must clarify whether Hawaii will be removed from the action area, and we 
sincerely hope that it will. 
 
C) APHIS Grasshopper Spray Will Affect Many Listed Species 
The PID dismisses harms from carbaryl used to kill grasshoppers across the West. USDA’s 
Animal and Plant Health Inspection Service (“APHIS”) has a program that includes use of 
carbaryl to kill grasshoppers and Mormon crickets throughout western grasslands in 17 states. 
The Center is very concerned about this issue, especially due to the lack of ESA consultation 
between APHIS and the Services regarding this program as evidenced in their Environmental 
Impact Statement and subsequent annual environmental assessments.3 The program contemplates 
the use of carbaryl on a dizzying array of habitat types throughout these lands, and APHIS is 
explicit in stating its reliance on EPA’s approval of carbaryl and other products in determining 
that they are safe and authorizing their use in all these habitats.4  
 
The Upper Columbia River Steelhead Trout (“UCRST”) clearly could be harmed by APHIS 
grasshopper operations, but the draft evaluation dismisses this threat based on relatively low 
usage in terms of percent of area treated.5 Further, it ignores the reality that the APHIS 
grasshopper spray program is precisely designed to allow for spraying practically anywhere in 
the 17 states where spraying is requested following Mormon cricket or grasshopper hatches with 
a turnaround time of just weeks or days from the request to the spraying. Due to the EPA’s 
widespread authorization of carbaryl use, it can harm countless species. In future consultation on 
carbaryl EPA must also consider harms to the dozens of other ESA-listed species that utilize 
habitat in and around areas that could be treated by APHIS. These species include the yellow-
billed cuckoo, New Mexico jumping mouse, Lahontan cutthroat trout, black-footed ferret, bull 
trout, Ute ladies-tresses, and western prairie clover. Several species of concern like the sage 
grouse and monarch butterfly are also likely harmed by carbaryl use on rangeland. 
 
 
2 EPA, “Carbaryl: Draft Evaluation Supporting Proposed Mitigations Predicted to Avoid Jeopardy and Adverse 
Modification of Designated Critical Habitat and  Reduce Take for Four Federally Listed Endangered and Threatened 
Species,” 2022, 84, https://downloads.regulations.gov/EPA-HQ-OPP-2010-0230-0119/content.pdf. Hereafter 
Carbaryl Draft Pilot Species Evaluation. 
3 See https://www.aphis.usda.gov/aphis/ourfocus/planthealth/plant-pest-and-disease-programs/ea/grasshopper-
cricket-ea/grasshopper-cricket-by-state. 
4 Id. 
5 EPA, “Carbaryl Proposed Interim Registration Review Decision,” 2022, 17, 
https://downloads.regulations.gov/EPA-HQ-OPP-2010-0230-0120/content.pdf. Hereafter PID. 

For the pilot Upper Columbia River steelhead, EPA presents boilerplate mitigations for ground-
boom application only that are nearly identical to broader spray drift mitigations. In fact, the 
proposed mitigations for spray formulations of carbaryl are less protective than similar 
mitigations for crop use because the release height is 4ft rather than 2ft.6 EPA presents no 
additional restrictions on aerial spraying when aerial carbaryl liquid and bait application is very 
common. Although a liquid formulation is permitted by the label, APHIS has stated in 
environmental assessments and verbal communications that it primarily uses carbaryl in a 
granular bait form. The EIS for grasshopper and cricket spraying indicates that the granular 
formulation is less prone to drift, but is still effective. Allowing liquid formulation uses for 
grasshopper spraying elevates the potential risk for limited additional benefit. We urge EPA to 
remove liquid spray use for this application because it increases the risk of drift, is not 
commonly used in practice, and provide little additional benefit. We also urge EPA to adopt no 
spray zones within species critical habitat and/or range and no spray buffers near critical habitat 
to shield imperiled plants and animals from this harmful poisoning of western rangeland. 
Clearly, EPA’s focus is primarily on agricultural lands, but its authorization of uses that can 
extend to hundreds of millions of acres of wildlands vastly expands the potential harmful impacts 
of carbaryl and these uses need to be reined in. 
 
D) Inadequate Protections from Pesticide Runoff 
Carbaryl presents considerable risk of runoff, and the label needs to require substantial runoff 
mitigations even after proposed use deletions and rate reductions. Carbaryl is mobile, does not 
appreciably bind to soil (Koc=153), and has an aerobic soil half-life of 4-253 days depending on 
the soil and other factors.7 The PID presents several mitigations meant to reduce runoff in urban 
areas, but presents inadequate, boilerplate mitigations across all labels.  
EPA proposed three broad label changes to address runoff restricting application if there is rain 
forecast within 48-hours, when it is raining, and when the soil is saturated.8 These runoff 
mitigations are woefully insufficient for several reasons including enforceability and vagueness. 
EPA has provided no evidence that a prohibition on applying a pesticide with the chemical 
characteristics of carbaryl within 48 hours of heavy rain will appreciably reduce runoff 
concentrations. A prohibition on applying the pesticide within two days of major rainfall may 
slightly reduce the amount of pesticide available for runoff, but it certainly will not appreciably 
lower concentrations. Carbaryl’s average half-life is greater than 100-days and a two day period 
before rain will not result in any meaningful breakdown. Even assuming a 4-day half-life, 50% 
of the applied carbaryl would remain and when it rains or the field is irrigated, nearly all the 
applied carbaryl could partition with the water and runoff into streams. Additionally, prohibiting 
spraying when it is “likely to produce runoff” is entirely subjective. Enforcement of the EPA’s 
 
6 PID at 83.  
7 Carbaryl Draft Pilot Species Evaluation at 15.  
8 PID at 56. 

proposed language is also likely impossible (e.g., the need to collect rain gauge data and 
historical weather data to ensure compliance). Given the increasingly erratic weather patterns 
due to climate change, events that produce runoff (or even flooding) are becoming less and less 
predictable. We recommend alternative language that spraying is prohibited when “greater than 
0.1 inches of rainfall is predicted in the next 48 hours by the National Weather Service.” This 
allows spraying when only a trace of rain is expected to occur and removes the subjectivity when 
determining when runoff is likely to occur.  
In fact, EPA does not even view these runoff reduction statements to be mandatory label 
directions. In 2019, EPA told the State FIFRA Issues Research and Evaluation Group 
(“SFIREG”) that language on the dicamba label directing users to refrain from applying pesticide 
within 24 hours of runoff producing rain “should be considered advisory.”9 EPA came to that 
conclusion because this language is:  
“…largely subjective without careful and continuous environmental measurements. 
These environmental measurements currently exceed the capabilities of most applicators 
and most regulatory compliance officials”10   
EPA has essentially admitted that this label language cannot be reasonably expected to be 
complied with. Even pesticide registrants, like Syngenta and FMC, agree – recently refusing to 
add similar language to the cyantraniliprole label because it is “ambiguous and unfollowable.”11 
This is not an effective runoff mitigation strategy. “Advisory” language is not “mandatory,” and 
it is not mitigation. 
Given the probability of jeopardy for the Upper Columbia River steelhead, it is conceivable that 
the use of carbaryl could jeopardize other ESA-listed salmonids and reduce prey abundance for 
non-listed fishes. EPA proposed additional mitigations for the Upper Columbia steelhead 
indicating that the advisory 48-hour rainfast mitigation is not sufficient on its own to reduce 
carbaryl concentration down to a level that will not have population-scale impacts.  
Mitigations should do more than require practices that are already widely adopted. Runoff 
mitigations must spur real changes in broad farming practices. Requiring growers to do things 
that are already on most other pesticide labels and represent general best-practices will be 
ineffective and will not accomplish pesticide pollution reduction goals. A 48-hour rainfast 
mitigation even with a 25-foot buffer for waterways is simply not enough. We urge EPA to 
 
9 SFIREG, “Dicamba Work Group Guidance Document,” July 25, 2019, 8, 
https://oisc.purdue.edu/pesticide/pdf/sfireg_guidance_dicamba.pdf. 
10 Id. 
11 Syngenta, “Cyantraniliprole Proposed Voluntary Label Modifications,” 2022, Available here: 
https://www.regulations.gov/document/EPA-HQ-OPP-2011-0668-0066 and FMC, “Active Ingredient: 
Cyantraniliprole EPA Registration Number: 279-9613 (Cyazypyr® Technical) Proposed Voluntary Label 
Amendments - Commitment Letter,” 2022, Available here: https://www.regulations.gov/document/EPA-HQ-OPP-
2011-0668-0065. 

propose stronger runoff mitigations that are enforceable. EPA should implement a standard, 
minimum 100 ft buffer from waterways to protect listed and non-listed species. Included with the 
100 foot buffer should be a minimum of a 30 foot vegetative filter strip. Given the runoff 
potential of carbaryl, wider buffers and vegetative filter strip requirements may be required. 
 
E) Inadequate Protections from Pesticide Drift and Volatilization 
 
Drift and volatilization present serious, widespread threats to ESA-listed and non-listed wildlife. 
Our main concern is that the current spray buffers for all application methods are inadequate and 
unenforceable. We urge EPA to implement a standard, minimum 100-foot omnidirectional buffer 
for ground applications and a 250-foot omnidirectional buffer for aerial applications to protect 
listed and non-listed species.  
 
Buffers that include a wind directionality component are simply not going to be adequately 
complied with and are impossible to enforce. A recent survey of farmers in Missouri indicated 
that less than half – only 43 percent – actually read the label each time they use pesticides.12 Four 
percent of pesticide applicators never checked the wind speed before application and 40 percent 
of applicators checked wind speed by looking at trees, a very unreliable form of measurement 
that is often inaccurate. This is how pesticide labels are complied with in the real world. While 
the label is the law, as we’ve learned with dicamba, it just doesn’t work to have label language 
that’s impossible or unlikely to be complied with.13 Label mitigations must be simple and easy to 
implement, or they will be plagued by lack of compliance.  
 
Given the toxicity of carbaryl and potential harms to ESA-listed species, we support the 
prohibition of all aerial spraying of carbaryl. Even the registrants agree and state in their 
proposed mitigations that aerial spraying provides little benefit and suggested that aerial 
application be prohibited (except for grasshopper spray).14 The prohibition of aerial application 
of carbaryl is assumed as a baseline mitigation in Appendix C of the draft document supporting 
proposed mitigations for listed species.15 However, the prohibition on aerial spraying is not made 
clear in the PID document. Deletion of aerial spraying is not listed on page 36, nor is it 
mentioned in Appendix B or C.16 In fact, Appendix B and C present boilerplate label changes to 
aerial application, but nothing about a near-complete use deletion. EPA’s proposed BLT 
 
12 Randall, “57 percent of those applying pesticides in Missouri do not read label instructions”, July 13th, 2016, State 
news, Available at: http://www.kttn.com/57-percent-of-those-applying-pesticides-in-missouri-do-not-read-label-
instructions/. 
13 Nat’l Family Farm Coalition v. USEPA. United States Court of Appeals for The Ninth Circuit. No. 19–70115. 
2020. Available here: https://cdn.ca9.uscourts.gov/datastore/opinions/2020/06/03/19-70115.pdf. 
14 James Cowles, Scott Pace, and Craig Bernard, “RE: Proposed Changes to Agricultural Use Labels for Carbaryl 
(PC Code 056801) for PID Pilot Species  (Squirrel Chimney Cave Shrimp, Miami Tiger Beetle, Wireweed, and the 
Upper Columbia River  Steelhead),” September 29, 2022. 
15 Carbaryl Draft Pilot Species Evaluation at 84.  
16 PID at Appendix B and C. 

mitigations for the Upper Columbia River Steelhead Trout are applicable to ground, airblast, and 
aerial spraying. If it is EPA’s intention to retain aerial use, then the agency must redo their 
analysis for effects to ESA-listed species. We urge EPA to delete all aerial uses of carbaryl to 
protect endangered species and save agency time and resources. 
 
F) EPA Must Account for the Greater Toxicity of Pesticide Mixtures 
Restrictions on tank mixing and certain multi-ingredient pesticides in listed species habitat must 
become a common fixture in developing mitigations to prevent jeopardy and adverse 
modification and minimizing avoidable take. We understand that this is an area EPA habitually 
avoids, perhaps because it is a complicated arena to wade into, but the allowance of these 
mixtures is an unavoidable part of the action EPA is taking and therefore must be mitigated.  
A template for how this could look is contained in NMFS’s past BiOps. Specifically, in the 
chlorpyrifos, diazinon and malathion BiOps, NMFS required a prohibition on applying those 
pesticides in the habitat of NMFS listed species when: 
“Tank mixing with other neurotoxic pesticides (i.e., organophosphate, carbamate, 
pyrethroid, and neonicotinoid pesticides) at application rates that exceed 50 percent the 
maximum labeled rate of any pesticide active ingredient used in the tank mixture.”17 
Since carbaryl is in the carbamate class, this language should be required on all carbaryl labels 
moving forward, as a part of this preliminary interim decision.  
We support this approach for all pesticides – specifically requiring a rate reduction when 
combined with other pesticides that affect the same organ system or broad adverse outcome 
pathway.  
III. 
Carbaryl Pilot Species-specific Mitigations 
 
At the start, we want to reiterate that while FWS range data often remains the best scientific 
information available on listed species’ range, in some instances, EPA may be able to use 
publicly available datasets from other federal, state or even local government agencies (as 
detailed below) instead of FWS range data to deploy targeted information. EPA can also draw 
from other FWS data such as Species Status Assessments, 5-year Reviews, Recovery Plans and 
even other Section 7 consultations or Habitat Conservation Plans. We want to make it very clear 
that data submitted by the registrants or their consultants (i.e. GESTF) are not the best scientific 
information available and any reliance on those data will be strongly opposed, as will 
information that is proprietary and not available to the public. 
 
 
17 NMFS Malathion BiOp at 1199 

We have previously stated that the EPA should refine and target conservation measures by 
collaborating with the Services, and the assessment of available scientific data on each species is 
a good first step in achieving that goal. However, we remain concerned that the EPA continues to 
define conservation measures in reference to vague definitions of habitat instead of incorporating 
spatially explicit conservation measures into Bulletins Live! Two. The EPA’s continued use of 
unverifiable “usage data” also undermines conservation measures by failing to account for the 
authorized use of carbaryl. For the pilot to be successful in advancing conservation, the EPA 
should (1) endeavor to protect known occupied sites through targeted conservation measures and 
(2) analyze impacts to species based on the amount of pesticide legally authorized on the label. 
 
We are also concerned going forward that registrants have an undue level of influence in the 
selection of pilot species. The draft document evaluating proposed mitigations for the four 
carbaryl pilot species states that:  
 
“the carbaryl agricultural use registrants…working in conjunction with the Generic 
Endangered Species Task Force (GESTF), proposed four pilot species as candidates for 
the early ESA mitigation effort.”18  
 
We believe that registrant involvement in selecting pilot species is extremely problematic and 
has the potential to negatively influence the kind and extent of mitigations for ESA-listed 
species. Additionally, the existence in the docket of an effects assessment for the steelhead 
written by consultants and paid for by the registrants19 is a worrying development and does not 
represent the best available science. The NMFS has the final say over the effects to species under 
its purview. Overall, the selection of the pilot species is the job of the EPA, and it should not be 
unduly influenced by those with clear conflicts of interest. We urge the EPA to halt the practice 
of involving registrants in the selection of pilot species or, alternatively, provide other 
stakeholders a seat at the table when selecting pilot species. 
 
Below we highlight issues with FWS range data for certain species and our suggestions for 
increased buffer size and changes to runoff mitigations. Below are specific recommendations and 
concerns for each of the four pilot species:   
 
A) Miami Tiger Beetle  
 
The Miami tiger beetle is known to occur in two locations within its range – Richmond Pine 
Rocklands and Nixon Smiley. It is threatened by both the direct and indirect effects of insecticide 
 
18 Carbaryl Draft Pilot Species Evaluation at 2. 
19 Matt Kern et al., “Carbaryl Effects Assessment of the Upper Columbia River Steelhead Trout  (Oncorhynchus 
Mykiss): Wenatchee Major Population Group for Risk Management of Carbaryl  Agricultural and Rangeland Uses,” 
2022, https://downloads.regulations.gov/EPA-HQ-OPP-2010-0230-0113/content.pdf. 

use and is so extremely rare that until 2007 it was considered extinct.20 The EPA recognizes the 
extremely limited occurrence of the Miami tiger beetle, but instead of taking the correct step and 
ensuring that the last remaining Miami tiger beetle habitat is off-limits to carbaryl use, it 
arbitrarily assumes that windspeed and water buffers will be adequate to prevent the jeopardy of 
this species.  
 
Unlike other pilot projects, the EPA does engage with the FWS to update the species range, 
narrowing the overlap analysis to the two known occupied locations in the Richmond Pine 
Rocklands and Nixon Smiley. In this case, prohibiting carbaryl use at known occupied sites, as 
pictured below, makes the most sense: 
 
 
 
While incorporating these data is a step in the right direction, as it would allow the EPA to tailor 
conservation measures to specific locations that could be applied to other chemical classes, it is 
unclear if the EPA has recognized the new detection of Miami tiger beetle .87 miles from the 
easternmost location.21  
 
The EPA also claims that baseline mitigations (rate reductions, water buffers, wind-speed 
buffers) are enough to avoid jeopardy and fails to make any affirmative mitigations, even though 
the goal of consultation is not just to avoid jeopardy, but to minimize the take of any listed 
 
20 FWS, “Endangered and Threatened Wildlife and Plants; Designation of Critical Habitat for the Miami Tiger 
Beetle (Cicindelidia floridana),” 2021, 86 Fed. Reg. 49945, 49951. 
21 FWS, “Miami Tiger Beetle, 5-Year Review,” 2022, https://ecos.fws.gov/docs/tess/species_nonpublish/3815.pdf. 

species.22 The EPA’s only explanation for why the baseline mitigations are enough to minimize 
harm is that “they involve reductions in the maximum application rates, maximum number of 
applications, and prohibiting some previously registered use patterns.”  
 
The EPA is also relying on speculative and uncertain usage information to justify the continued 
authorization of carbaryl directly on Miami tiger beetle habitat. Carbaryl is registered for direct 
application in forestry, in areas where Miami tiger beetle is located. It does not matter that 
“usage data indicates that the likelihood of this application occurring in Florida is low,” this 
application is still possible. These conclusions are based on registrant survey data that the EPA 
admits do not “provide a complete accounting of all pesticide usage.” As we have noted in 
previous comment letters, usage data are backwards looking and do not consider potential future 
uses of pesticides. Even with reliable usage information, such as the information provided by 
California, past usage still underestimates future usage by more than 100% approximately 29% 
of the time.23 Instead of relying on “actual use” as a shield to thwart any meaningful protection, 
the EPA should restrict application within known occupied Miami tiger beetle habitat.  
 
The EPA also acknowledges that drift from nearby orchards could reach the species in the south-
west section if the wind is blowing in that direction, but argues that nearby buildings coupled 
with a convoluted wind statement reduce the likelihood of exposure. As we have stated in other 
comment letters, without an omnidirectional requirement, a windspeed buffer is unenforceable, 
especially when the proposed statement requires an applicator to make changes based on 1mph 
wind shifts. Pesticide buffers around occupied sites have already been recommended as an action 
to ameliorate threats to the beetle.24 In fact, use of 250-meter spray buffers for truck-application 
and 400-meter spray buffers for aerials applications are already observed to protect the beetle 
from mosquito spraying.25 Instead of unenforceable measures, the EPA should implement 
conservation measures that ensure no carbaryl can be used in the last remaining Miami tiger 
beetle sites. These sites are well-mapped, monitored, and seemingly understood by the EPA, 
with a total occupied area of less than one square kilometer.26 
 
 
 
22 16 U.S.C. § 1536(b); 50 C.F.R. §§ 402.14(h), (i). 
23 NMFS, “National Marine Fisheries Service Endangered Species Act Section 7 Conference & Biological Opinion 
Environmental Protection Agency’s Registration Review of Pesticide Products Containing Chlorpyrifos, Malathion, 
and Diazinon,” 2020, 2824, https://media.fisheries.noaa.gov/2022-06/Biological%20Opinion%20-
%20Chlorpyrifos%2C%20Malathion%2C%20Diazinon%20-%20Final_0.pdf. Hereafter NMFS 2020 Malathion 
BiOp. 
24 FWS, “Endangered and Threatened Wildlife and Plants; Designation of Critical Habitat for the Miami Tiger 
Beetle (Cicindelidia floridana),” 2021, 86 Fed. Reg. 49945, 49951. 
25 Id. at 49952; FWS, “Endangered and Threatened Wildlife and Plants; Endangered Species Status for the Miami 
Tiger Beetle (Cicindelidia floridana),” 2016, 81 Fed. Reg. 68985, 68992. 
26 C. Barry Knisley & Rodger Gwiazdowski, Conservation Strategies for Protecting Tiger Beetles and Their 
Habitats in the United States: Studies With Listed Species (Coleoptera: Carabidae: Cicindelidae) 114 ANNALS OF 
ENTOMOLOGICAL SOCIETY OF AMERICA 293, 295 (2021). 

B) Wireweed 
 
Wireweed is both directly and indirectly affected by pesticides, though the EPA only focuses on 
the indirect effects by including pollinator language and wind directional buffers premised on a 
vague definition of habitat. In addition to stronger, enforceable mitigations, the EPA should 
prohibit pesticide use at Lake Wales Ridge National Wildlife Refuge, implement no-spray 
buffers extending 250-feet around known locations of wireweed in Lake Wales Ridge State 
Forest, Lake Wales Ridge Wildlife and Environmental Area, and around any other occurrences 
on conservation lands. 
 
The inclusion of pollinator language that limits application when bees are actively foraging and 
when crops or weeds are in bloom is a good first step to address indirect effects. However, the 
unenforceable wind-buffer coupled with a vague definition of habitat make label compliance 
unlikely. 
 
The EPA is proposing no-spray buffers only for air blast application up to 200-feet from “scrub 
habitat within wireweed’s range.” The EPA admits that ground boom application “if made, could 
still have impacts to wireweed,” but states that since this method is uncommon, nothing more 
needs to be done. As we have reiterated in other comment letters, wind-direction contingent 
buffers are not effective, not enforceable, and allow any person to claim the wind was not 
blowing when they sprayed, making the mitigation essentially useless. Limiting buffers to one 
method of application for one crop also limits the effectiveness of this mitigation. If the EPA 
continues to recommend wind buffers, such a measure must be omnidirectional and consider all 
uses to protect scrub habitat. 
 
However, the vague definition of scrub habitat presents another issue, as pesticide users are 
required for themselves to identify scrub, which can be difficult without experience. The Ninth 
Circuit Court of Appeals has been overwhelmingly clear that the EPA cannot propose label 
language that is so confusing or difficult such that a pesticide user cannot reasonably comply 
with such requirements.27 Requiring users to identify habitat without expertise violates this 
command. 
 
The EPA clearly has the ability to refine mitigation measures to target known sites, noting that 
“data suggest the species’ distribution is restricted to a much smaller area within its range” 
meaning that it could target protections to known populations instead of relying on a vague 
definition of habitat. While the range cited is the entirety of Polk and Highlands County, the EPA 
has “updated” assumptions to exclude agricultural and rights-of-way since wireweed is unlikely 
to be found there. 
 
27 Nat’l Family Farm Coalition v. USEPA. United States Court of Appeals for The Ninth Circuit. No. 19–70115. 
2020. Available here: https://cdn.ca9.uscourts.gov/datastore/opinions/2020/06/03/19-70115.pdf. 

 
The most recent Florida Natural Area Inventory Element Tracking Summary noted 69 
occurrences throughout the Lake Wales (84 percent of occurrences), Bombing Range, and 
Winter Haven ridge, situated within combined range of the Central Florida dicots delineated by 
FWS.28 Most occurrences (64 percent) are found on protected areas, including at nearly all (18 of 
19) of the Lake Wales Ridge Wildlife Environmental Areas tracts, in three units at Lake Wales 
Ridge State Forest, on two tracts at Lake Wales Ridge National Wildlife Refuge, at three state 
parks (Highlands Hammock, Lake June in Winter, and Allen David Broussard Catfish Creek 
Preserve), on land owned by the Southwest Florida Water Management District, and on three 
privately owned conservation lands (Saddle Blanket Lakes, Tiger Creek Preserve, Archbold 
Biological Station). Given the wireweed’s representation on conservation lands, the EPA could 
ensure that the plant is protected from future pesticide use by restricting uses on the refuge and 
implementing adequate buffers around known occupied sites on conservation land, as pictured 
below: 
 
 
28 More detailed population data can be found in Table 1 of the 2021 wireweed: 5-Year Review at 17. 

 
 
With a mean lifespan of 0.3 years and with plants frequently killed in fires, wireweed population 
size varies seasonally and annually, and the outer bands of an individual population may be 
difficult to track, though many sites with known wireweed populations are managed. 
Conservation measures should be targeted to account for the maximum outer band of each 
varying wireweed population. 
 
As the EPA seeks to adapt the findings of the pilot to other Lake Wales Ridge listed plants, it 
must endeavor to take essential, occupied habitat off the table, which would greatly simplify 
consultation and ensure the survival of these imperiled plants. 
 
 
 

C) Squirrel Chimney Cave Shrimp 
 
The Squirrel Chimney cave shrimp inhabits one, privately owned sinkhole, surrounded by 
pasture, agriculture, and a pine plantation. Carbaryl is registered for use around the cave 
shrimp’s only remaining habitat, meaning that the most logical conservation measure is one that 
fully protects the Squirrel Chimney sinkhole from authorized uses to “give the benefit of the 
doubt to the species.”29 Other sinkholes (Cherry Pits Cave, Herzog Cave, Hog Sink, and Bat 
Cave) in the area may have shrimp, but it is critical to ensure that on-the-ground conservation is 
implemented to secure Squirrel Chimney, the only know occupied site. 
 
The EPA’s claim that carbaryl usage is lower than what the label authorizes relies on 
unverifiable claims of the pesticide industry. It would be egregious for unverified claims to 
support a conclusion that denies protection to the only known occupied Squirrel Chimney cave 
shrimp site. As the EPA itself routinely states, “the label is the law,” and under FIFRA, a 
pesticide user may legally use a pesticide in any manner that is authorized on the label. Carbaryl 
is registered for use in the area, and the EPA must take into account all authorized uses in 
consultation. The baseline mitigations have little to no bearing on the health of Squirrel 
Chimney, and a more appropriate conservation measure involves a buffer extending 250 feet 
around the sinkhole. The measures are modeled below: 
 
 
29 Connor v. Burford, 848 F. 2d, 1411, 1454 (9th Cir. 1988). 

 
 
This recommended conservation measure is actually less than what the EPA has historically 
proposed for other active ingredients. The hydrogen cyanamide product Dormex is entirely 
“restricted from the area west of route 441, except that north of the intersection of route 441 and 
175” and “is also restricted west of 175 because of possible effects on the squirrel chimney cave 
shrimp.”30 
 
D) Upper Columbia River Steelhead Trout  
 
In 2009, the EPA received a Biological Opinion from NMFS concerning the continued use of 
carbaryl that determined jeopardy for 22 protected salmonids and adverse modification of critical 
habitat for 20 species including the UCRST.31 EPA has yet to implement this BiOp and has 
ignored parts of the 2009 BiOp when proposing mitigations for carbaryl. The UCRST is an 
important pilot species because of its broad range and because mitigations for this species will 
become the template for mitigations relevant to other listed salmonids.  
 
 
30 EPA, “PRIA Label Amendment,” 2020, 9, https://www3.epa.gov/pesticides/chem_search/ppls/054555-00002-
20200318.pdf 
31 NMFS, “National Marine Fisheries Service Endangered Species Act Section 7 Consultation Biological Opinion 
Environmental Protection Agency Registration of Pesticides Containing Carbaryl, Carbofuran, and Methomyl,” 
2009, 485, https://media.fisheries.noaa.gov/dam-migration/63806531carbamate.pdf. 

EPA has determined that carbaryl will likely jeopardize the UCRST but not adversely modify its 
critical habitat. This finding is contrary to the 2009 BiOp that determined J+AM to this species 
and its critical habitat. EPA cites a high magnitude of direct and indirect effects to this species,32 
yet relies heavily on usage data and overlap analysis. Overlap and potential use is clearly high 
for this species even based on EPA’s flawed usage data. EPA made the correct jeopardy call for 
this species, but cited substantial uncertainty in usage patterns as reason to deny that this species’ 
critical habitat will be adversely modified.33 EPA assumes that since not every acre is expected 
to be treated, it is therefore unlikely to be considered an adverse modification. This is not a 
conservative analysis of risk given the extent of legal uses of carbaryl within the species range. 
When uncertainty exists in the potential, but legally permitted usage of a dangerous pesticide, 
EPA must give the species the benefit of the doubt.34 
 
As we have stated above, using general, vague terms when describing habitat leaves users to 
interpret where mitigations do or do not apply. Using the term, “aquatic habitat” on the label is a 
very general category and may be confusing to certain user who may not regard, for example, 
wetlands as important aquatic habitat since there are unlikely to be large, charismatic fish living 
in wetlands. To be clear, all bodies of water, including wetlands, have the potential to carry 
pesticide pollution toward salmon-bearing streams. The label should be broad enough to protect 
salmon-bearing streams from upstream pollution. EPA should clarify on the label that aquatic 
habitat extends to areas such as, but not limited to, lakes, reservoirs, rivers, permanent streams, 
wetlands or natural ponds, estuaries, and commercial fish farm ponds. Furthermore, EPA should 
use BLT to further define which watersheds have the potential to pollute critical habitat based on 
the known inhabited watersheds of the UCRST and other listed salmonids.  
 
To avoid predicted jeopardy to the Upper Columbia River steelhead, EPA proposes several 
runoff mitigations relevant to listed Pacific salmon and steelhead. The runoff mitigation pick-list 
for all Pacific salmon and steelhead may prevent some runoff from polluting surface and 
groundwater, but on the whole is insufficient. We have made clear in our comments on EPA’s 
workplan that the best mitigations are those that reduce the total volume of pesticide applied in 
the first place as opposed to mitigations that are designed to absorb or slow the spread of 
pesticides after they are applied. Reliance on user implemented mitigations presents substantial 
uncertainty in terms of general compliance and the effectiveness of specific mitigations. 
Mitigations such as vegetated filter strips, grassed waterways, riparian buffers, and no-till work 
best when implemented together because no one mitigation is likely to meet EPA’s runoff 
reduction goals. We urge EPA to require multiple mitigations together to enhance effectiveness. 
 
 
 
32 Carbaryl Draft Pilot Species Evaluation at 64.  
33 Carbaryl Draft Pilot Species Evaluation at 69.  
34 Connor v. Burford, 848 F. 2d, 1411, 1454 (9th Cir. 1988). 

We have several concerns about the proposed List A and List B mitigations. 
1. List A #3 The maximum number of annual spot treatments must be defined to ensure that 
usage remains low enough to meet the runoff target. 
2. List A #4 A riparian buffer alongside a stream should be a minimum of 50ft. The NRCS 
code 391 for forested riparian buffer35 recommends that the buffer should be larger when 
removing pesticides and other pollutants. The mitigation would benefit from clarifying 
that the minimum buffer distance is to be measured above the ordinary high-water mark. 
3. List B #1 The minimum width of a vegetative filter strip must be 30ft. The NRCS 
conservation standard for filter strips36 states that 30ft should be the minimum for 
removing pollutants. Wider filter strips are required to remove pollutants and to meet the 
goal to reduce both runoff and sediment erosion. 
4. List B #2 See our comments on EPA’s ESA work plan. A vegetative ditch works best 
when in conjunction with a vegetative filter strip on the upslope side of the ditch. 
5. List B #3 It is unclear what counts as a water control structure. A list of permissible 
structures is necessary to clarify.  
6. List B #4 See our comments on EPA’s ESA workplan. We urge EPA to remove no-
till/reduced-till from consideration as a viable runoff mitigation on its own. Lack of 
consistently demonstrated benefits to runoff and increased herbicide use make this 
mitigation hazardous to implement. Alternatively, EPA could require no-till and cover 
cropping mitigations be used together to enhance the effectiveness of the mitigation. 
7. Airblast drift mitigation #1 This mitigation is incredibly vague and requires a specific 
minimum width among other details. The minimum width should be 50ft as stated above. 
Clarify whether a “riparian hedgerow” is the same or not the same as a “functional 
riparian system” as in List A #4. Consistent terms and definitions are necessary to ensure 
compliance.  
8. Airblast drift mitigation #2 No-spray buffers must be a minimum of 100ft with no 
accommodation for wind direction. 
Overall, List A mitigations present important runoff mitigations, but List B presents inadequate 
mitigations. We suggest combining List B #1 and #2 and adding this as a List A mitigation 
because grassed waterways are improved with filter strips. Additionally, we suggest removing 
List B #3 and #4. 
 
 
35 https://www.nrcs.usda.gov/sites/default/files/2022-09/Riparian_Forest_Buffer_391_CPS_10_2020.pdf. 
36 https://www.nrcs.usda.gov/sites/default/files/2022-09/Filter_Strip_393_CPS.pdf. 

IV. 
Cost-Benefit Balancing for the Proposed Pilot Mitigations is Unlawful  
We fully understand the complexities involved in implementing ESA-specific mitigations in the 
context of a preliminary interim decision, which is a FIFRA action. The EPA typically conducts 
a cost-benefit balancing for its FIFRA actions, while the ESA specifically forbids it. 
In EPA’s recent ESA workplan update,37 it appears that EPA intends to do a cost-benefit 
balancing when it proposes broad label mitigations. The agency views these actions as furthering 
its FIFRA obligations because these mitigations have broad ecological benefits, not just to listed 
species.38 However, EPA also believes that targeted mitigations to protect certain listed species, 
in the form of Bulletins or certain geographies, do not require a cost-benefit balancing because 
that action is governed by the ESA standard.39 Importantly, EPA states that this is also the case 
when the targeted mitigation is included through registration review.  
The carbaryl PID proposes several broad label changes that impact applicator safety and other 
changes relevant to non-listed species that would be subject to a FIFRA-style cost-benefit 
balancing. However, we are perplexed at the existence of multiple BEAD documents40 that 
assess the impacts of both broad label changes and ESA-specific mitigations. The purpose of 
these benefits documents was—among other things—to detail the benefits that carbaryl offers 
farmers and the costs they would incur by complying with the proposed mitigations, including 
those intended to address J/AM and take to ESA-listed species.  
We understand that the Services do not have completed BiOps for this pesticide or likely for 
future pesticides, so EPA has no clear mandate for how to mitigate harms to ESA-listed species. 
In the absence of a completed BiOp, ESA has chosen to develop its own proposed mitigations. 
However, preventing jeopardy/adverse modification and minimizing incidental take are still all 
that should be considered when proposing mitigations in this, and future, ESA analyses.  
Conducting a cost-benefit analysis of species-specific mitigations in this pilot or any future 
proposed species mitigation is unlawful, undermines the ESA and is in direct violation of EPA’s 
recent workplan update.41 EPA cannot use a cost-benefit analysis to determine the details of 
mitigations required to avoid jeopardy/adverse modification and minimize any incidental take in 
their proposed mitigations or when required in Service BiOps. In this and in future pesticide 
 
37 EPA, “ESA WORKPLAN UPDATE: Nontarget Species Mitigation for Registration Review and Other FIFRA 
Actions,” 2022, Available here: https://www.epa.gov/system/files/documents/2022-11/esa-workplan-update.pdf. 
Hereafter ESA Workplan Update 
38 Id. at 5.  
39 Id.  
40 EPA, “Carbaryl as a Plant Growth Regulator (PGR): Usage, Benefits and Impacts of  Potential Mitigation for Use 
on Apple,” 2022, https://downloads.regulations.gov/EPA-HQ-OPP-2010-0230-0117/content.pdf; EPA, “Assessment 
of Carbaryl (PC Code 056801) Usage, Benefits, and Risk Mitigation  Impacts in Non-Crop Use Sites,” 2022, 
https://downloads.regulations.gov/EPA-HQ-OPP-2010-0230-0116/content.pdf; EPA, “Assessment of Carbaryl’s 
(Chemical Code 056801) Benefits and Impacts of  Potential Mitigation Measures in Agricultural Use Sites,” 2022, 
https://downloads.regulations.gov/EPA-HQ-OPP-2010-0230-0118/content.pdf. 
41 ESA Workplan Update 

registration decisions, we request that the EPA strikeout any discussion or analysis of costs from 
ESA specific mitigations in its BEAD document(s). The costs to pesticide users to comply with 
the ESA is irrelevant under the law.  
V. 
Alternative Mitigations to Implement the NMFS Salmonid Biological Opinion for 
Carbaryl Are Arbitrary and Capricious 
We strongly disagree with EPA’s current approach to offer alternative mitigations to the RPA’s 
in NMFS’s 2009 carbaryl BiOp, as they are simply insufficient to prevent jeopardy calls to 
NMFS species. If the EPA wants to propose alternative RPAs than the ones NMFS required, that 
is ok as long as those new RPAs are at least as protective and implementable as the original ones.  
We understand EPA’s desire to account for the additional mitigations that were proposed in the 
preliminary interim decision for carbaryl, such as droplet size requirements and the 25 foot no-
spray buffer for bodies of water and wetlands. However, EPA’s assumptions about how these 
proposed mitigations can prevent jeopardy calls are unfounded and not at all in alignment with 
NMFS’s recent BiOps for chlorpyrifos, diazinon and malathion.42  
 
We were incredibly critical of EPA’s recent proposed alternative mitigations to implement the 
NMFS salmonid biological opinion for methomyl.43 While the current proposal for carbaryl is 
better than what EPA proposed for methomyl, it still falls far short of EPA’s obligations in 
implementing this BiOp.  
 
The 2009 NMFS BiOp concluded jeopardy for 22 protected salmonids and adverse modification 
for 20 critical habitats (including J+AM for the pilot Upper Columbia River steelhead trout) from 
the continued use of carbaryl.44 The NMFS BiOp proposed substantial no-spray buffers between 
spray sites and species’ habitat (Table 1). 
 
Table 1. No-spray buffer distances (in feet) required under the 2009 NMFS BiOp for carbaryl. 
Application rate (lbs.) 
Ground 
Aerial 
0-1 
200 
1000 
>1-3 
300 
1000 
>3-5 
400 
1000 
>5-10 
500 
1000 
 
42 NMFS 2020 Malathion BiOp 
43 See comments submitted by the Center for Biological Diversity. Regulations.gov document ID EPA-HQ-OPP-
2010-0751-0066. 
44 NMFS, “National Marine Fisheries Service Endangered Species Act Section 7 Consultation Biological Opinion 
Environmental Protection Agency Registration of Pesticides Containing Carbaryl, Carbofuran, and Methomyl,” 
2009, 485. 

>10 
600 
1000 
 
While EPA does propose pick-list mitigations that may be sufficient to reduce the size of these 
buffers, EPA’s current no-spray buffers of 25 ft and 150 ft for ground and aerial applications 
come nowhere close to the minimum size needed to protect imperiled species.  
We also question EPA’s determination of how many runoff and drift points its proposed 
mitigations achieve.  
 
EPA states that restricting droplet size will account for 30 drift points for aerial applications and 
10 drift points for ground applications.45 However a review of the NMFS chlorpyrifos, diazinon 
and malathion BiOp found no such evidence of any of those restrictions accounting for any 
points at all.46 In fact NMFS appears to state the opposite:  
 
“For drift, EPA and diazinon applicants decided to implement standard mitigation for all 
applications, regardless of proximity to species habitat. These mitigations include no-
spray zones, increased droplet size, and wind restrictions. The impact of only some of the 
mitigations could be assessed using the point system (e.g. no-spray zones).”47 
 
Additionally, we have found no evidence that runoff reduction statements that prohibit 
application to saturated soils or when rainfall is forecasted equates to 30 runoff points.48 That 
information is nowhere to be found in NMFS’s recent BiOps49 and EPA provides no alternative 
citation or source for corroboration.  
 
In fact, EPA does not even view these runoff reduction statements to be mandatory label 
directions. In 2019, EPA told the State FIFRA Issues Research and Evaluation Group (SFIREG) 
that language on the dicamba label directing users to refrain from applying pesticide within 24 
hours of runoff producing rain “should be considered advisory.”50 EPA came to that conclusion 
because this language is:  
 
“…largely subjective without careful and continuous environmental measurements. 
These environmental measurements currently exceed the capabilities of most applicators 
and most regulatory compliance officials”51   
 
 
45 PID at 108. 
46 NMFS Malathion BiOp at 808-809. 
47 NMFS Malathion BiOp at 895. 
48 PID at 109. 
49 NMFS Malathion BiOp at 808-809. 
50 SFIREG, “Dicamba Work Group Guidance Document,” July 25, 2019, 8, Available here: 
https://oisc.purdue.edu/pesticide/pdf/sfireg_guidance_dicamba.pdf. 
51 Id. 

EPA has essentially admitted that this label language cannot be reasonably expected to be 
complied with. Even pesticide registrants, like Syngenta and FMC, agree – recently refusing to 
add similar language to the cyantraniliprole label because it is “ambiguous and unfollowable.”52 
This is not an effective runoff mitigation strategy. And there is absolutely no way that advisory 
language can achieve 30 runoff points. “Advisory” language is not “mandatory,” and it is not 
mitigation. 
 
It is clear to us that EPA’s attempt to use currently agreed upon mitigations to largely circumvent 
the 2009 RPAs in the carbaryl BiOp is wholly insufficient to prevent jeopardy calls. We urge the 
EPA to reconsider its approach to proposing alternative mitigation for the 2009 RPA’s and open 
a dialogue with NMFS on how it can reconcile the changes that have occurred to carbaryl’s 
registration since 2009 and further implement appropriate RPAs. 
 
VI. 
EPA and Registrants Should Plan for Additional Label Changes Associated with 
RPMs or RPAs 
We strongly support EPA’s attempt to implement conservation measures at the earliest possible 
stage in this process to prioritize conservation benefits on the ground.  
We note that an important RPM to minimize incidental take required by NMFS in past BiOps 
will require at least one additional label change than what was proposed here by EPA. 
Specifically, a prohibition on applying carbaryl in the habitat of NMFS listed species when: 
“Tank mixing with other neurotoxic pesticides (i.e., organophosphate, carbamate, 
pyrethroid, and neonicotinoid pesticides) at application rates that exceed 50 percent the 
maximum labeled rate of any pesticide active ingredient used in the tank mixture.”53 
It would make sense to include this tank mixing restriction now while other label amendments 
are being considered and implemented. Carbaryl shares the same neurotoxic mode of action as 
other carbamates and organophosphates. It is reasonable to assume that this RPM will also be 
required for carbaryl as it was for chlorpyrifos, diazinon and malathion. It would be most 
efficient to require this label change at the present time instead of waiting until a later date. 
Furthermore, implementing the ecological incident monitoring and compilation RPMs required 
by both FWS54 and NMFS55 in previous BiOps will require a fundamental reevaluation of EPA’s 
relationship with incident data. To be blunt, EPA has historically been a very poor steward of 
 
52 Syngenta, “Cyantraniliprole Proposed Voluntary Label Modifications,” 2022, Available here: 
https://www.regulations.gov/document/EPA-HQ-OPP-2011-0668-0066 and FMC, “Active Ingredient: 
Cyantraniliprole EPA Registration Number: 279-9613 (Cyazypyr® Technical) Proposed Voluntary Label 
Amendments - Commitment Letter,” 2022, Available here: https://www.regulations.gov/document/EPA-HQ-OPP-
2011-0668-0065. 
53 NMFS Malathion BiOp at 1199. 
54 FWS Malathion BiOp at 304. 
55 NMFS Malathion BiOp at 1200-1201. 

incident info, often ignoring it completely and failing to take action to prevent worrisome 
ecological incidents and trends from occurring. FWS and NMFS have made clear in recent 
BiOps that the status quo is unacceptable and opted to insert themselves in a historically 
mismanaged situation by asking to review the data.  
Ecological incident information and reporting is one important part of determining the success of 
RPAs and RPMs. We look forward to seeing EPA’s plan to comply with the terms and 
conditions on incident compilation and reporting to NMFS and FWS. We hope this plan makes 
all incident reporting easier, removes barriers that are responsible for incident underreporting and 
includes a robust methodology for analyzing incident information in a way that accurately 
reflects its importance.  
VII. 
Conclusions 
We generally support EPA’s recognition that compliance with the Endangered Species Act will 
require several strategies, some of which will overlap. Such mitigations can be achieved through 
broad label changes, either those that encompass the entire U.S., state-level strategies in places 
like Hawaii, strategies that focus on high pesticide use areas that have a high concentration of at-
risk species (like CA’s Central Valley or FL’s Lake Wales Ridge), and geographically targeted 
Bulletins that provide specific conservation measures for species that require unique protections 
from pesticides. 
We again wish to raise our concerns with the EPA’s overreliance on the fundamentally flawed 
FWS malathion BiOp as its guide for predicting jeopardy and adverse modification. The NMFS 
chlorpyrifos, diazinon and malathion BiOps (as well as many of the regional BiOps completed 
by NMFS) provide a much more scientifically and legally-sound way of predicting jeopardy and 
adverse modification and should be the sole methodology used by the EPA moving forward. 
Bulletins must be targeted, detailed and clear to be protective, enforceable, and implemented. 
The three Bulletins proposed here fall short of these requirements. We strongly encourage the 
EPA to reach out more proactively to stakeholders and dive into the weeds of the species in far 
greater detail than just a species’ range or critical habitat and develop strategies to move beyond 
superficial narrative descriptions of a species’ habitat needs.  
EPA must significantly bolster its proposed mitigations. The current mitigations proposed in 
these pilot Bulletins are overly subjective, will be plagued by a lack of compliance and are 
completely unenforceable. We have proposed simple, straightforward buffer language that can 
be easily understood, implemented and will be protective of listed species. 
Additionally, we must start seeing proposed restrictions on co-applying pesticides in species’ 
habitat to prevent jeopardy and adverse modification and minimize incidental take. EPA cannot 
ignore the potential impacts of pesticide mixtures. NMFS has proposed a reasonable way 

forward with requiring reduced application rates for co-applied pesticides in all listed species’ 
habitat. We support this proposed path forward and urge EPA to finally confront this issue. 
EPA must explicitly communicate its position on cost-benefit balancing as the agency begins to 
come into compliance with the ESA. This is incredibly important, as the agency is fully aware 
that the ESA specifically forbids such an analysis. From our perspective, it is clear that EPA has 
already violated its stated policy in the ESA workplan to not account for the perceived impacts to 
agriculture in ESA-specific actions by doing just that in the targeted mitigations proposed here. 
Clarification is needed. 
Finally, EPA’s proposed alternative RPAs for the 2009 NMFS carbaryl BiOp are unacceptable 
and contradict how NMFS has designed RPAs in recent BiOps. The proposed alternatives are 
considerably weaker than those required by NMFS in 2009 and are in no way sufficient to 
prevent jeopardy.       
Thank you for your consideration of these comments, 
 
Nathan Donley, Ph.D.  
Environmental Health Science Director 
Center for Biological Diversity 
 
 
Jess Tyler 
Staff Scientist 
Center for Biological Diversity 
 
 
J.W. Glass 
EPA Policy Specialist 
Center for Biological Diversity"
EPA-HQ-OPP-2010-0230-0136,EPA-HQ-OPP-2010-0230,"Specialty Crop Protection Program 
 
 
North Willamette Research & Extension Center  
 
Oregon State University  
 
 
 
 
 
 
15210 NE Miley Rd 
 
 
 
 
 
Aurora, Oregon 97002 
 
 
U.S. Environmental Protection Agency 
1200 Pennsylvania Ave. NW 
Washington DC 20460-0001 
 
February 14, 2023 
 
RE: Pesticide Registration Review: Proposed Interim Decision for Carbaryl 
EPA Docket ID: EPA-HQ-OPP-2010-0230 
 
 
To Whom it May Concern, 
 
Thank you for the opportunity to comment on the Proposed Interim Decision for carbaryl. I am writing 
on behalf of the Western IPM Center to share feedback from agricultural producers in the Pacific 
northwest. Carbaryl is labeled on a wide variety of crops in the Pacific northwest, but three of the 
predominant uses are in apple for blossom thinning, cherry for spotted wing drosophila control, and 
cranberry for cranberry tipworm. This comment focuses on the drift mitigations proposed for salmonid 
protection. 
 
Bulletins Live! Two (BLT) label language clarity: requirements for airblast sprayers  
The BLT restrictions for salmonids present growers with a ‘choose-your-own adventure’ template that 
presents assorted mitigations depending on application type and application rate. While surveying 
growers about BLT for comments submitted to EPA about the Endangered Species Workplan Update, 
some respondents indicated that they felt that the language on the Endangered Species Protection 
Bulletins was too confusing or not written with the applicator in mind. To reduce applicator confusion, 
please consider adding language under the airblast section of the salmonid mitigations to the effect of: 
For airblast applications only: For application rates greater than 1 lb AI/A, apply one 
runoff reduction measure from Runoff Reduction Options List A or two from List B 
above AND apply one drift reduction measure from the list below. 
 
 

Allowable mitigations for salmonid protections 
I surveyed growers on whether the soil erosion and surface water runoff mitigations presented in the 
Endangered Species Workplan update and had responses from thirty growers. No grower responded 
that they were unable to implement any of the practices. However, there were several respondents who 
felt it was only feasible to implement one or two of the fifteen mitigations on their operation. For this 
reason, it is important that EPA allow as broad a list of mitigations for salmonid protection as possible. 
The practices growers most frequently reported being currently implemented on their operations are 
cover cropping, reduced tillage, field borders, vegetative/grassed ditch banks, mulching, and riparian 
buffer zones. At least 25% of respondents indicated that the following mitigations could be 
implemented: vegetative filter strips, vegetative barriers, mulching, field borders, cover crops, reduced 
tillage, and grassed waterways. We request that EPA pull more broadly from the picklist presented in 
the Endangered Species Workplan Update so that growers may be able to meet their pest control needs 
while staying in compliance with endangered species protections.  
 
Mitigation definitions  
Growers have indicated a need for definitions of each mitigation that is clearly written and easily 
accessed. One suggestion is to create a website with definitions, diagrams, photos, recommended plant 
species for vegetative strips, etc. for growers to reference, and that could be directly linked to from the 
Endangered Species Protection Bulletin. 
In the carbaryl PID specifically, growers are unclear on the differences between a retention pond (Runoff 
Reduction List A, Option 2) and a water control structure at edge of field (Runoff Reduction List B, 
Option 3). The water retention pond in List A is defined in the Endangered Species Workplan update; but 
there is no corresponding definition for a water control structure (List B) in that document. Please 
consider adding definitions or clarifications to reduce confusion. 
 
Thank you for the opportunity to comment. Please feel free to contact me with additional questions. 
 
Respectfully, 
 
 
Dani Lightle, Ph.D. 
Assistant Professor of Practice, Specialty Crop Protection Program 
North Willamette Research and Extension Center, Oregon State University  
15210 NE Miley Rd, Aurora, OR 97002 
Email: danielle.lightle@oregonstate.edu  
 
 
To compile comments, input is actively solicited from stakeholders throughout the Pacific Northwest in 
an effort to convey use patterns, benefits, potential impacts, and the availability and efficacy of 
alternatives. These comments largely reflect expert testimony from stakeholders, including research and 

extension experts as well as farmers and commodity groups. The comments do not imply endorsement 
by Oregon State University or the Western IPM Center."
EPA-HQ-OPP-2010-0230-0126,EPA-HQ-OPP-2010-0230,"NORTHWEST HORTICULTURAL COUNCIL 
105 South 18th Street, Suite 105 
Yakima, Washington 98901 USA 
509-453-3193  
www.nwhort.org 
 
 
 
February 14, 2023 
 
Mary Elissa Reaves, Ph.D. 
Director, Pesticide Re-Evaluation Division 
Office of Pesticide Programs   
Environmental Protection Agency   
1200 Pennsylvania Ave. NW 
Washington, DC 20460-0001 
 
Re:  Northwest Horticultural Council’s Comments on the Proposed Interim Decision (PID) 
for Registration Review for Carbaryl (EPA-HQ-OPP-2010-0230)  
 
Dear Dr. Reaves:  
  
The Northwest Horticultural Council (NHC) is pleased to comment on the Proposed Interim 
Decision for Registration Review for Carbaryl, published in the Federal Register on November 30, 
2022. The NHC manages federal and international policy and regulatory issues for growers, 
packers, and shippers of apple, pear, and cherry in Washington, Oregon, and Idaho. Together, our 
growers produce 70 percent of the apples (supplying 80 percent of the U.S. fresh market), 84 
percent of the fresh pears, and 73 percent of the fresh sweet cherries grown in the United States.  
 
The NHC appreciates that the Environmental Protection Agency makes provisions for the important 
uses of carbaryl for bloom thinning. Delaying applications of carbaryl until 80% of petal fall has 
been completed and all beehives have been removed from the site are both reasonable and 
practicable. Orchardists understand the need to protect bees from carbaryl use during bloom and 
will work to both minimize exposure concerns and to notify beekeepers of applications. 
 
Proposed changes pertaining to updated gloves and respirator requirements for mixers/loaders and 
applicators are reasonably and will be adopted and implemented. Most of the proposed mandatory 
spray drift management requirements are also reasonable and practical. The NHC is supportive of 
EPA’s proposal to consider wind direction for spray applications. This provides growers with a 
margin of flexibility as to when to make spray applications, such as waiting until a prevailing wind 
towards a habitat is at a low enough MPH to incentivize the grower to minimize drift in that 
direction. Altering spray timings to minimize drift based on wind speed and direction is a common 
practice that allows growers the flexibility to apply carbaryl when weather conditions are most 
favorable.  
 
In contrast, EPA’s proposal assigning a non-wind aided 40-foot buffer for Endangered Species 
Act (ESA) Upper Columbia River Steelhead Trout habitats. A 40-foot non-wind buffer is  
inconsistent with previous ESA designations calling for 25-foot buffers for ESA labels for both 

 
 
malathion and diazinon. It is unclear why the Agency has determined a larger buffer for carbaryl 
to be necessary. The NHC requests that EPA maintain consistency of non-wind aided airblast 
buffer size to salmon habitats for each of carbaryl, diazinon, and malathion to “Do not apply 
within 25 feet of aquatic habitats”. The inclusion of additional buffer size when wind is blowing 
in the direction of the aquatic habitat is reasonable. 
 
The NHC thanks EPA for the opportunity to provide written comments in support of the use of 
carbaryl for this Proposed Interim Decision for Registration Review. 
 
Sincerely, 
 
NORTHWEST HORTICULTURAL COUNCIL 
 
David Epstein, Ph.D. 
Vice President for Scientific Affairs"
EPA-HQ-OPP-2010-0230-0122,EPA-HQ-OPP-2010-0230,"///////////////// 
 
02/07/2023 
 
Joshua Wood 
 
Bayer U.S. - Crop Science 
700 Chesterfield Parkway West 
Chesterfield, Missouri 63017 USA 
 
Tel. 484-860-6473 
joshua.wood.ext@bayer.com 
 
 
 
 
02/07/2023 
 
Ms. Anna Romanovsky 
Regulatory Public Docket (7502P) 
Office of Pesticide Programs 
Environmental Protection Agency 
1200 Pennsylvania Avenue NW 
Washington, DC 20460‐0001 
Telephone: 202‐566‐2771 
Romanovsky.anna@epa.gov 
 
Re:  
Registration Review: Carbaryl 
 
Docket Number: EPA‐HQ‐OPP‐2010‐0230 
 
Bayer appreciates the opportunity to comment on the carbaryl registration review.  Bayer 
believes that the public can continue to use our products in the marketplace and when the 
current labels are followed these products do not present unreasonable adverse 
effects.  Nonetheless, due to business reasons, Bayer intends to cancel the following carbaryl 
registrations: 
 
 
Sevin Brand Granular Carbaryl Insecticide (EPA Reg No. 264-429) 
 
Sevin Brand RP2 Carbaryl Insecticide (EPA Reg No. 264-334) 
 
Sevin Brand RP4 Carbaryl Insecticide (EPA Reg No. 264-335) 
 
CP Carbaryl Insecticide Spray – RTU (EPA Reg No. 432‐1211) 
 
R&M Garden Dust 10% (EPA Reg No. 432‐1210) 
 
R&M Garden Dust 5% (EPA Reg No. 432‐1209) 
 
Sevin 4MC Manufacturing Use Concentrate Insecticide (EPA Reg No. 432‐1511) 
 
Sevin Grub Killer Granules (2% Sevin) (EPA Reg No. 432‐1212) 
 
Sevin Brand 97.5% Manufacturing Concentrate Carbaryl Insecticide (432‐982) 
 
Sevin Brand Carbaryl Technical (EPA Reg. No. 432‐1525) 
 
Sevin SL Carbaryl Insecticide (EPA Reg. No. 432‐1227) 
 
Sincerely,  
 
Joshua Wood 
Bayer CropScience LP Regulatory Affairs"
EPA-HQ-OPP-2010-0230-0137,EPA-HQ-OPP-2010-0230,"February 14, 2023  
 
Submitted electronically via Federal eRulemaking Portal 
 
Dr. Mary Elissa Reaves 
Director 
Pesticide Re-evaluation Division 
Office of Pesticide Programs  
U.S. Environmental Protection Agency 
Mail Code 7505P 
1200 Pennsylvania Ave. NW  
Washington, DC 20460-0001 
 
Re: 
Docket EPA–HQ–OPP–2010-0230, Carbaryl – Proposed Interim Registration Review 
Decision 
 
Dear Dr. Reaves: 
 
I am the Executive Director of the California Specialty Crops Council. The California Specialty Crops 
Council (CSCC), a 501(c) 5 non-profit organization, is a trusted source of field-based information 
spanning horticultural crop production, pest management, food safety and stewardship activities in 
fruit, root, vegetable, and vine crops (fresh, dried, and processed). Combined, over 2,600 CSCC 
growers generate $5.0 billion annually on approximately 518,000 acres of California farmland. Our 
members include: 
CA Cherry Board, CA Prune Board, CA Fresh Carrot Advisory Board, CA Garlic and Onion Research 
Advisory Board, CA Leafy Greens Research Program, CA Melon Research Board, CA Pear Advisory 
Board, CA Pepper Commission, and the Artichoke Research Association. 
 
The CSCC is committed to transparent scientific and technical exchange, responsible agricultural 
practices and effective public policy solutions developed through partnerships with the scientific 
community, policymakers, and other stakeholders in agriculture.  
 
I would like to comment regarding the Carbaryl proposed interim registration review decision. 
 
Pest resistance continues to threaten crop yields and are becoming an increasing problem. Many pests 
have developed resistance to one or more pesticides. As such resistance increases, growers will need 
access to more crop protection products, and they must rotate among pesticides with different modes of 
action to combat resistance. Rotation of pesticide active ingredient classes from different mode of 
action groups for management of each seasonal pest generation is now a foundational tenet for 
managing pesticide resistance. In addition to the key role these chemicals play in preventing pest 
resistance, they are valued by growers because of the specific pests controlled, they are a critical  
element in these grower’s IPM programs, they have a long history of worker safety, and their short 
preharvest intervals are a benefit. In some cases, damage will result due to the lack of alternatives to  
manage invasive pests. Also, the loss of these would result in higher costs, reduced yields and require 
 
 

February 14, 2023 
 
                                                              
 
 
 Page 2 
 
more frequent treatments – all serious setbacks to IPM and resistance management programs.  
 
Mandatory Spray Drift Language 
o Aerial Applications 
▪ Do not release spray at a height greater than 10 feet above the ground 
or vegetative canopy, unless a greater application height is necessary for 
pilot safety. 
▪ Applicators must select nozzle and pressure that deliver medium or 
coarser droplets in accordance with American Society of Agricultural & 
Biological Engineers Standard 641 (ASABE S641). If the windspeed is 10 
miles per hour or less, applicators must use ½ swath displacement 
upwind at the downwind edge of the field. When the windspeed is 
between 11-15 miles per hour, applicators must use ¾ swath 
displacement upwind at the downwind edge of the field. 
▪ Do not apply when wind speeds exceed 15 mph at the application site. 
If the windspeed is greater than 10 mph, the boom length must be 65% 
or less of the wingspan for fixed wing aircraft and 75% or less of the 
rotor diameter for helicopters. Otherwise, the boom length must be 
75% or less of the wingspan for fixed-wing aircraft and 90% or less of 
the rotor diameter for helicopters 
▪ Do not apply during temperature inversions 
▪ Require buffer zones to waterbodies 
 
Comment: Specialty crops in California face many problems, especially those related to insect 
management. Often these crops are grown in small acreage blocks. We have concerns when aerial 
applications require buffer zones. We request the Agency take note of new low flying drones that fly 3-
6 feet over the canopy of the crop being treated. Theses drones are more likely to be used on these 
smaller acreage blocks and with their low flying ability the spray drift from these drones will be 
reduced and more contained compared to traditional aerial applications. As more ag innovation of 
drones becomes available for growers to use, it should be feasible to reduce the buffers for these types 
of aerial applications. We have been informed by Ms. Briana Layfield, President of Ag-Bee 
Agricultural Drone Services that the boom length restrictions that apply to fixed wing and helicopter 
applications do not apply to UAS drones. If this is correct it should be noted in your requirements. 
 
Proposed Rain-Related Statements 
 
For all formulations, add the following precipitation restrictions: 
 
• “Do not apply carbaryl containing products during rain.” 
• “Do not apply carbaryl containing products when a storm event likely to produce runoff 
from the treated area is forecasted (by NOAA/National Weather Service, or other 
similar forecasting service) to occur within 48 hours following application.” 
For all formulations, add the following soil saturation restriction: 
• “Do not apply carbaryl products when soils are saturated or above field capacity.” 
 

February 14, 2023 
 
                                                              
 
 
 Page 3 
 
 
Comment: Regarding the 48 hours, what qualifies as a storm event? How are growers supposed to 
determine when is a storm likely to produce runoff? The 48-hour time frame may be unreasonable as it 
may prevent a grower from making an application during a critical growing window, even if no rain 
actually occurs. Is there scientific justification for a 48-hour period? Would a 24-hour period suffice? 
 
 
“ENDANGERED AND THREATENED SPECIES PROTECTION 
REQUIREMENTS: It is a Federal offense to use any pesticide in a manner that results 
in an unauthorized “take” (e.g., kill or otherwise harm) of an endangered species and 
certain threatened species, under the Endangered Species Act section 9. When using this 
product, you must follow the measures, including any timing restrictions, contained in 
the Endangered Species Protection Bulletin for the area where you are applying the 
product. Before using this product, you must obtain a Bulletin at any time within six 
months of the day of application. To obtain Bulletins, consult http://www.epa.gov/espp. 
For general questions or technical help, call 1-844-447-3813, or email ESPP@epa.gov.” 
 
Comment: There are concerns among growers that these bulletins will be county based. Some of the 
counties in California are as much as 80-100 miles wide or long. The Agency needs to conduct grower 
education on the use of the BLT and provide an emphasis on the actual area of the species/habitat of 
concern. There are concerns that current conservation demands of specific geographic and use 
scenarios are not taken into account. It must be stressed to the growers the need to maintain a copy of 
the bulletin when checked for future compliance. 
 
Effective and economical pest management is a critical component of all aspects of agricultural 
operations from growing, harvesting, packaging, storing, and transporting the product to market. 
Practical alternatives exist. 
 
Respectfully submitted, 
 
 
Gary W. Van Sickle 
Executive Director   
 
California Specialty Crops Council  
31831 Road 132 
Visalia, CA 93292     
Phone: 559-288-0301    
Email: gary@specialtycrops.org    
Website: http://specialtycrops.org"
EPA-HQ-OPP-2010-0230-0129,EPA-HQ-OPP-2010-0230,"February 14, 2022 
 
 
Submitted via Federal eRulemaking Portal:  
Docket ID Number: EPA–HQ–OPP–2010–0230-0108; FRL-10245-01-OSCPP 
Carbaryl Case Number: 0800 
 
Anna Romanovsky 
Pesticide Re-Evaluation Division (7508P) 
Office of Pesticide Programs 
Environmental Protection Agency 
1200 Pennsylvania Ave. N.W. 
Washington, DC 20460–0001 
 
 
RE: 
California Rice Commission Comments Supporting; Registration Review 
Proposed Decision for Carbaryl 0800 and the Need for California Rice 
 
Dear Anna Romanovsky: 
 
Thank you for the opportunity to respond to the registration review of carbaryl use on 
California rice. We realize the usage is low on rice yet question the decision to cancel 
carbaryl on California rice. California is the remaining state with a need for carbaryl on rice 
and believe the low usage could be a positive factor in the final evaluation of the chemical.  
 
The California Rice Commission (CRC) is commenting from communications with the 
University of California, Davis, and U.C. Cooperative Extension professionals where we work 
together as a team on rice related issues.  
 
I. Why California Rice Needs Carbaryl for Tadpole Shrimp Control 
Insects are a minor pest causing major damage to California rice. From seedling to the four-
to-five leaf stage (within 30-days of planting), insect pests can cause considerable harm to 
seedling rice. The early season insect pests include the tadpole shrimp, crayfish, seed midge 
and rice water weevil. These early season pests are significant because the rice seedling is 
most vulnerable at this stage of growth until the plant stand is established. Once the seed 
sets roots and the plants emerge through the water, the early season pests are no longer a 
problem. The most common pesticides are the pyrethroid insecticides to control these early 
season pests.  
We reached out to Dr. Luis Espino, UC Farm Advisor and Dr. Ian Grettenberger, Assistant 
Specialist in Cooperative Extension. Both specialists have completed extensive research on 
insect pests in rice, including the impacts of carbaryl and resistance to the alternatives. 

Anna Romanovsky 
EPA–HQ–OPP–2010-0230 
February 14, 2022 
Page 2 of 12 
 
Luis Espino, PhD 
Rice Farming Systems Advisor 
University of California Cooperative Extension 
Email communication: Carbaryl is not used much in California. However, it would be 
important to try and keep it available. The main pest it may help us with is tadpole shrimp 
(TPS). Carbaryl is one of the few insecticides that actually has TPS on the label. It is an 
alternative to pyrethroids. There are some cases of reduced efficacy to pyrethroids, and if 
these issues became more widespread, we could use carbaryl since it is a different mode of 
action. Also, there is always the threat of regulatory action against pyrethroids; again, 
carbaryl could be an option. 
Timing of application would be early, soon after seeding. This gives plenty of time for 
aquatic fauna to rebound, not a lot of usage of fields by wildlife. Only one application is 
necessary to control TPS. Also, at this time herbicides are being applied that require water 
holding times, so it may be feasible to put a water holding time to carbaryl. I have tested 
carbaryl against armyworms and it is really not effective, so we do not recommend it for 
that, even though armyworms are on the label. The other pests listed on the label are not an 
issue in California.  
Ian Grettenberger, PhD 
Assistant Specialist in Cooperative Extension 
UC Davis 
 
Email communication: My overall thoughts are the same as Luis' in that it is most relevant 
for early season applications for TPS and that the primary utility is another mode of action 
with the rationale that pyrethroids do have some resistance issues with TPS and there is 
current concern about regulatory action on pyrethroids. I will obviously defer to Roberta on 
the questions/answers on water hold. 
II. Water Holding Requirements on Rice  
Water holding requirements on rice have been in effect since 1982. The determination 
whether to apply a water hold and the duration have resulted from the pesticide registration 
review. The CRC assumes the calculations for water holds is from a common understanding 
during the registration review, however it seems the historical knowledge is lost with the 
advent of modeling the pesticide fate.  
The original water holds were based on the chemical half-life. Specialist at UC Davis did both 
lab and field studies sampling every day to look at the breakdown.  The half-life was 
calculated and then the water hold was based on x number of half-life’s to be below a certain 
threshold such as mammalian LD 50s from animal studies. The objective was to hold water 
on the field until the pesticide degraded to an acceptable level before release.  

Anna Romanovsky 
EPA–HQ–OPP–2010-0230 
February 14, 2022 
Page 3 of 12 
 
In e-mail communication with the California Department of Pesticide Registration, 
Surface Water Protection Program: 
Water-Holding Permit Conditions"" to ensure enough degradation of the AI occurred so that 
Water Board Performance Goals were met for many of the AIs such as molinate, thiobencarb, 
carbofuran, and others. I don't mean to repeat information that you likely are aware of, but it 
does appear that many of these earlier water-hold decisions were based on scientific 'best 
judgement' and not always mathematically evaluated the same way we model rice pesticides 
today to determine support for registration. Over the last several years, we have relied more 
on rice pesticide modeling to analyze pesticide fate and transport and to evaluate 
management practices in controlling pesticide discharge from fields. 
As for water-holding periods now, most of these would be more likely developed via 
registrant-conducted field dissipation studies prior to submission for DPR product 
registration. For example, our Pesticide Registration Evaluation Model (PREM) does not 
randomly generate a water-holding period; instead, we use the holding-period 
recommended on the product label or set the model to the most conservative option of 1-
day should no water-holding period be listed. DPR is less-likely to develop these holding 
periods ourselves unless it is a matter of mitigation for a specific AI. Instead, we focus on the 
combination of application rates, physical-chemical properties, and aquatic toxicity values to 
mathematically determine (via PREM) whether or not the data support registration of the 
product. On that note, if the data did not support registration, the reviewing scientist will 
often verify how a longer water-holding period may impact pesticide fate. In turn, the 
reviewer can suggest that on the evaluation to the registrant as a mitigation step (i.e., ""if the 
water-holding period was increased to X days, the data would support the registration of Y 
product.""). Depending on the registrant, a 'do not support' may lead to them removing rice 
from the label altogether or a move toward a California-specific product label. From my own 
recent observations, it seems that many new rice pesticide labels are not specifying a water-
holding period at all so we often will use the conservative value of 1-day in our evaluation.  
In talking with Yuzhou (DPR specialist), a series of field studies were performed by DPR 
during the 1980s to 1990s to determine time-dependent concentrations of pesticides in rice 
paddies. The results of those studies were also used in development of permit conditions for 
rice pesticides (please see the linked DPR report). Our own PREM is based in part on the 
Pesticide in Flooded Agriculture Model (PFAM) evaluated in this report. On page 29 of the 
report, for PFAM it highlights that: ""...the effects of both slow release and initial concentration 
can be incorporated by manually adjusting the application amount and timing. However, 
explicit simulations of those effects are suggested if the model is to be used for pesticide 
registration purposes."" So, depending on the product and AI, Surface Water may suggest a 
longer water-holding period if the product did not meet support for registration, but the 
water-hold may be shorter than the 30-day hold for thiobencarb, specifically. 
https://www.cdpr.ca.gov/docs/emon/pubs/ehapreps/report_263.pdf 

Anna Romanovsky 
EPA–HQ–OPP–2010-0230 
February 14, 2022 
Page 4 of 12 
 
In further e-mail communication with Ronald S Tjeerdema, PhD, DABT, UC Davis 
Department of Environmental Toxicology and Coastal Marine Sciences Institute 
From our experience soil and water pH can fluctuate between about 4.5 and 6.5. Bruce’s 
paper (attached) is one we refer to often, and it suggests the range is 4.5 to 7.5, depending 
on conditions. Carbamate insecticides do have the ability to degrade via hydrolysis, which 
can be catalyzed under alkaline conditions. This would result in a faster degradation 
reaction rate. 
Cited research paper:  Spatio-temporal salinity dynamics and yield response of rice in water-
seeded rice fields Mathias Marcosa,, Hussain Sharifib, Stephen R. Grattanc, Bruce A. Linquist. 
III. UC Pest Management Guidelines: Tadpole Shrimp 
“Scientific name: Triops longicaudatus 
Common name: Tadpole Shrimp 
DESCRIPTION OF THE PESTS 
Although they are crustaceans, tadpole shrimp resemble tadpoles in size, shape, color, and 
mobility. Tadpole shrimp have about 35 body segments, and all but the last six or seven have 
pairs of leaflike, gill-bearing appendages. A thin, olive-brown shield covers the front section 
of the body, and two long tails extend from the last segment. Two long, jointed appendages 
resembling antennae extend from below the well-developed chewing mandibles. 
Adults deposit eggs singly on soil or on plants at the bottom of the field. They are highly 
resistant to drying and remain viable for several years in unflooded soil. Most of the eggs 
hatch 1 to 3 days after spring flooding of the rice fields, but hatching may continue for 1 to 2 
weeks. The young develop rapidly by a series of molts and resemble the adults in less than 
24 hours. They feed on a variety of small animals and plants commensurate with their size 
as they grow and molt. The somewhat transparent molt skins may be mistaken for dead 
shrimp. The first instar larva is about 0.2 inch (5 mm) long. Egg pouches are first noted 
when shrimp are about 0.63 inch (16 mm) long, and by 3 weeks old the shrimp may be 1 
inch (2.5 cm) long. At maturity, tadpole shrimp are about 1.5 inches long. Masses of red-
orange eggs occur in 7 to 10 days from hatching in two brood pouches on the appendages of 
the 11th segment at the lower margin of the shield. 
DAMAGE 
Tadpole shrimp cause losses in seedling rice stands in two ways. First, they may chew off the 
coleoptile, roots, and leaves of the seedling, and uproot seedlings with their digging and 
feeding activity, all of which may kill the plants. Second, their digging activities associated 
with egg laying muddy the water, reducing light penetration and thereby slow the growth of 
the submerged seedlings. Tadpole shrimp cause no injury to rice once leaves have reached 
the water surface and roots are well established in the soil. 

Anna Romanovsky 
EPA–HQ–OPP–2010-0230 
February 14, 2022 
Page 5 of 12 
 
MANAGEMENT 
Management of tadpole shrimp involves rapid seeding of the field after flooding and 
monitoring twice within the first 2 weeks following flooding to determine the need for 
chemical treatment. As an alternative, some population reduction can be obtained by 
flooding and draining the field before flooding for seeding. 
 
Cultural Control 
 
Most tadpole shrimp eggs hatch within 2 days after contact with water. The longer the time 
between hatching of the eggs and planting, the larger the size of the shrimp and the greater 
the potential for plant injury. Flood the field as fast as possible, and seed as soon as possible 
after flooding has been initiated. In very large fields that take more than a few days to flood, 
you may want to seed basins (checks) in sequence as they fill with water. Rice stands that 
have been reduced by shrimp feeding can be reseeded but generally a good stand of rice is 
difficult to establish in this manner. 
 
Flooding and draining the field before planting will kill hatched tadpole shrimp through 
desiccation and are alternatives to chemical control. Do not drain the field until 4 to 5 days 
after initial flood so the maximum egg hatch can occur. The draining time will vary based on 
soil type and weather but should continue for at least 24 hours after all standing water is 
gone. Shrimp will gather in standing water in low areas and will reinfest the field if the drain 
period is too short. Reflooding may result in some shrimp from previously unhatched eggs, 
but they would be in noneconomic numbers and less likely to damage the older, firmer 
rooted seedlings. Any soil cultivation following the drain period may bring viable, unhatched 
shrimp eggs to the soil surface for possible infestation upon reflooding, however. 
 
A decision to drain must take into account possible negative aspects such as fertilizer loss, 
encouragement of weeds, or interruption of weed control procedures, interruption of 
pesticide holding requirements, and the economics of irrigation. 
 
Organically Acceptable Methods 
 
Draining, as described under cultural controls, and applications of copper sulfate are 
organically acceptable methods. 
 
Monitoring 
 
Check all your fields during seedling development, but give special attention to those that 
had significant populations of tadpole shrimp last year. Even though infestations may have 
been localized in previous years, monitor all quadrants of the field because the shrimp can 
occur well beyond previously observed boundaries. Masses of wind-blown cut leaves and 
floating seedlings along the levees combined with muddy water are good evidence of 

Anna Romanovsky 
EPA–HQ–OPP–2010-0230 
February 14, 2022 
Page 6 of 12 
 
tadpole shrimp activity. Check for shrimp and floating shrimp molt skins to confirm the pest, 
because crayfish and seed midges cause similar damage. If the water is clear, you can usually 
see the shrimp on the bottom although they may be small. If the water is murky or muddy, 
you may still see the shrimp as they come to the surface but cool temperatures may slow 
their activity. A fish seine (1/8-inch mesh) pulled along the bottom of the field will reveal 
their presence or absence. 
 
The action threshold is determined by counting numbers of seedlings at various stages of 
development. Take samples twice during seedling development: at 5 to 7 days after flooding 
is initiated and again 3 days to a week later. Use a metal or plastic cylinder or square with 
open ends that encloses 1 square foot and with sides higher than the water depth, to count 
the plant stand. Place it in the water gently so the area to be observed remains clear. If the 
water is murky because of wind and wave action, you may have to wait a day or two to allow 
it to clear. An alternative to waiting is to view the seedlings through a clear glass or plastic 
container or jar held within the sampling device. Hold the viewing device open end up and 
push it down into the cloudy water until you can see the bottom of the field and move the jar 
around to see the seedlings. Take 10 samples across the check on each sampling date. Take 
20 samples if your checks are large. The treatment guidelines below are based on a seeding 
rate of 150 pound per acre. 
 
Treatment Decisions 
 
Take the first sample 5 to 7 days after flooding begins. Treat if tadpole shrimp or their 
molted skins are present and less than 30 healthy seedlings per square foot are found, and 
there is damage due to shrimp feeding. 
 
Take the second sample 8 to 14 days after flooding. An average of 25 or more healthy 
seedlings per square foot at this time should provide a good stand. Treat if less than 25 
healthy seedlings are found and evidence of shrimp is present in the monitoring area. If 25 
or more healthy seedlings are found but there is also evidence of tadpole shrimp activity, 
repeat the sampling procedure every 2 to 3 days until rice plants emerge above the water 
surface. Treat if the average number of seedlings drops below 25 plants. 
 
If muddy water does not allow an adequate visual inspection of the plant stand after 8 days, 
treatment decisions must be based on the presence of shrimp and shed skins, and 
observations of chewed shoot tips or roots, or uprooted floating seedlings. 
 
Recommended insecticides:  
Lambda-cyhalothrin 
Copper sulfate pentahydrate 
Carbaryl 
 
 

Anna Romanovsky 
EPA–HQ–OPP–2010-0230 
February 14, 2022 
Page 7 of 12 
 
Publication 
UC IPM Pest Management Guidelines: Rice 
UC ANR Publication 3465 
 
Invertebrates 
L. D. Godfrey, Entomology, UC Davis 
L. A. Espino, UC Cooperative Extension, Colusa County 
S.P. Lawler, Entomology, UC Davis (General Information, Managing Mosquitoes in Agricultural Situations)” 
 
The following table shows the total insecticide use on California rice from 1989 to 2015. Not 
all insecticides have been registered in California for that duration. We can provide 
additional usage details specific to each insecticide, if necessary.   
Table 1. Insecticide Use on California Rice 
Active Ingredient/Insecticide Class 
Average 
Acreage  
Average Total Acres 
Treated (1989-2015) 
Bacillus thuringiensis/ Biological 
935 
0.19% 
Carbaryl/Carbamate 
4,405 
0.89% 
Clothianidin/Neonicotinoid 
256 
0.05% 
(s)-cypermethrin (zeta)/Pyrethroid 
28,949 
5.85% 
Diflubenzuron/Insect Growth Regulator 
2,948 
0.60% 
Lambda-cyhalothrin/Pyrethroid 
91,645 
18.52% 
Malathion/Organophosphate 
2,401 
0.49% 
Source: California Department of Pesticide Regulation, Pesticide Use Report 1989-2015; United States Department of 
Agriculture, National Agricultural Statistics Services (USDA/NASS) 
IV. Cultural Practices 
 
In the Central Valley north of Sacramento, the majority of rice is grown on clay soil primarily 
unsuitable for supporting other crops (CH2M Hill 1992.) Therefore, crop rotation is not 
common on rice ground. Approximately 98 to 99 percent of California rice is seeded in 
standing water at three to five inches deep. The field preparation and rice planting are 
weather dependent. Weather can delay the planting process, but there never is a time when 
the season starts early due to unusually dry conditions as the temperatures are too cool for 
germination, and the early planted rice becomes feed for late migrating waterfowl. 
 
 
 
A. Field preparation 
 
Water can be held on the harvested (non-crop period) rice fields over the winter months 
with draining starting at the end of February, first of March. The harvested fields usually fill 
from rainfall. These wet fields facilitate the decomposition of the stubble remaining after 
harvest. The winter flooded fields provide habitat for migration waterfowl along the Pacific 
Flyway.  
 

Anna Romanovsky 
EPA–HQ–OPP–2010-0230 
February 14, 2022 
Page 8 of 12 
 
Food to sustain the waterfowl comes from spent grain left from the harvester, and insects 
living in the mud. With the loss in wetlands for flood control, the rice fields provide 300,000 
acres of winter habitat. Considerable research in collaboration with the industry, the 
Universities, and several avian groups demonstrate the benefits rice fields provide to 
wildlife. Section V cites some of the decades of work and studies on impacts to waterfowl.  
 
After the field is drained, the soil is disked to open up the top layer allowing it to aerate. 
Additional equipment is used to break-up the disked soil into a finer, smoother texture. 
Preplant fertilizer is incorporated at this time. The fields are leveled to slopes of 0.05 to 0.1 
percent to allow for drainage. A grooved roller is pulled over the leveled field to create small 
rolls of ridges (UCCE/UCANR, Land Formation 2015).  
 
Water is then added to the field at a depth of three to five inches. The rice seed is soaked in 
water 24 to 48 hours before planting. Soaking the seed starts the germination process and 
adds weight. The soaked seed is flown onto the field dropping through the water and settling 
into a groove formed during field preparation.  
 
Seedlings will break through the water and remain vulnerable to insect infestation, or 
dislodging until the plant tillers and begins forming the canopy. Once the rice stand is 
established, the plant is naturally resistant to insect infestation under normal conditions 
(UCCE/UCANR 2015, Planting & Stand Establishment). 
 
Figure 1. Calendar of operations 
Source: CH2M Hill for the CRC Irrigated Lands Regulatory Program. 
Note: The calendar is an approximation. Weather can delay the start of the rice season. However, the rice season never 
starts earlier than the dates on the chart.  
 
 
 
B. Rice seeding 
 
Approximately one to two percent of California rice is dry seeded. Dry seeding helps to 
break up the weed cycle due to the limited number of available herbicides with differing 
modes of action.  
 

Anna Romanovsky 
EPA–HQ–OPP–2010-0230 
February 14, 2022 
Page 9 of 12 
 
Water seeding became an industry wide practice around 1982 (Div. of Ag. Sci. 1982). The 
initial rational was to allow the pre-germinated seed an opportunity to break the water 
surface in advance of the weeds for non-chemical control. In addition to weed control, water 
seeding facilitates nitrogen nutrition and increases productivity. The rice seed is water 
soaked 24 to 48 hours in large bins that are drained before the seed is transferred to trucks 
and delivered to the fields. The seed is transferred from the truck to an airplane and flown 
onto the prepared, flooded field. 
 
The water is kept on the field throughout the season except for short-term drainage, 
permanently removing it only at the end of the growing season to prepare the crop for 
harvest. Water depth is maintained at three to five inches for three or more months 
depending on the pest pressure to the crop.  
 
As previously stated, California rice is most susceptible to damage during the first six weeks 
after seeding, the time it takes for the crop to set roots and break through the water. 
Growers refer to this critical time as stand establishment when the plants are most 
vulnerable to insect pressure (UCCE/UCANR 2015, Planting & Stand Establishment; 
UCCE/UCANR 2015, Water Management). 
 
Whether rice growers water or dry seed, the water is added and cultural practices are 
identical for the growing season. The flooding of rice fields during the production stage 
involves the same practices whether the crop was dry, or water seeded.  
 
The number of plants per square foot can vary from 12 to 46 (UCCE/UCANR 2015, Planting 
and Stand Establishment). Minimum seedling population for maximum yield is dependent 
on many factors including sowing method, water management, planting date, rice variety 
and soil type (UCCE/UCANR 2015, Planting & Stand Establishment). 
 

Anna Romanovsky 
EPA–HQ–OPP–2010-0230 
February 14, 2022 
Page 10 of 12 
 
 
 
 
V. Background on the CRC 
The California Rice Commission (CRC) is a statutory organization representing the entirety 
of the California rice industry consisting of 2,500 rice farmers and marketers (CDFA FAC 
71000-71138). We represent the California rice industry on regulatory issues for pesticides, 
air and water quality, conservation programs and public education. As a commission, we do 
not have a membership of interested parties because our members must grow rice, market 
the commodity and pay a mandatory assessment to the CRC.  
 
California is the second largest rice producing state in the United States, growing mostly 
japonica medium grain on an average of 500,000 acres annually (CDFA).  California is one of 
the largest organic rice producing states with approximately five percent of the total acreage 
in certified production.  
 
 
 
Figure 2. Rice Growth Stage Chart 

Anna Romanovsky 
EPA–HQ–OPP–2010-0230 
February 14, 2022 
Page 11 of 12 
 
VI. Summary 
 
The CRC realizes that carbaryl usage has declined significantly on rice. However, carbaryl is 
one of the few tools registered for tadpole shrimp control, a significant seedling pest. Our 
comments intend to define the need for carbaryl, while addressing potential questions and 
concerns from the use of insecticides on California rice.  
 
Water holding requirements can be a form of mitigation. However, the insecticides typically 
have a water hold duration of seven to 14 days. It is critical the water holding requirements 
are not extensive for early season insecticides. Several of the herbicides require a water 
draw down prior to application because lower in field water allows for contact to the weed. 
Any removal of water during a water hold is a violation, and the reason for a need of shorter 
durations in days for the insecticides.   
We value our positive relationship with staff at the U.S. Environmental Protection Agency. 
Our comments provide additional clarity in the overall assessment of rice while justifying 
the need for carbaryl as a minor use product to this important California crop. Please contact 
us for further information and clarification of our comments. 
Sincerely, 
 
Roberta L. Firoved 
Industry Affairs Manager 
 
 
 
 
 
 
 
 
 
 
 
 
 
 
 
 
 
 

Anna Romanovsky 
EPA–HQ–OPP–2010-0230 
February 14, 2022 
Page 12 of 12 
 
VII.  References Cited 
 
California Department of Food & Agriculture. California Agricultural Production Statistics. 
2021.  
 
California Department of Food & Agriculture. Food & Agricultural Code, Sections  
71000-71138. 
 
California Department of Pesticide Regulation. Pesticide Use Report. 1989-2015. 
 
CH2M Hill. 1992. Balance Sheet. Environmental & Conservation Balance Sheet for the 
California Rice Industry. Prepared for the California Rice Commission. 
Division of Agricultural Sciences, University of California. Pest Control and Water 
Management in Rice; Hold Your Water! Leaflet 21298. April 1982. 
 
Espino, Luis A. Rice Farm Advisor. Rice Farming Systems Advisor University of 
California Cooperative Extension. 
 
Grettenberger, Ian. Assistant Specialist in Cooperative Extension. University of California, 
Davis. 
 
Lou, Yuzhou. Report 263: Review and Evaluation of Pesticide Modeling Approaches in Rice 
Paddies. Department of Pesticide Regulation. 2011. 
 
Marcos, Mathisas, Hussain, Sharifi, Linquist, Bruce. Spatio-temporal salinity dynamics and 
yield response of rice in water-seeded rice fields. 2017. 
 
University of California Cooperative Extension. University of California Rice Project. 
Agriculture and Natural Resources. Rice Production Workshop Manual 2018. 
http://ucanr.edu/sites/UCRiceProject/Publications/Rice_Production_Workshop_Manual/ 
 
University of California Integrated Pest Management (UCIPM) for Rice – Third Edition. 2013."
