Title,Link,Date,federal_register_link,contains_federal_register,document_id
"Rollback: DOJ Directed to “Narrow” Use of Disparate Impact Theories, Eliminate All Race- or Sex-Based Preferences",https://eelp.law.harvard.edu/tracker/rollback-doj-directed-to-narrow-use-of-disparate-impact-theories-eliminate-all-race-or-sex-based-preferences/,"February 5, 2025",,False,
"Rollback: DOJ Terminated First-Ever Office of Environmental Justice, Deleted Joint EJ Enforcement Strategy with EPA",https://eelp.law.harvard.edu/tracker/doj-launched-first-ever-office-of-environmental-justice-within-enrd/,"February 4, 2025",https://www.federalregister.gov/documents/2021/02/01/2021-02177/tackling-the-climate-crisis-at-home-and-abroad,True,
Rollback: FEMA Disbanded National Advisory Council,https://eelp.law.harvard.edu/tracker/fema-announced-membership-of-the-national-advisory-council/,"January 24, 2025",,False,
Rollback: CEQ’s Climate & Economic Justice Screening Tool (CEJST) Removed,https://eelp.law.harvard.edu/tracker/ceqs-climate-economic-justice-screening-tool-removed/,"January 22, 2025",https://www.federalregister.gov/documents/2021/02/01/2021-02177/tackling-the-climate-crisis-at-home-and-abroad,True,
Rollback: Trump Rescinded Biden’s Executive Order 14096 to Advance Environmental Justice,https://eelp.law.harvard.edu/tracker/president-biden-issued-executive-order-14096-to-advance-environmental-justice/,"January 22, 2025",https://www.federalregister.gov/documents/2023/04/26/2023-08955/revitalizing-our-nations-commitment-to-environmental-justice-for-all,True,
Rollback: Trump Rescinded Clinton’s Executive Order 12898 on Environmental Justice,https://eelp.law.harvard.edu/tracker/rollback-trump-rescinded-clintons-executive-order-12898-on-environmental-justice/,"January 21, 2025",https://www.federalregister.gov/documents/2021/02/01/2021-02177/tackling-the-climate-crisis-at-home-and-abroad,True,
"Rollback: Trump Revoked Biden Executive Order 13985, Ordered Termination of Equity and EJ Offices",https://eelp.law.harvard.edu/tracker/rollback-trump-revoked-biden-executive-order-13985-that-required-agency-equity-action-plans/,"January 20, 2025",https://www.federalregister.gov/documents/2021/01/25/2021-01753/advancing-racial-equity-and-support-for-underserved-communities-through-the-federal-government,True,
Rollback: Trump Rescinded Biden’s Executive Order 14008 Establishing Justice40 Initiative,https://eelp.law.harvard.edu/tracker/rollback-trump-rescinded-bidens-executive-order-14008-that-established-justice40-initiative/,"January 20, 2025",https://www.federalregister.gov/documents/2021/02/01/2021-02177/tackling-the-climate-crisis-at-home-and-abroad,True,
Rollback: HHS Removed Office of Climate Change and Health Equity from Website,https://eelp.law.harvard.edu/tracker/hhs-established-new-office-of-climate-change-and-health-equity/,"January 20, 2025",,False,
Rollback: HHS Removed Office of Environmental Justice from Agency Website,https://eelp.law.harvard.edu/tracker/hhs-announced-new-office-of-environmental-justice/,"January 20, 2025",,False,
USACE Issued Final Rule on Water Project Planning,https://eelp.law.harvard.edu/tracker/usace-issued-final-rule-on-water-project-planning/,"January 17, 2025",https://www.federalregister.gov/documents/2024/12/19/2024-29652/corps-of-engineers-agency-specific-procedures-to-implement-the-principles-requirements-and,True,
Interior Published Procedures for Inclusion and Application of Indigenous Knowledge,https://eelp.law.harvard.edu/tracker/interior-published-procedures-for-inclusion-and-application-of-indigenous-knowledge/,"January 17, 2025",,False,
OMB issued Report on Financial Risks of Climate Change to U.S. Economy and Benefits of Climate Change Mitigation,https://eelp.law.harvard.edu/tracker/omb-issued-report-on-financial-risks-of-climate-change-to-u-s-economy-and-benefits-of-climate-change-mitigation/,"January 17, 2025",,False,
EPA Office of External Civil Rights Released Updated Case Resolution Manual,https://eelp.law.harvard.edu/tracker/epas-office-of-external-civil-rights-updated-it-case-resolution-manual/,"January 17, 2025",,False,
EPA Finalized Standards to Reduce Emissions of Carcinogen Ethylene Oxide from Commercial Sterilizers,https://eelp.law.harvard.edu/tracker/epa-finalized-standards-to-reduce-emissions-of-carcinogen-ethylene-oxide-from-commercial-sterilizers/,"January 16, 2025",https://www.federalregister.gov/documents/2024/04/05/2024-05905/national-emission-standards-for-hazardous-air-pollutants-ethylene-oxide-emissions-standards-for,True,EPA-HQ-OAR-2010-0682-0103
DOI Finalized Rule on Management and Protection of National Petroleum Reserve in Alaska,https://eelp.law.harvard.edu/tracker/doi-finalized-rule-on-management-and-protection-of-national-petroleum-reserve-in-alaska/,"January 16, 2025",https://www.federalregister.gov/documents/2024/05/07/2024-08585/management-and-protection-of-the-national-petroleum-reserve-in-alaska,True,
FERC Released Explainer on Public Participation in FERC’s Environmental Justice Review Process,https://eelp.law.harvard.edu/tracker/ferc-released-explainer-on-public-participation-in-fercs-environmental-justice-review-process/,"January 16, 2025",,False,
EPA Updated Scientific Integrity Policy,https://eelp.law.harvard.edu/tracker/epa-updated-scientific-integrity-policyagency-strategy/,"January 16, 2025",,False,
DOT Launched Climate Action Strategy Playbook to Reduce Transportation Greenhouse Gases,https://eelp.law.harvard.edu/tracker/dot-launched-climate-action-strategy-playbook-to-reduce-transportation-greenhouse-gases/,"January 14, 2025",,False,
EPA Finalized Rule to Reduce Lead Paint Exposure in Homes and Childcare Facilities,https://eelp.law.harvard.edu/tracker/epa-finalized-rule-to-reduce-lead-paint-exposure-in-homes-and-childcare-facilities/,"January 13, 2025",https://www.federalregister.gov/documents/2024/11/12/2024-25070/reconsideration-of-the-dust-lead-hazard-standards-and-dust-lead-post-abatement-clearance-levels,True,EPA-HQ-OPPT-2018-0166-0447
State Released U.S. National Adaptation and Resilience Planning Strategy,https://eelp.law.harvard.edu/tracker/state-released-u-s-national-adaptation-and-resilience-planning-strategy/,"January 10, 2025",,False,
FEMA Published Updated Public Assistance Program and Policy Guide (PAPG),https://eelp.law.harvard.edu/tracker/fema-published-updated-public-assistance-program-and-policy-guide-papg/,"January 7, 2025",,False,
President Biden established Chuckwalla and Sáttítla Highlands National Monuments,https://eelp.law.harvard.edu/tracker/president-biden-established-chuckwalla-and-sattitla-highlands-national-monuments/,"January 7, 2025",,False,
President Biden Protected 625 Million Acres from Offshore Oil and Gas Drilling,https://eelp.law.harvard.edu/tracker/president-biden-protected-625-million-acres-from-offshore-oil-and-gas-drilling/,"January 6, 2025",,False,
EPA Released Indicators of Environmental Health Disparities,https://eelp.law.harvard.edu/tracker/epa-released-indicators-of-environmental-health-disparities/,"January 2, 2025",,False,
EPA Finalized Revisions to Lead and Copper Drinking Water Regulations,https://eelp.law.harvard.edu/tracker/epa-proposed-revisions-to-lead-and-copper-drinking-water-regulations/,"December 30, 2024",https://www.federalregister.gov/documents/2023/12/06/2023-26148/national-primary-drinking-water-regulations-for-lead-and-copper-improvements-lcri,True,EPA-HQ-OW-2022-0801-0036
EPA Withdrew Proposed Rule for Tribal Water Quality Standards,https://eelp.law.harvard.edu/tracker/epa-proposed-baseline-water-quality-standards-for-tribes/,"December 20, 2024",https://www.federalregister.gov/documents/2023/05/05/2023-09311/federal-baseline-water-quality-standards-for-indian-reservations,True,EPA-HQ-OW-2016-0405-0057
President Biden Set 2035 Climate Target,https://eelp.law.harvard.edu/tracker/president-biden-set-2035-climate-target/,"December 19, 2024",,False,
EPA Finalized Rule to Regulate Carbon Tetrachloride (CTC),https://eelp.law.harvard.edu/tracker/epa-proposed-to-regulate-carbon-tetrachloride-ctc/,"December 18, 2024",,False,
EPA updated New Chemical Review Process under TSCA,https://eelp.law.harvard.edu/tracker/epa-updated-new-chemical-review-process-under-tsca/,"December 18, 2024",https://www.federalregister.gov/documents/2024/12/18/2024-28870/updates-to-new-chemicals-regulations-under-the-toxic-substances-control-act-tsca,True,
EPA Finalized Rule to Regulate Trichloroethylene (TCE),https://eelp.law.harvard.edu/tracker/epa-proposed-rule-to-regulate-trichloroethylene-tce/,"December 17, 2024",,False,
Advisory Council on Historic Preservation (ACHP) Issued 2024 Environmental Justice Strategic Plan,https://eelp.law.harvard.edu/tracker/advisory-council-on-historic-preservation-achp-issued-2024-environmental-justice-strategic-plan/,"December 13, 2024",,False,
FEMA Announced Designation of Community Disaster Resilience Zones (CDRZs),https://eelp.law.harvard.edu/tracker/fema-announced-first-designation-of-community-disaster-resilience-zones-cdrzs/,"December 11, 2024",,False,
DOE Issued 2024 Environmental Justice Strategic Plan,https://eelp.law.harvard.edu/tracker/doe-issued-2024-environmental-justice-strategic-plan/,"December 10, 2024",,False,
DHS Issued Draft  2024 Environmental Justice Strategic Plan,https://eelp.law.harvard.edu/tracker/dhs-issued-draft-2024-environmental-justice-strategic-plan/,"December 10, 2024",,False,
FEMA Updated the National Disaster Recovery Framework,https://eelp.law.harvard.edu/tracker/fema-opened-national-disaster-recovery-framework-public-comment-period/,"December 10, 2024",,False,
FEMA Released Report Highlighting Resources for Community-Driven Relocation,https://eelp.law.harvard.edu/tracker/fema-released-report-highlighting-resources-for-community-driven-relocation/,"December 9, 2024",,False,
DOI Released its Third Annual Report on Tribal Co-stewardship,https://eelp.law.harvard.edu/tracker/doi-released-its-third-annual-report-on-tribal-co-stewardship/,"December 9, 2024",,False,
EPA Science Advisory Board Issued Technical Guidance for Assessing EJ in Regulatory Analyses,https://eelp.law.harvard.edu/tracker/epa-science-advisory-board-issued-technical-guidance-for-assessing-ej-in-regulatory-analyses/,"December 9, 2024",,False,
White House Issued Guidance on Reforming Funding for Tribal Nations,https://eelp.law.harvard.edu/tracker/white-house-issued-guidance-on-reforming-funding-for-tribal-nations/,"December 9, 2024",https://www.federalregister.gov/documents/2023/12/11/2023-27318/reforming-federal-funding-and-support-for-tribal-nations-to-better-embrace-our-trust,True,
National Climate Task Force released Community-Driven Relocation Report and Resources,https://eelp.law.harvard.edu/tracker/national-climate-task-force-released-community-driven-relocation-report-and-resources/,"December 9, 2024",,False,
"FEMA, HUD Partnership to Increase Post-Disaster Housing Capabilities",https://eelp.law.harvard.edu/tracker/fema-hud-partnership-to-increase-post-disaster-housing-capabilities/,"December 6, 2024",,False,
EPA Proposed Rule to Revoke Most Food Uses of the Insecticide Chlorpyrifos,https://eelp.law.harvard.edu/tracker/epa-proposed-rule-to-revoke-most-food-uses-of-the-insecticide-chlorpyrifos/,"December 2, 2024",https://www.federalregister.gov/documents/2024/12/10/2024-28332/chlorpyrifos-tolerance-revocation,True,EPA-HQ-OPP-2024-0431-0001
Treasury Issued Environmental Justice Strategic Plan,https://eelp.law.harvard.edu/tracker/treasury-issued-environmental-justice-strategic-plan/,"December 1, 2024",,False,
HHS Issued 2024 Environmental Justice Strategic Plan,https://eelp.law.harvard.edu/tracker/hhs-issued-2024-environmental-justice-strategic-plan/,"December 1, 2024",,False,
EPA Issued 2024 Environmental Justice Strategic Plan,https://eelp.law.harvard.edu/tracker/epa-issued-2024-environmental-justice-strategic-plan/,"December 1, 2024",,False,
DOI Issued 2024 Environmental Justice Strategic Plan,https://eelp.law.harvard.edu/tracker/doi-issued-2024-environmental-justice-strategic-plan/,"December 1, 2024",,False,
Army Corps of Engineers Issued 2024 Environmental Justice Strategic Plan,https://eelp.law.harvard.edu/tracker/army-corps-of-engineers-issued-2024-environmental-justice-strategic-plan/,"November 27, 2024",,False,
USDA Released Civil Rights Program Discrimination Complaint Portal,https://eelp.law.harvard.edu/tracker/usda-released-civil-rights-program-discrimination-complaint-portal/,"November 22, 2024",,False,
EPA Released Interim Framework for Advancing Consideration of Cumulative Impacts,https://eelp.law.harvard.edu/tracker/epa-released-interim-framework-for-advancing-consideration-of-cumulative-impacts/,"November 21, 2024",https://www.federalregister.gov/documents/2024/11/21/2024-27063/interim-framework-for-advancing-consideration-of-cumulative-impacts-request-for-comments#open-comment,True,EPA-HQ-OLEM-2024-0360-0001
EPA Issued Updated Order on Providing Access to Individuals with Limited English Proficiency (LEP),https://eelp.law.harvard.edu/tracker/epa-issued-updated-order-on-providing-access-to-individuals-with-limited-english-proficiency-lep/,"November 3, 2024",,False,
SBA Issued 2024 Environmental Justice Strategic Plan,https://eelp.law.harvard.edu/tracker/sba-issued-2024-environmental-justice-strategic-plan/,"November 1, 2024",,False,
DOE Announced Collaboration with Tribal Leaders to Reduce GHG Emissions and Manage Resources,https://eelp.law.harvard.edu/tracker/doe-announced-collaboration-with-tribal-leaders-to-reduce-ghg-emissions-and-manage-resources/,"November 1, 2024",,False,
HUD Issued 2025-2028 Environmental Justice Strategic Plan,https://eelp.law.harvard.edu/tracker/hud-issued-2025-2028-environmental-justice-strategic-plan/,"October 25, 2024",,False,
EPA Finalized Voluntary Cancellation of Pesticide DCPA,https://eelp.law.harvard.edu/tracker/epa-finalized-voluntary-cancellation-of-pesticide-dcpa/,"October 23, 2024",https://www.federalregister.gov/documents/2024/10/23/2024-24511/dimethyl-tetrachloroterephthalate-dcpa-final-cancellation-order-for-pesticide-registrations,True,
EPA Created First-Ever National Environmental Youth Advisory Council (NEYAC),https://eelp.law.harvard.edu/tracker/epa-created-first-ever-national-environmental-youth-council-neyac/,"October 22, 2024",,False,
FERC Took Final Action on Electric Transmission Line Siting Regulations,https://eelp.law.harvard.edu/tracker/ferc-took-final-action-on-electric-transmission-line-siting-regulations/,"October 17, 2024",https://www.federalregister.gov/documents/2024/05/29/2024-10879/applications-for-permits-to-site-interstate-electric-transmission-facilities,True,
DOI and USDA Finalized Rule to Increase Representation of Alaska Natives on Federal Subsistence Board,https://eelp.law.harvard.edu/tracker/doi-and-usda-announced-plan-to-increase-representation-of-alaska-natives-on-federal-subsistence-board/,"October 17, 2024",https://www.federalregister.gov/documents/2024/10/17/2024-24088/subsistence-management-regulations-for-public-lands-in-alaska-subpart-b-federal-subsistence-board,True,
NOAA Designated the Chumash Heritage National Marine Sanctuary,https://eelp.law.harvard.edu/tracker/noaa-proposed-the-chumash-heritage-national-marine-sanctuary/,"October 16, 2024",https://www.federalregister.gov/documents/2024/12/02/2024-27387/chumash-heritage-national-marine-sanctuary,True,
Treasury and IRS Issued a Proposed Rule to Expand Tribal Access to Clean Energy Tax Credits,https://eelp.law.harvard.edu/tracker/treasury-and-irs-issued-a-proposed-rule-to-expand-tribal-access-to-clean-energy-tax-credits/,"October 7, 2024",https://www.federalregister.gov/documents/2024/10/09/2024-23142/entities-wholly-owned-by-indian-tribal-governments,True,IRS-2024-0051-0001/comment
EPA Finalized Rule to Reinstate Several Provisions of the 2015 Agricultural Worker Protection Standard,https://eelp.law.harvard.edu/tracker/epa-proposed-rule-to-reinstate-several-provisions-of-the-2015-agricultural-worker-protection-standard/,"October 4, 2024",https://www.federalregister.gov/documents/2024/10/04/2024-22832/pesticides-agricultural-worker-protection-standard-reconsideration-of-the-application-exclusion-zone,True,EPA-HQ-OPP-2017-0543-0008
WHEJAC Released Recommendation Reports on Executive Order 14096 and Carbon Management,https://eelp.law.harvard.edu/tracker/whejac-released-recommendation-reports-on-executive-order-14096-and-carbon-management/,"October 4, 2024",,False,
DOE Launched Program to Develop Microgrids for Underserved Communities,https://eelp.law.harvard.edu/tracker/doe-launched-program-to-develop-microgrids-for-underserved-communities/,"October 4, 2024",,False,
OPM Issued 2024 Environmental Justice Strategic Plan,https://eelp.law.harvard.edu/tracker/opm-issued-2024-environmental-justice-strategic-plan/,"October 1, 2024",,False,
FEMA Requested Comments on Public Assistance Mitigation Cost Share Incentives Policy,https://eelp.law.harvard.edu/tracker/fema-requested-comments-on-public-assistance-mitigation-cost-share-incentives-policy/,"October 1, 2024",https://www.federalregister.gov/documents/2024/10/01/2024-22270/public-assistance-mitigation-cost-share-incentives-policy,True,FEMA-2024-0029-0001
DOI Released Orphaned Wells Program Office Draft State Regulatory Improvement Grants Guidance,https://eelp.law.harvard.edu/tracker/doi-released-orphaned-wells-program-office-draft-state-regulatory-improvement-grants-guidance/,"October 1, 2024",,False,
"DOI, USDA, and Commerce Released Recommendations for Regional Economic Development for Forest-Dependent Communities",https://eelp.law.harvard.edu/tracker/doi-usda-and-commerce-released-recommendations-for-regional-economic-development-for-forest-dependent-communities/,"September 27, 2024",,False,
United States Commits to Supporting Vulnerable Communities Against Sea-Level Rise,https://eelp.law.harvard.edu/tracker/united-states-commits-to-supporting-vulnerable-communities-against-sea-level-rise/,"September 25, 2024",,False,
Biden-Harris Administration Launched Nationwide Environmental Justice Climate Corps,https://eelp.law.harvard.edu/tracker/biden-harris-administration-launched-nationwide-environmental-justice-climate-corps/,"September 25, 2024",https://www.federalregister.gov/documents/2024/09/11/2024-20712/investing-in-america-and-investing-in-american-workers,True,
HUD Released Extreme Heat Playbook,https://eelp.law.harvard.edu/tracker/hud-released-extreme-heat-playbook/,"September 23, 2024",,False,
HUD Launched Environmental Justice Website,https://eelp.law.harvard.edu/tracker/hud-launched-environmental-justice-website/,"September 23, 2024",,False,
DOJ Clarified Agency’s Civil Rights Enforcement Authority in Response to Court Injunction,https://eelp.law.harvard.edu/tracker/doj-clarified-agencys-civil-rights-enforcement-authority-in-response-to-court-injunction/,"September 19, 2024",,False,
EPA Launched Spanish-Language Version of “ENERGY STAR Portfolio Manager” Energy Management Tool,https://eelp.law.harvard.edu/tracker/epa-launched-spanish-language-version-of-energy-star-portfolio-manager-energy-management-tool/,"September 19, 2024",,False,
EPA Announced Members of Inaugural HBCU-MSI Federal Advisory Council,https://eelp.law.harvard.edu/tracker/epa-sought-applicants-for-newly-established-hbcu-msi-advisory-council/,"September 17, 2024",https://www.federalregister.gov/documents/2021/06/30/2021-14127/diversity-equity-inclusion-and-accessibility-in-the-federal-workforce,True,
White House Published a Draft Community Heat Action Checklist,https://eelp.law.harvard.edu/tracker/white-house-published-a-draft-community-heat-action-checklist/,"September 14, 2024",,False,
USDA Issued 2024 Environmental Justice Strategic Plan,https://eelp.law.harvard.edu/tracker/usda-issued-2024-environmental-justice-strategic-plan/,"September 6, 2024",,False,
EPA Released New Policy for Meaningful Engagement and Public Participation,https://eelp.law.harvard.edu/tracker/epa-released-new-policy-for-meaningful-engagement-and-public-participation/,"September 5, 2024",,False,
FERC Released Guidance for Tribal Participation in NEPA Process,https://eelp.law.harvard.edu/tracker/ferc-released-guidance-for-tribal-participation-in-nepa-process/,"September 3, 2024",https://www.federalregister.gov/documents/2003/08/06/03-19608/policy-statement-on-consultation-with-indian-tribes-in-commission-proceedings,True,
OSHA Issued Proposed Rule to Protect Workers from Extreme Heat,https://eelp.law.harvard.edu/tracker/osha-issued-proposed-rule-to-protect-workers-from-extreme-heat/,"August 30, 2024",https://www.federalregister.gov/documents/2024/08/30/2024-14824/heat-injury-and-illness-prevention-in-outdoor-and-indoor-work-settings,True,OSHA-2021-0009-4761
EPA Released Civil Rights Guidance on Procedural Safeguards,https://eelp.law.harvard.edu/tracker/epa-released-civil-rights-guidance-on-procedural-safeguards/,"August 22, 2024",,False,
President Biden Designated Springfield 1908 Race Riot National Monument,https://eelp.law.harvard.edu/tracker/president-biden-designated-springfield-1908-race-riot-national-monument/,"August 16, 2024",,False,
HHS Released a National Heat Strategy for 2024-2030,https://eelp.law.harvard.edu/tracker/hhs-released-a-national-heat-strategy-for-2024-2030/,"August 14, 2024",,False,
EPA Proposed Ban on Several Consumer and Workplace Uses of 1-Bromopropane,https://eelp.law.harvard.edu/tracker/epa-proposed-ban-on-several-consumer-and-workplace-uses-of-1-bromopropane/,"August 8, 2024",https://www.federalregister.gov/documents/2024/08/08/2024-17204/1-bromopropane-1-bp-regulation-under-the-toxic-substances-control-act-tsca,True,EPA-HQ-OPPT-2020-0471-0032
FERC Rule on Interstate Electric Transmission Line Siting Regulations,https://eelp.law.harvard.edu/tracker/ferc-rule-on-interstate-electric-transmission-line-siting-regulations/,"July 29, 2024",https://www.federalregister.gov/documents/2024/05/29/2024-10879/applications-for-permits-to-site-interstate-electric-transmission-facilities,True,
EPA and US Army Announced Sampling for PFAS Near Army Installations,https://eelp.law.harvard.edu/tracker/epa-and-us-army-announced-sampling-for-pfas-near-army-installations/,"July 26, 2024",,False,
EPA Proposed High-Priority Designation for Five Chemical Substances,https://eelp.law.harvard.edu/tracker/epa-proposed-high-priority-designation-for-five-chemical-substances/,"July 25, 2024",https://www.federalregister.gov/documents/2024/07/25/2024-16394/proposed-high-priority-substance-designations-under-the-toxic-substances-control-act-tsca-notice-of,True,EPA-HQ-OPPT-2018-0448-0591
"HHS, Treasury Introduced Pilot Solutions for Reducing Burdens on Tribal Grant Recipients",https://eelp.law.harvard.edu/tracker/hhs-treasury-introduced-pilot-solutions-for-reducing-burdens-on-tribal-grant-recipients/,"July 24, 2024",,False,
EPA Announced New Protections Against Pesticide Drift,https://eelp.law.harvard.edu/tracker/epa-announced-new-protections-against-pesticide-drift/,"July 15, 2024",,False,
FEMA Announced 2024-2025 National Youth Preparedness Council,https://eelp.law.harvard.edu/tracker/fema-announced-2024-2025-national-youth-preparedness-council/,"July 11, 2024",,False,
FEMA Finalized Rule Implementing Federal Flood Risk Management Standard (FFRMS),https://eelp.law.harvard.edu/tracker/fema-finalized-rule-implementing-federal-flood-risk-management-standard-ffrms/,"July 11, 2024",https://www.federalregister.gov/documents/2024/07/11/2024-15169/updates-to-floodplain-management-and-protection-of-wetlands-regulations-to-implement-the-federal,True,FEMA-2015-0006-0358
"FEMA, HUD Partnered on State Planning for Disaster Housing Recovery",https://eelp.law.harvard.edu/tracker/fema-hud-partnered-on-state-planning-for-disaster-housing-recovery/,"July 9, 2024",,False,
DOJ Issued 2024 Environmental Justice Strategic Plan,https://eelp.law.harvard.edu/tracker/doj-issued-2024-environmental-justice-strategic-plan/,"July 8, 2024",,False,
"EPA Added Environmental, Health Indicators to EJSCREEN",https://eelp.law.harvard.edu/tracker/epa-added-environmental-health-indicators-to-ejscreen/,"July 8, 2024",,False,
"EPA Designated Two Forever Chemicals (PFOA, PFOS) as CERCLA Hazardous Substances",https://eelp.law.harvard.edu/tracker/epa-designated-two-forever-chemicals-pfoa-pfos-as-cercla-hazardous-substances/,"July 8, 2024",https://www.federalregister.gov/documents/2024/05/08/2024-08547/designation-of-perfluorooctanoic-acid-pfoa-and-perfluorooctanesulfonic-acid-pfos-as-cercla-hazardous,True,
EPA Issued Final TSCA Framework Rule on Risk Evaluations,https://eelp.law.harvard.edu/tracker/epa-issued-final-tsca-framework-rule-on-risk-evaluations/,"July 2, 2024",https://www.federalregister.gov/documents/2024/05/03/2024-09417/procedures-for-chemical-risk-evaluation-under-the-toxic-substances-control-act-tsca,True,EPA-HQ-OPPT-2019-0238-0067
"White House Published Final EJ Science, Data, and Research Plan",https://eelp.law.harvard.edu/tracker/white-house-published-final-ej-science-data-and-research-plan/,"July 1, 2024",https://www.federalregister.gov/documents/2023/10/13/2023-22527/request-for-information-to-support-the-development-of-a-federal-environmental-justice-science-data,True,OSTP-CE-2023-0012-0001/comment
DOI Transferred the Office of Subsistence Management within the Agency,https://eelp.law.harvard.edu/tracker/doi-transferred-the-office-of-subsistence-management-within-the-agency/,"June 27, 2024",,False,
HUD Issued Final Rule to Implement Federal Flood Risk Management Standard (FFRMS) for HUD-Assisted Buildings,https://eelp.law.harvard.edu/tracker/hud-issued-final-rule-to-implement-federal-flood-risk-management-standard-ffrms-for-hud-assisted-buildings/,"June 22, 2024",https://www.federalregister.gov/documents/2024/04/23/2024-06246/floodplain-management-and-protection-of-wetlands-minimum-property-standards-for-flood-hazard,True,
White House Released Agencies’ Climate Adaptation Plans,https://eelp.law.harvard.edu/tracker/white-house-released-agencies-climate-adaptation-plans/,"June 20, 2024",,False,
FEMA Requested Comment on Public Assistance Program and Policy Guide (PAPPG),https://eelp.law.harvard.edu/tracker/fema-requested-comment-on-public-assistance-program-and-policy-guide-pappg/,"June 18, 2024",https://www.federalregister.gov/documents/2024/06/18/2024-13306/public-assistance-program-and-policy-guide-fp-104-009-2,True,FEMA-2024-0010-0001
White House Created Columbia River Task Force,https://eelp.law.harvard.edu/tracker/white-house-created-columbia-river-task-force/,"June 18, 2024",,False,
EPA Proposed Rule to Protect Workers and Consumers from Toxic Solvent N-Methylpyrrolidone (NMP),https://eelp.law.harvard.edu/tracker/epa-proposed-rule-to-protect-workers-and-consumers-from-toxic-solvent-n-methylpyrrolidone-nmp/,"June 14, 2024",https://www.federalregister.gov/documents/2024/06/14/2024-12643/n-methylpyrrolidone-nmp-regulation-under-the-toxic-substances-control-act-tsca,True,EPA-HQ-OPPT-2020-0744-0015
HUD Issued Guidance on Use of HUD Funding for Heat Mitigation in Public Housing,https://eelp.law.harvard.edu/tracker/hud-issued-guidance-on-use-of-hud-funding-for-heat-mitigation-in-public-housing/,"June 13, 2024",,False,
White House Released National Strategy for Reducing Food Loss and Waste and Recycling Organics,https://eelp.law.harvard.edu/tracker/white-house-released-national-strategy-for-reducing-food-loss-and-waste-and-recycling-organics/,"June 12, 2024",,False,
EPA’s Office of Inspector General (OIG) Found EPA Should Better Prepare to Notify Public of Lead in Drinking Water,https://eelp.law.harvard.edu/tracker/epas-office-of-inspector-general-oig-found-epa-should-better-prepare-to-notify-public-of-lead-in-drinking-water/,"June 10, 2024",,False,
EPA Denied Alabama’s Application to Manage Coal Ash Permit Program,https://eelp.law.harvard.edu/tracker/epa-denied-alabamas-application-to-manage-coal-ash-permit-program-2/,"June 7, 2024",https://www.federalregister.gov/documents/2024/06/07/2024-11692/alabama-denial-of-state-coal-combustion-residuals-permit-program,True,
EPA Issued Final Rule Protecting Water Quality for Tribes with Treaty and Reserved Rights,https://eelp.law.harvard.edu/tracker/epa-issued-final-rule-protecting-water-quality-for-tribes-with-treaty-and-reserved-rights/,"June 3, 2024",https://www.federalregister.gov/documents/2024/05/02/2024-09427/water-quality-standards-regulatory-revisions-to-protect-tribal-reserved-rights,True,
EPA Released 2024-2027 Climate Adaptation Plan,https://eelp.law.harvard.edu/tracker/epa-released-2024-2027-climate-adaptation-plan/,"June 1, 2024",,False,
DOE Finalized Transmission Permitting Rule with Engagement Requirements,https://eelp.law.harvard.edu/tracker/doe-finalized-transmission-permitting-rule-with-engagement-requirements/,"May 31, 2024","https://www.federalregister.gov/documents/2024/05/01/2024-08157/coordination-of-federal-authorizations-for-electric-transmission-facilities#:~:text=Section%20216(h)%20of%20the,%2C%20permits%2C%20special%20use%20authorizations%2C",True,
HHS Released New Heat and Health Tracker,https://eelp.law.harvard.edu/tracker/hhs-released-new-heat-and-health-tool/,"May 31, 2024",,False,
EPA Finalized Rule on Facility Response Plan Requirements Under the Clean Water Act,https://eelp.law.harvard.edu/tracker/epa-finalized-rule-on-facility-response-plan-requirements-under-the-clean-water-act/,"May 28, 2024",https://www.federalregister.gov/documents/2024/03/28/2024-05870/clean-water-act-hazardous-substance-facility-response-plans,True,
EPA OEJECR Issued Draft National Program Guidance for Comment,https://eelp.law.harvard.edu/tracker/epa-oejecr-issued-draft-national-program-guidance-for-comment/,"May 24, 2024",,False,
EPA Denied Alabama’s Application to Manage Coal Ash Permit Program,https://eelp.law.harvard.edu/tracker/epa-denied-alabamas-application-to-manage-coal-ash-permit-program/,"May 23, 2024",https://www.federalregister.gov/documents/2024/06/07/2024-11692/alabama-denial-of-state-coal-combustion-residuals-permit-program,True,
"GSA Updated Environmental, Social Criteria for Acquiring Agency Real Estate",https://eelp.law.harvard.edu/tracker/gsa-updated-environmental-social-criteria-for-acquiring-agency-real-estate/,"May 22, 2024",https://www.federalregister.gov/documents/2024/04/22/2024-08452/federal-management-regulation-designation-of-authority-and-sustainable-siting?utm_medium=email&utm_source=govDelivery,True,
EPA Issued Final Rule to Make Annual Drinking Water Quality Reports More Understandable and Accessible,https://eelp.law.harvard.edu/tracker/epa-issued-final-rule-to-make-annual-drinking-water-quality-reports-more-understandable-and-accessible/,"May 15, 2024",https://www.federalregister.gov/documents/2024/05/24/2024-10919/national-primary-drinking-water-regulations-consumer-confidence-reports,True,
DOI Finalized Rule to Guide BLM’s Management of Public Lands,https://eelp.law.harvard.edu/tracker/doi-finalized-rule-to-guide-blms-management-of-public-lands/,"May 9, 2024",https://www.federalregister.gov/documents/2024/05/09/2024-08821/conservation-and-landscape-health,True,
EPA Issued Stricter National Ambient Air Quality Standards for Soot (Particulate Matter),https://eelp.law.harvard.edu/tracker/epa-issued-stricter-national-ambient-air-quality-standards-for-soot-particulate-matter/,"May 6, 2024",https://www.federalregister.gov/documents/2024/03/06/2024-02637/reconsideration-of-the-national-ambient-air-quality-standards-for-particulate-matter,True,EPA-HQ-OAR-2015-0072-0089
President Biden Expanded San Gabriel Mountains National Monument and Berryessa Snow Mountain National Monument,https://eelp.law.harvard.edu/tracker/president-biden-expanded-san-gabriel-mountains-national-monument-and-berryessa-snow-mountain-national-monument/,"May 2, 2024",,False,
CEQ Finalized Phase 2 Rule Implementing National Environmental Policy Act,https://eelp.law.harvard.edu/tracker/ceq-finalized-phase-2-rule-implementing-national-environmental-policy-act/,"May 1, 2024",https://www.federalregister.gov/documents/2025/02/25/2025-03014/removal-of-national-environmental-policy-act-implementing-regulations,True,CEQ-2025-0002-0001
"Treasury, DOE, and IRS Issue Guidance on IRA Programs",https://eelp.law.harvard.edu/tracker/treasury-doe-and-irs-issue-guidance-on-ira-programs/,"April 29, 2024",,False,
DOL Finalized New Rule to Bolster Protections for Temporary Farmworkers,https://eelp.law.harvard.edu/tracker/dol-finalized-new-rule-to-bolster-protections-for-temporary-farmworkers/,"April 29, 2024",https://www.federalregister.gov/documents/2024/04/29/2024-08333/improving-protections-for-workers-in-temporary-agricultural-employment-in-the-united-states,True,NHTSA-2013-0121-0002
HUD and USDA Adopted Updated Energy Efficiency Standards for New Affordable Housing,https://eelp.law.harvard.edu/tracker/hud-and-usda-adopted-updated-energy-efficiency-standards-for-new-affordable-housing/,"April 26, 2024",https://www.federalregister.gov/documents/2024/04/26/2024-08793/final-determination-adoption-of-energy-efficiency-standards-for-new-construction-of-hud--and,True,EERE-2021-BT-DET-0010-0006
EPA and CalEPA Issued 2024/25 Action Plan for Joint Enforcement,https://eelp.law.harvard.edu/tracker/epa-and-calepa-issued-2024-25-action-plan-for-joint-enforcement/,"April 24, 2024",,False,
"DOI, IHS Signed MOU to Support Tribal Water and Sanitation Infrastructure",https://eelp.law.harvard.edu/tracker/doi-ihs-signed-mou-to-support-tribal-water-and-sanitation-infrastructure/,"April 23, 2024",,False,
EPA Created New Online Environmental Justice Clearinghouse,https://eelp.law.harvard.edu/tracker/epa-created-new-online-environmental-justice-clearinghouse/,"April 21, 2024",https://www.federalregister.gov/documents/2023/04/26/2023-08955/revitalizing-our-nations-commitment-to-environmental-justice-for-all#p-126,True,
EPA Adopted New Strategic Civil-Criminal Enforcement Policy,https://eelp.law.harvard.edu/tracker/epa-adopted-new-strategic-civil-criminal-enforcement-policy/,"April 17, 2024",,False,
Department of Labor Issued Final Rule Reducing Miners’ Silica Dust Exposure,https://eelp.law.harvard.edu/tracker/department-of-labor-issued-final-rule-reducing-miners-silica-dust-exposure/,"April 16, 2024",,False,
EPA Issued First National Drinking Water Standard to Protect Against PFAS Exposure,https://eelp.law.harvard.edu/tracker/epa-issued-first-national-drinking-water-standard-to-protect-against-pfas-exposure/,"April 10, 2024",https://www.federalregister.gov/documents/2024/04/26/2024-07773/pfas-national-primary-drinking-water-regulation,True,EPA-HQ-OW-2012-0217-0086
DOI Finalized Rule to Reduce Oil and Gas Waste on Public and Tribal Lands,https://eelp.law.harvard.edu/tracker/doi-finalized-rule-to-reduce-oil-and-gas-waste-on-public-and-tribal-lands/,"April 10, 2024",https://www.federalregister.gov/documents/2024/04/10/2024-06827/waste-prevention-production-subject-to-royalties-and-resource-conservation,True,BLM-2016-0001-9127
EPA Published Final Rule to Strengthen Clean Air Standards for Chemical Plants,https://eelp.law.harvard.edu/tracker/epa-published-final-rule-to-strengthen-clean-air-standards-for-chemical-plants/,"April 9, 2024",,False,
EPA Released Interim Guidance on Destruction and Disposal of Certain PFAS and PFAS-Containing Materials,https://eelp.law.harvard.edu/tracker/epa-released-interim-guidance-on-destruction-and-disposal-of-certain-pfas-and-pfas-containing-materials/,"April 9, 2024",,False,
President Biden Signed Executive Order to Better Recognize Women’s History in National Parks,https://eelp.law.harvard.edu/tracker/president-biden-signed-executive-order-to-better-recognize-womens-history-in-national-parks/,"March 28, 2024",,False,
HUD Issued Notice Seeking Information for the Relocation Options Study,https://eelp.law.harvard.edu/tracker/hud-issued-notice-seeking-information-for-the-relocation-options-study/,"March 28, 2024",https://www.federalregister.gov/documents/2024/03/28/2024-06655/60-day-notice-of-proposed-information-collection-relocation-options-study-omb-control-no-2528-new,True,
EPA and USAID Formalized Partnership to Advance Environmental Protection,https://eelp.law.harvard.edu/tracker/epa-and-usaid-formalized-partnership-to-advance-environmental-protection/,"March 26, 2024",,False,
Treasury and IRS Proposed Rule to Clarify Energy Property Qualifying for IRA’s Tax Credits,https://eelp.law.harvard.edu/tracker/treasury-and-irs-proposed-rule-to-clarify-energy-property-qualifying-for-iras-tax-credits/,"March 25, 2024",https://www.federalregister.gov/documents/2023/11/22/2023-25539/definition-of-energy-property-and-rules-applicable-to-the-energy-credit,True,IRS-2023-0054-0001/comment
EPA’s Science Advisory Board (SAB) Self-initiated Project to Identify Best Practices for Assessing Environmental Justice in Regulatory Analysis,https://eelp.law.harvard.edu/tracker/epas-science-advisory-board-sab-self-initiated-project-to-identify-best-practices-for-assessing-environmental-justice-in-regulatory-analysis/,"March 21, 2024",,False,
EPA Began Prioritization of Additional Toxic Chemicals for Risk Evaluation,https://eelp.law.harvard.edu/tracker/epa-began-prioritization-of-additional-toxic-chemicals-for-risk-evaluation/,"March 18, 2024",https://www.federalregister.gov/documents/2024/03/06/2024-04720/initiation-of-prioritization-under-the-toxic-substances-control-act-tsca-44-methylene,True,
U.S. Attorney’s Office for the District of Columbia Created New Affirmative Civil Rights and Environmental Justice Unit,https://eelp.law.harvard.edu/tracker/u-s-attorneys-office-for-the-district-of-columbia-created-new-affirmative-civil-rights-and-environmental-justice-unit/,"March 4, 2024",,False,
OMB Finalized Guidance on Quantifying Ecosystem Services,https://eelp.law.harvard.edu/tracker/omb-finalized-guidance-on-quantifying-ecosystem-services/,"February 28, 2024",,False,
EPA Finalized Safer Communities by Chemical Accident Prevention (SCCAP) Rule,https://eelp.law.harvard.edu/tracker/epa-finalized-safer-communities-by-chemical-accident-prevention-sccap-rule/,"February 27, 2024",https://www.federalregister.gov/documents/2024/03/11/2024-04458/accidental-release-prevention-requirements-risk-management-programs-under-the-clean-air-act-safer,True,EPA-HQ-OLEM-2022-0174-0065
USDA Received Recommendations Improve Agency Inclusion and Access,https://eelp.law.harvard.edu/tracker/usda-received-recommendations-improve-agency-inclusion-and-access/,"February 22, 2024",,False,
HUD Requested Public Comment on Community Development Block Grant-Disaster Recovery (CDBG-DR),https://eelp.law.harvard.edu/tracker/hud-requested-public-comment-on-community-development-block-grant-disaster-recovery-cdbg-dr/,"February 20, 2024",https://www.federalregister.gov/documents/2023/09/29/2023-21438/60-day-notice-of-proposed-information-collection-assessing-cdbg-dr-and-disaster-recovery-outcomes-of#addresses,True,
DOT Launched the Equitable Transportation Community Explorer,https://eelp.law.harvard.edu/tracker/dot-launched-the-equitable-transportation-community-explorer/,"February 16, 2024",,False,
EPA Expanded Closing America’s Wastewater Access Gap Community Initiative,https://eelp.law.harvard.edu/tracker/epa-expanded-closing-americas-wastewater-access-gap-community-initiative/,"February 15, 2024",,False,
FERC Announced New Policy on Tribal Consent as Prerequisite for Issuing Preliminary Project Permits on Tribal Lands,https://eelp.law.harvard.edu/tracker/ferc-announced-new-policy-on-tribal-consent-as-prerequisite-for-issuing-preliminary-project-permits-on-tribal-lands/,"February 15, 2024",https://www.federalregister.gov/documents/2024/02/27/2024-03928/pumped-hydro-storage-llc-supplemental-notice-soliciting-comments,True,
Army Corps Proposed Rule Introducing a Framework to Evaluate Proposed Water Resource Investments,https://eelp.law.harvard.edu/tracker/army-corps-proposed-rule-introducing-a-framework-to-evaluate-proposed-water-resource-investments/,"February 15, 2024",https://www.federalregister.gov/documents/2024/02/15/2024-02448/corps-of-engineers-agency-specific-procedures-to-implement-the-principles-requirements-and,True,COE-2023-0005-0001
EPA Finalized Rule for Oil and Natural Gas Operations,https://eelp.law.harvard.edu/tracker/epa-finalized-rule-for-oil-and-natural-gas-operations/,"February 14, 2024",https://www.federalregister.gov/documents/2024/03/08/2024-00366/standards-of-performance-for-new-reconstructed-and-modified-sources-and-emissions-guidelines-for,True,
USDA announced the Working Lands Climate Corps (WLCC) to Train Young People in Climate-Smart Agriculture,https://eelp.law.harvard.edu/tracker/usda-announced-the-working-lands-climate-corps-wlcc-to-train-young-people-in-climate-smart-agriculture/,"February 12, 2024",,False,
President Biden Announced Wilie Phillips as Chair of FERC,https://eelp.law.harvard.edu/tracker/president-biden-announced-wilie-phillips-as-chair-of-ferc/,"February 9, 2024",,False,
EPA Proposed Adding PFAS as Regulated Hazardous Substances in Cleanups Under TSCA,https://eelp.law.harvard.edu/tracker/epa-proposed-adding-pfas-as-regulated-hazardous-substances-in-cleanups-under-tsca/,"February 8, 2024",https://www.federalregister.gov/documents/2024/02/08/2024-02328/definition-of-hazardous-waste-applicable-to-corrective-action-for-releases-from-solid-waste,True,EPA-HQ-OLEM-2023-0085-0001
DOE launched Interagency Effort to Rebuild and Modernize Puerto Rico’s Electrical Grid,https://eelp.law.harvard.edu/tracker/doe-launched-interagency-effort-to-rebuild-and-modernize-puerto-ricos-electrical-grid/,"February 7, 2024",,False,
DOI Solicitor Affirmed that Tribes in Alaska have Jurisdiction over Native Allotments,https://eelp.law.harvard.edu/tracker/doi-solicitor-affirmed-that-tribes-in-alaska-have-jurisdiction-over-native-allotments/,"February 1, 2024",,False,
EPA Proposed Rule to Reduce Water Pollution from Meat and Poultry Processing Facilities,https://eelp.law.harvard.edu/tracker/epa-proposed-rule-to-reduce-water-pollution-from-meat-and-poultry-processing-facilities/,"January 23, 2024",,False,
FEMA Finalized Rule Expanding Access to Individual Assistance for Disaster Survivors,https://eelp.law.harvard.edu/tracker/fema-finalized-rule-expanding-access-to-individual-assistance-for-disaster-survivors/,"January 22, 2024",https://www.federalregister.gov/documents/2024/01/22/2024-00677/individual-assistance-program-equity,True,FEMA-2023-0003-0001
Treasury and IRS issued guidance for IRA’s Alternative Fuel Vehicle Refueling Property Credit,https://eelp.law.harvard.edu/tracker/treasury-and-irs-issued-guidance-for-iras-alternative-fuel-vehicle-refueling-property-credit/,"January 19, 2024",,False,
Permitting Council Requested Comments on the Environmental Review Improvement Fund Tribal Assistance Program,https://eelp.law.harvard.edu/tracker/permitting-council-requested-comments-on-the-environmental-review-improvement-fund-tribal-assistance-program-erif-tap/,"January 19, 2024",https://www.federalregister.gov/documents/2024/01/19/2024-01028/agency-information-collection-activities-proposed-collection-comment-request,True,
EPA Lowered Screening Level for Lead in Soil for First Time in 30 years,https://eelp.law.harvard.edu/tracker/epa-lowered-screening-level-for-lead-in-soil-for-first-time-in-30-years/,"January 17, 2024",,False,
HUD Proposed Rule to Promote Economic Development in Underserved Communities,https://eelp.law.harvard.edu/tracker/hud-proposed-rule-to-promote-economic-development-in-underserved-communities/,"January 11, 2024",,False,
EPA Added Seven PFAS to the Toxic Release Inventory,https://eelp.law.harvard.edu/tracker/epa-added-seven-pfas-to-the-toxic-release-inventory/,"January 9, 2024",,False,
EPA Finalized Rule to Prevent Inactive PFAS from Reentering Commerce,https://eelp.law.harvard.edu/tracker/epa-finalized-rule-to-prevent-inactive-pfas-from-reentering-commerce/,"January 8, 2024",,False,
EPA Granted Louisiana Authority to Permit Carbon Dioxide Wells,https://eelp.law.harvard.edu/tracker/epa-granted-louisiana-authority-to-permit-carbon-dioxide-wells/,"December 29, 2023",https://www.federalregister.gov/documents/2024/01/05/2024-00044/state-of-louisiana-underground-injection-control-program-class-vi-primacy,True,
EPA Proposed To Revise Guideline on Air Quality Models,https://eelp.law.harvard.edu/tracker/epa-proposed-to-revise-guideline-on-air-quality-models/,"December 22, 2023",https://www.federalregister.gov/documents/2023/10/23/2023-22876/guideline-on-air-quality-models-enhancements-to-the-aermod-dispersion-modeling-system,True,EPA-HQ-OAR-2022-0872-0001
Interagency MOU to Implement American Climate Corps,https://eelp.law.harvard.edu/tracker/dol-joined-agreement-to-implement-american-climate-corps/,"December 19, 2023",,False,
FERC Issued Order Granting Mountain Valley Pipeline a Three-Year Extension,https://eelp.law.harvard.edu/tracker/ferc-issued-order-granting-mountain-valley-pipeline-a-three-year-extension/,"December 19, 2023",,False,
DOE Affirmed Commitment to Purchase Clean Power from Tribes,https://eelp.law.harvard.edu/tracker/doe-affirmed-commitment-to-purchase-clean-power-from-tribes/,"December 14, 2023",,False,
White House Announced Partnership with Tribes and States from Pacific Northwest,https://eelp.law.harvard.edu/tracker/white-house-announced-partnership-with-tribes-and-states-from-pacific-northwest/,"December 14, 2023",,False,
DOI Released Nature-Based Solutions Roadmap Online Tool,https://eelp.law.harvard.edu/tracker/doi-released-nature-based-solutions-roadmap-online-tool/,"December 11, 2023",,False,
White House Released EJ Strategy for Communities Reliant on Ocean and Marine Resources,https://eelp.law.harvard.edu/tracker/white-house-released-ej-strategy-for-communities-reliant-on-ocean-and-marine-resources/,"December 8, 2023",,False,
EPA Issued Revised Policy on Consultation with Indian Tribes,https://eelp.law.harvard.edu/tracker/epa-issued-revised-policy-on-consultation-with-indian-tribes/,"December 7, 2023",,False,
EPA Accepting Public Input on Supplemental Environmental Projects in Federal Enforcement,https://eelp.law.harvard.edu/tracker/epa-accepting-public-input-on-supplemental-environmental-projects-in-federal-enforcement/,"December 7, 2023",,False,
President Biden Issued Exec. Order 14112 to Reform Federal Funding and Support for Tribal Nations,https://eelp.law.harvard.edu/tracker/president-biden-issued-exec-order-14112-to-reform-federal-funding-and-support-for-tribal-nations/,"December 6, 2023",,False,
DOI Issued Report on Co-Stewardship as Part of Joint Secretarial Order 3403,https://eelp.law.harvard.edu/tracker/doi-issued-report-on-co-stewardship-as-part-of-joint-secretarial-order-3403/,"December 6, 2023",,False,
HHS Released Climate Change and Health Equity Strategy Supplement,https://eelp.law.harvard.edu/tracker/hhs-released-climate-change-and-health-equity-strategy-supplement/,"December 3, 2023",,False,
Agencies Published Draft National Strategy for Reducing Food Loss and Waste and Recycling Organics,https://eelp.law.harvard.edu/tracker/agencies-published-draft-national-strategy-for-reducing-food-loss-and-waste-and-recycling-organics/,"December 2, 2023",,False,
"Biden Administration Reaffirmed Commitment to Consultation with Tribal Nations, Released Uniform Standards",https://eelp.law.harvard.edu/tracker/biden-administration-reaffirmed-commitment-to-consultation-with-tribal-nations/,"November 30, 2023",,False,
FEMA Published Equity Guide for Local Disaster Recovery Officials,https://eelp.law.harvard.edu/tracker/fema-published-equity-guide-for-local-disaster-recovery-officials/,"November 20, 2023",,False,
HUD Requested Information to Develop its Green and Resilient Retrofit Program (GRRP),https://eelp.law.harvard.edu/tracker/hud-requested-information-to-develop-its-green-and-resilient-retrofit-program-grrp/,"November 20, 2023",https://www.federalregister.gov/documents/2022/09/27/2022-20855/green-and-resilient-retrofit-program-request-for-information,True,HUD-2022-0072-0001
EPA Released Meaningful Involvement Policy,https://eelp.law.harvard.edu/tracker/epa-released-meaningful-involvement-policy/,"November 16, 2023",,False,
EPA Released Revised Technical Guidance for Assessing Environmental Justice in Regulatory Analysis,https://eelp.law.harvard.edu/tracker/epa-released-revised-technical-guidance-for-assessing-environmental-justice-in-regulatory-analysis/,"November 15, 2023",https://www.federalregister.gov/documents/2023/11/15/2023-25126/public-comment-on-the-revised-technical-guidance-for-assessing-environmental-justice-in-regulatory,True,EPA-HQ-OA-2013-0320-0029
"NOAA, USDA Released the Fifth National Climate Assessment (NCA5)",https://eelp.law.harvard.edu/tracker/noaa-released-the-fifth-national-climate-assessment-nca5/,"November 14, 2023",,False,
EPA Finalized Phase II FOIA Rule,https://eelp.law.harvard.edu/tracker/epa-finalized-phase-ii-foia-rule/,"November 13, 2023",https://www.federalregister.gov/documents/2023/09/14/2023-19699/freedom-of-information-act-regulations-update-phase-ii,True,
EPA Issued Final Rule Creating a Public PFAS Database,https://eelp.law.harvard.edu/tracker/epa-issued-final-rule-creating-a-public-pfas-database/,"November 13, 2023",https://www.federalregister.gov/documents/2023/10/11/2023-22094/toxic-substances-control-act-reporting-and-recordkeeping-requirements-for-perfluoroalkyl-and,True,
EPA Published a Final Rule to Amend Timelines for State Plans under the Clean Air Act,https://eelp.law.harvard.edu/tracker/epa-published-a-final-rule-to-amend-timelines-for-state-plans-under-the-clean-air-act/,"November 11, 2023",https://www.federalregister.gov/documents/2023/11/17/2023-25269/adoption-and-submittal-of-state-plans-for-designated-facilities-implementing-regulations-under-clean,True,
"USDA Released MOU with EPA, DOI, and CDC on Minimizing Impacts of Wildfire Smoke",https://eelp.law.harvard.edu/tracker/usda-released-mou-with-epa-doi-and-cdc-on-minimizing-impacts-of-wildfire-smoke/,"November 9, 2023",,False,
DOT Released a Meaningful Public Involvement Guide for Funding Recipients,https://eelp.law.harvard.edu/tracker/dot-released-a-meaningful-public-involvement-guide-for-funding-recipients/,"November 8, 2023",,False,
EPA Announced Get the Lead Out Initiative,https://eelp.law.harvard.edu/tracker/epa-announced-get-the-lead-out-initiative/,"November 7, 2023",,False,
CEQ Released Template for Agencies’ EJ Strategic Plans,https://eelp.law.harvard.edu/tracker/ceq-released-template-for-agencies-ej-strategic-plans/,"November 3, 2023",,False,
FEMA Created New Online Tribal Affairs Hub,https://eelp.law.harvard.edu/tracker/fema-created-new-online-tribal-affairs-hub/,"November 1, 2023",,False,
"EPA Launched the Community, Equity & Resilience Initiative",https://eelp.law.harvard.edu/tracker/epa-launched-the-community-equity-resilience-initiative/,"November 1, 2023",,False,
EPA Proposed a Rule for Procedures for Chemical Risk Evaluation Under the Toxic Substances Control Act (TSCA),https://eelp.law.harvard.edu/tracker/epa-proposed-a-rule-for-procedures-for-chemical-risk-evaluation-under-the-toxic-substances-control-act-tsca/,"October 30, 2023",https://www.federalregister.gov/documents/2023/10/30/2023-23428/procedures-for-chemical-risk-evaluation-under-the-toxic-substances-control-act-tsca,True,EPA-HQ-OPPT-2023-0496-0001
NOAA and DOI Signed MOU on Environmental Stewardship,https://eelp.law.harvard.edu/tracker/noaa-and-doi-signed-mou-on-environmental-stewardship/,"October 26, 2023",,False,
Treasury Issued Final Rule Incorporating Disaster Preparedness and Climate Resilience in Community Development,https://eelp.law.harvard.edu/tracker/treasury-issued-final-rule-incorporating-disaster-preparedness-and-climate-resilience-in-community-development/,"October 24, 2023",,False,
HHS Launched Climate and Health Outlook Portal,https://eelp.law.harvard.edu/tracker/hhs-launched-climate-and-health-outlook-portal/,"September 28, 2023",,False,
DOE Opened IRA’s Low-Income Communities Bonus Credit Program,https://eelp.law.harvard.edu/tracker/doe-opened-iras-low-income-communities-bonus-credit-program/,"September 27, 2023",,False,
"President Biden Signed Memorandum to Protect Salmon, Steelhead, and Other Native Fish in the Columbia River Basin",https://eelp.law.harvard.edu/tracker/president-biden-signed-memorandum-to-protect-salmon-steelhead-and-other-native-fish-in-the-columbia-river-basin/,"September 27, 2023",,False,
FEMA Signed Agreement With NAACP to Promote Equity in Disaster Response,https://eelp.law.harvard.edu/tracker/fema-signed-agreement-with-naacp-to-promote-equity-in-disaster-response/,"September 25, 2023",,False,
EPA Withdrew Interim Registration Review for Glyphosate,https://eelp.law.harvard.edu/tracker/epa-withdrew-interim-registration-review-for-glyphosate/,"September 22, 2023",,False,
FPISC Proposed Rule “Mining” Definition under FAST-41,https://eelp.law.harvard.edu/tracker/fpisc-proposed-rule-mining-definition-under-fast-41/,"September 22, 2023",https://www.federalregister.gov/documents/2023/09/22/2023-20270/revising-scope-of-the-mining-sector-of-projects-that-are-eligible-for-coverage-under-title-41-of-the,True,GSA-GSA-2023-0024-0001
FEMA Released Disaster Preparedness Guide for Older Adults,https://eelp.law.harvard.edu/tracker/fema-released-disaster-preparedness-guide-for-older-adults/,"September 20, 2023",,False,
FEMA Issued Guidance to Community Leaders on Preparing for Extreme Temperatures,https://eelp.law.harvard.edu/tracker/fema-issued-guidance-to-community-leaders-on-preparing-for-extreme-temperatures/,"August 25, 2023",,False,
EPA Issued 2024-2027 National Enforcement and Compliance Initiatives Focused on Overburdened Communities,https://eelp.law.harvard.edu/tracker/epa-issued-2024-2027-national-enforcement-and-compliance-initiatives-focused-on-overburdened-communities/,"August 17, 2023",,False,
Treasury and IRS Issued Final Rule and Guidance on Low-Income Solar and Wind Energy Credits,https://eelp.law.harvard.edu/tracker/treasury-and-irs-issued-final-rule-and-guidance-on-low-income-solar-and-wind-energy-credits/,"August 15, 2023",https://www.federalregister.gov/documents/2023/08/15/2023-17078/additional-guidance-on-low-income-communities-bonus-credit-program,True,
EPA Proposed Updates to Air Emission Reporting Requirements,https://eelp.law.harvard.edu/tracker/epa-proposed-updates-to-air-emission-reporting-requirements/,"August 9, 2023",https://www.federalregister.gov/documents/2023/08/09/2023-16158/revisions-to-the-air-emissions-reporting-requirements,True,EPA-HQ-OAR-2004-0489-0092
EPA Proposed Change to Its Risk Assessment Process for New Chemicals,https://eelp.law.harvard.edu/tracker/epa-proposed-change-to-its-risk-assessment-process-for-new-chemicals/,"August 8, 2023",https://www.federalregister.gov/documents/2023/05/26/2023-10735/updates-to-new-chemicals-regulations-under-the-toxic-substances-control-act-tsca,True,EPA-HQ-OPPT-2022-0902-0001
President Biden Established Baaj Nwaavjo I’tah Kukveni-Ancestral Footprints of the Grand Canyon National Monument,https://eelp.law.harvard.edu/tracker/president-biden-established-baaj-nwaavjo-itah-kukveni-ancestral-footprints-of-the-grand-canyon-national-monument-2/,"August 8, 2023",,False,
President Biden Established Baaj Nwaavjo I’tah Kukveni-Ancestral Footprints of the Grand Canyon National Monument,https://eelp.law.harvard.edu/tracker/president-biden-established-baaj-nwaavjo-itah-kukveni-ancestral-footprints-of-the-grand-canyon-national-monument/,"August 8, 2023",,False,
EPA Released Environmental Justice Toolkit for Lead Paint Enforcement Programs,https://eelp.law.harvard.edu/tracker/epa-released-environmental-justice-toolkit-for-lead-paint-enforcement-programs/,"August 7, 2023",,False,
EPA Finalized Rule Strengthening Lead Paint-Abatement Requirements,https://eelp.law.harvard.edu/tracker/epa-proposed-to-strengthen-lead-paint-abatement-requirements/,"August 1, 2023",https://www.federalregister.gov/documents/2024/11/12/2024-25070/reconsideration-of-the-dust-lead-hazard-standards-and-dust-lead-post-abatement-clearance-levels,True,EPA-HQ-OPPT-2018-0166-0447
DOT Announced 24 members to the Advisory Committee on Transportation Equity (ACTE),https://eelp.law.harvard.edu/tracker/dot-announced-24-members-to-the-advisory-committee-on-transportation-equity-acte/,"August 1, 2023",,False,
OSHA Announced Increased Inspections and Enforcement,https://eelp.law.harvard.edu/tracker/osha-announced-increased-inspections-and-enforcement/,"July 27, 2023",,False,
HUD Released Guidance for CDBG-DR Grantees to Comply with Civil Rights Laws,https://eelp.law.harvard.edu/tracker/hud-released-guidance-for-cdbg-dr-grantees-to-comply-with-civil-rights-laws/,"July 24, 2023",,False,
EPA Removed “Emergency” Affirmative Defense Waivers from Title V Air Permit Regulations,https://eelp.law.harvard.edu/tracker/epa-removed-emergency-affirmative-defense-waivers-from-title-v-air-permit-regulations/,"July 21, 2023",https://www.federalregister.gov/documents/2023/07/21/2023-15067/removal-of-title-v-emergency-affirmative-defense-provisions-from-state-operating-permit-programs-and,True,
NOAA Requested Input to Enhance Delivery of Climate Services,https://eelp.law.harvard.edu/tracker/noaa-requested-input-to-enhance-delivery-of-climate-services/,"July 20, 2023",https://www.federalregister.gov/documents/2023/07/20/2023-15432/request-for-information-on-equitable-delivery-of-climate-services,True,
OIRA Released Guidance on Public Participation and Community Engagement in the Regulatory Process,https://eelp.law.harvard.edu/tracker/oira-released-guidance-on-public-participation-and-community-engagement-in-the-regulatory-process/,"July 19, 2023",,False,
Xochitl Torres Small is nominated to serve as USDA’s Deputy Secretary of Agriculture,https://eelp.law.harvard.edu/tracker/xochitl-torres-small-is-nominated-to-serve-as-usdas-deputy-secretary-of-agriculture/,"July 11, 2023",,False,
EPA Inspector General Audited EPA’s Distribution of Loans for State Drinking Water Projects,https://eelp.law.harvard.edu/tracker/epa-inspector-general-audited-epas-distribution-of-loans-for-state-drinking-water-projects/,"July 11, 2023",,False,
"EPA Issued Memo on Partnering with State Enforcement Agencies, Including EJ Focus",https://eelp.law.harvard.edu/tracker/epa-issued-memo-on-partnering-with-state-enforcement-agencies-including-ej-focus/,"June 21, 2023",,False,
EPA Proposed Rule to Ban Most Uses of Perchloroethylene (PCE),https://eelp.law.harvard.edu/tracker/epa-proposed-rule-to-ban-most-uses-of-perchloroethylene-pce/,"June 16, 2023",https://www.federalregister.gov/documents/2023/06/16/2023-12495/perchloroethylene-pce-regulation-under-the-toxic-substances-control-act-tsca,True,EPA-HQ-OPPT-2020-0720-0024
EPA Issued Draft Cumulative Risk Assessment (CRA) Guidelines,https://eelp.law.harvard.edu/tracker/epa-issued-draft-cumulative-risk-assessment-cra-guidelines/,"June 16, 2023",https://www.federalregister.gov/documents/2023/06/16/2023-12972/public-comment-on-the-cumulative-risk-assessment-guidelines-for-planning-and-problem-formulation,True,EPA-HQ-ORD-2013-0292-0168
DOI Withdrew Leasing and Mining Claims around Chaco Culture National Historic Park,https://eelp.law.harvard.edu/tracker/doi-withdrew-leasing-and-mining-claims-around-chaco-culture-national-historic-park/,"June 2, 2023",https://www.federalregister.gov/documents/2023/06/07/2023-12158/public-land-order-no-7923-for-public-lands-withdrawal-surrounding-chaco-culture-national-historical,True,
EPA Released ECHO Clean Air Tracking Tool,https://eelp.law.harvard.edu/tracker/epa-released-echo-clean-air-tracking-tool/,"May 31, 2023",,False,
DOE Announced Update to Energy Conservation Standards for Manufactured Housing,https://eelp.law.harvard.edu/tracker/doe-announced-update-to-energy-conservation-standards-for-manufactured-housing/,"May 30, 2023",https://www.federalregister.gov/documents/2023/05/30/2023-11043/energy-conservation-program-energy-conservation-standards-for-manufactured-housing-extension-of,True,
Secretary Haaland Appointed New Members to the National Park System Advisory Board,https://eelp.law.harvard.edu/tracker/secretary-haaland-appointed-new-members-to-the-national-park-system-advisory-board/,"May 24, 2023",,False,
EPA Proposed Rule to Impose Safeguards on Coal Ash Impoundments,https://eelp.law.harvard.edu/tracker/epa-proposed-rule-to-impose-safeguards-on-coal-ash-impoundments/,"May 18, 2023",https://www.federalregister.gov/documents/2023/05/18/2023-10048/hazardous-and-solid-waste-management-system-disposal-of-coal-combustion-residuals-from-electric,True,EPA-HQ-OLEM-2020-0107-0119
EPA Published Interactive Map Depicting Sea Level Rise Around Hazardous Waste Sites,https://eelp.law.harvard.edu/tracker/epa-published-interactive-map-depicting-sea-level-rise-around-hazardous-waste-sites/,"May 18, 2023",,False,
NOAA Published ANPRM on Guidelines for Fisheries Management,https://eelp.law.harvard.edu/tracker/noaa-published-anprm-on-guidelines-for-fisheries-management/,"May 15, 2023",https://www.federalregister.gov/documents/2023/05/15/2023-10294/fisheries-of-the-united-states-magnuson-stevens-fishery-conservation-and-management-act-national,True,NOAA-HQ-2023-0060-0001
DOJ Launched Puerto Rico and U.S. Virgin Islands Environmental Crimes Task Force,https://eelp.law.harvard.edu/tracker/doj-launched-puerto-rico-and-u-s-virgin-islands-environmental-crimes-task-force/,"May 11, 2023",,False,
FERC Appointed Acting Director of New Office of Public Participation,https://eelp.law.harvard.edu/tracker/ferc-appointed-acting-director-of-new-office-of-public-participation/,"May 2, 2023",,False,
EPA Published Report on Climate Change and Children’s Health and Well-Being in the United States,https://eelp.law.harvard.edu/tracker/epa-published-report-on-climate-change-and-childrens-health-and-well-being-in-the-united-states/,"April 25, 2023",,False,
DOE Launched Energy Savings Hub,https://eelp.law.harvard.edu/tracker/doe-launched-energy-savings-hub/,"April 24, 2023",,False,
White House Offices Released Phase One of EJ Scorecard,https://eelp.law.harvard.edu/tracker/white-house-offices-released-phase-one-of-ej-scorecard/,"April 21, 2023",,False,
EPA Published Online Resource to Prevent Heavy Metal Exposure in Children,https://eelp.law.harvard.edu/tracker/epa-published-online-resource-to-prevent-heavy-metal-exposure-in-children/,"April 14, 2023",,False,
EPA Proposed Rule to Improve Consumer Confidence Reports,https://eelp.law.harvard.edu/tracker/epa-proposed-rule-to-improve-consumer-confidence-reports/,"April 5, 2023",https://www.federalregister.gov/documents/2023/04/05/2023-06674/national-primary-drinking-water-regulations-consumer-confidence-report-rule-revisions,True,EPA-HQ-OW-2022-0260-0015
NOAA Selected Communities for the Urban Heat Island Mapping Campaign,https://eelp.law.harvard.edu/tracker/noaa-selected-communities-for-the-urban-heat-island-mapping-campaign/,"April 4, 2023",,False,
Agencies Signed MOU Creating Rapid Response Teams to Support Energy Communities,https://eelp.law.harvard.edu/tracker/agencies-signed-mou-creating-rapid-response-teams-to-support-energy-communities/,"April 4, 2023",,False,
DOE Released Coal Power Plant Redevelopment Visualization Tool,https://eelp.law.harvard.edu/tracker/doe-released-coal-power-plant-redevelopment-visualization-tool/,"April 4, 2023",,False,
EPA Released the Draft of the National Strategy to Prevent Plastic Pollution,https://eelp.law.harvard.edu/tracker/epa-released-the-draft-of-the-national-strategy-to-prevent-plastic-pollution/,"April 1, 2023",,False,
EPA Published First Ever Chemical Data Reporting National Review,https://eelp.law.harvard.edu/tracker/epa-published-first-ever-chemical-data-reporting-national-review/,"March 31, 2023",,False,
FEMA Updated National Risk Index to Incorporate Social Vulnerability Data,https://eelp.law.harvard.edu/tracker/fema-updated-national-risk-index-to-incorporate-social-vulnerability-data/,"March 30, 2023",,False,
EPA Proposed Stricter Standards on Wastewater Discharge From Coal-Fired Power Plants,https://eelp.law.harvard.edu/tracker/epa-proposed-stricter-standards-on-wastewater-discharge-from-coal-fired-power-plants/,"March 29, 2023",https://www.federalregister.gov/documents/2023/03/29/2023-04984/supplemental-effluent-limitations-guidelines-and-standards-for-the-steam-electric-power-generating,True,EPA-HQ-OW-2009-0819-9025
White House Released Report on Implementation of the Equitable Data Working Group’s Recommendations,https://eelp.law.harvard.edu/tracker/white-house-released-report-on-implementation-of-the-equitable-data-working-groups-recommendations/,"March 24, 2023",,False,
"CEQ Announced Task Forces for Carbon Capture, Utilization, and Sequestration (CCUS)",https://eelp.law.harvard.edu/tracker/ceq-announced-task-forces-for-carbon-capture-utilization-and-sequestration-ccus/,"March 24, 2023",,False,
OSTP Published Agency Guidance on Data in Climate Risk and Impact Assessments,https://eelp.law.harvard.edu/tracker/ostp-published-agency-guidance-on-data-in-climate-risk-and-impact-assessments/,"March 22, 2023",,False,
President Biden Designated New Avi Kwa Ame National Monument,https://eelp.law.harvard.edu/tracker/president-biden-designated-new-avi-kwa-ame-national-monument/,"March 21, 2023",,False,
OSTP Released Ocean Climate Action Plan,https://eelp.law.harvard.edu/tracker/ostp-released-ocean-climate-action-plan/,"March 21, 2023",,False,
President Biden Designated Castner Range National Monument,https://eelp.law.harvard.edu/tracker/president-biden-designated-castner-range-national-monument/,"March 21, 2023",,False,
New Senior Counsel for Environmental Justice and Equity Appointed,https://eelp.law.harvard.edu/tracker/new-senior-counsel-for-environmental-justice-and-equity-appointed/,"March 16, 2023",,False,
EPA Announced Accelerated Action for Four Organophosphate Pesticides,https://eelp.law.harvard.edu/tracker/epa-announced-accelerated-action-for-four-organophosphate-pesticides/,"March 15, 2023",,False,
EPA Published Final “Good Neighbor” Plan to Reduce Downstream Ozone Exposure,https://eelp.law.harvard.edu/tracker/epa-published-final-good-neighbor-plan-to-reduce-downstream-ozone-exposure/,"March 15, 2023",,False,
HUD Created Two New Offices for Disaster Recovery,https://eelp.law.harvard.edu/tracker/hud-created-two-new-offices-for-disaster-recovery/,"March 15, 2023",,False,
FERC Approved Two Cold Weather Reliability Standards,https://eelp.law.harvard.edu/tracker/ferc-approved-two-cold-weather-reliability-standards/,"March 10, 2023",https://www.federalregister.gov/documents/2023/03/10/2023-04875/north-american-electric-reliability-corporation-order-approving-extreme-cold-weather-reliability,True,
OMB Issued Implementation Guidance for Federal Permitting Action Plan,https://eelp.law.harvard.edu/tracker/omb-issued-implementation-guidance-for-federal-permitting-action-plan/,"March 6, 2023",,False,
CEQ Issued Guidance for Implementing Biden-Harris Permitting Action Plan,https://eelp.law.harvard.edu/tracker/ceq-issued-guidance-for-implementing-biden-harris-permitting-action-plan/,"March 6, 2023",,False,
DOI Issued Order 3410 to Promote Bison Population and Grassland Restoration Efforts,https://eelp.law.harvard.edu/tracker/doi-issued-order-3410-to-promote-bison-population-and-grassland-restoration-efforts/,"March 3, 2023",,False,
USDA Appointed First Permanent Chief Diversity and Inclusion Officer (CDIO),https://eelp.law.harvard.edu/tracker/usda-appointed-first-permanent-chief-diversity-and-inclusion-officer-cdio/,"March 2, 2023",,False,
FEMA Published 2023-2027 Data Strategy Prioritizing Data Access,https://eelp.law.harvard.edu/tracker/fema-published-2023-2027-data-strategy-prioritizing-data-access/,"March 1, 2023",,False,
DOL Issued a Final Rule Amending Methodology for Determining Adverse Effect Wage Rates,https://eelp.law.harvard.edu/tracker/dol-issued-a-final-rule-amending-methodology-for-determining-adverse-effect-wage-rates/,"February 28, 2023",https://www.federalregister.gov/documents/2023/02/28/2023-03756/adverse-effect-wage-rate-methodology-for-the-temporary-employment-of-h-2a-nonimmigrants-in-non-range,True,ETA-2019-0007-0002
EPA Published Final Rule Reaffirming Limitations on Toxic Air Pollution from Power Plants,https://eelp.law.harvard.edu/tracker/epa-published-final-rule-reaffirming-limitations-on-toxic-air-pollution-from-power-plants/,"February 17, 2023",,False,
EPA Announced that FOIAOnline Would Be Shut Down in September 2023,https://eelp.law.harvard.edu/tracker/epa-announced-that-foiaonline-will-be-shut-down-in-september-2023/,"February 13, 2023",,False,
USDA Renewed Partnership with the American Indian Higher Education Consortium (AIHEC),https://eelp.law.harvard.edu/tracker/usda-renewed-partnership-with-the-american-indian-higher-education-consortium-aihec/,"February 10, 2023",,False,
"Department of State Issued a Statement on Principles for Environmental, Social, and Governance Standards in Mineral Rich African Nations",https://eelp.law.harvard.edu/tracker/department-of-state-issued-a-statement-on-principles-for-environmental-social-and-governance-standards-in-mineral-rich-african-nations/,"February 7, 2023",,False,
President Biden Signed Three Bills to Improve Water Access for Tribes in Arizona,https://eelp.law.harvard.edu/tracker/president-biden-signed-three-bills-to-improve-water-access-for-tribes-in-arizona/,"January 25, 2023",,False,
Biden-⁠Harris Administration Released National Strategy to Quantify Economic Benefits from Ecosystem Services,https://eelp.law.harvard.edu/tracker/biden-%e2%81%a0harris-administration-released-national-strategy-to-quantify-economic-benefits-from-ecosystem-services/,"January 19, 2023",https://www.federalregister.gov/documents/2022/08/22/2022-17993/request-for-information-to-support-the-development-of-a-strategic-plan-on-statistics-for,True,OMB-2022-0009-0001
DOL Proposed Revision to Regulatory Standards on Self-Insurance by Coal Mine Operators,https://eelp.law.harvard.edu/tracker/dol-proposed-revision-to-regulatory-standards-on-self-insurance-by-coal-mine-operators/,"January 18, 2023",https://www.federalregister.gov/documents/2023/01/19/2023-00534/black-lung-benefits-act-authorization-of-self-insurers,True,WCPO-2023-0001-0001
USDA Announced Partnership with the National Urban League,https://eelp.law.harvard.edu/tracker/usda-announced-partnership-with-the-national-urban-league/,"January 11, 2023",,False,
"OSTP Announced Action for Free, Immediate, and Equitable Access to Federally Funded Research",https://eelp.law.harvard.edu/tracker/ostp-announced-action-for-free-immediate-and-equitable-access-to-federally-funded-research/,"January 11, 2023",,False,
EPA Issued Legal Guidance on How to Address Cumulative Pollution Impacts to Advance EJ,https://eelp.law.harvard.edu/tracker/epa-issued-legal-guidance-on-how-to-address-cumulative-pollution-impacts-to-advance-ej/,"January 11, 2023",,False,
Biden-Harris Administration Released US National Blueprint for Transportation Decarbonization,https://eelp.law.harvard.edu/tracker/biden-harris-administration-released-us-national-blueprint-for-transportation-decarbonization/,"January 10, 2023",,False,
CEQ Released NEPA Guidance on Agency Consideration of GHGs and Climate Change,https://eelp.law.harvard.edu/tracker/ceq-released-nepa-guidance-on-agency-consideration-of-ghgs-and-climate-change/,"January 6, 2023",,False,
"DOT Released its Research, Development, and Technology Strategic Plan",https://eelp.law.harvard.edu/tracker/dot-released-its-research-development-and-technology-strategic-plan/,"January 5, 2023",,False,
"FEMA, SBA Lowered Income Threshold to Qualify for Disaster Assistance",https://eelp.law.harvard.edu/tracker/fema-sba-lowered-income-threshold-to-qualify-for-disaster-assistance/,"January 3, 2023",,False,
EPA’s Office of Air & Radiation (OAR) Issued Guidance to Regional Offices on Considering Environmental Justice,https://eelp.law.harvard.edu/tracker/epas-office-of-air-radiation-oar-issued-guidance-to-regional-offices-on-considering-environmental-justice/,"December 22, 2022",,False,
EPA Issued Guidance on EJ and Civil Rights in Permitting,https://eelp.law.harvard.edu/tracker/epa-issued-guidance-on-ej-and-civil-rights-in-permitting/,"December 22, 2022",,False,
HUD Announced the Rapid Unsheltered Survivor Housing (RUSH) Program,https://eelp.law.harvard.edu/tracker/hud-announced-the-rapid-unsheltered-survivor-housing-rush-program/,"December 21, 2022",,False,
HUD Announced FHA-Insured Homeowners Can Obtain Private Flood Insurance Policies,https://eelp.law.harvard.edu/tracker/hud-announced-fha-insured-homeowners-can-obtain-private-flood-insurance-policies/,"December 21, 2022",https://www.federalregister.gov/documents/2022/11/21/2022-25258/acceptance-of-private-flood-insurance-for-fha-insured-mortgages,True,HUD-2020-0078-0040
EPA Reaffirmed a Stricter Cancer Risk Value for Ethylene Oxide,https://eelp.law.harvard.edu/tracker/epa-reaffirmed-a-stricter-cancer-risk-value-for-ethylene-oxide/,"December 21, 2022",https://www.federalregister.gov/documents/2022/12/21/2022-27522/reconsideration-of-the-2020-national-emission-standards-for-hazardous-air-pollutants-miscellaneous,True,EPA-HQ-OAR-2018-0746-0189
UN Convention on Biological Diversity Adopted Agreement to Protect Lands and Waters,https://eelp.law.harvard.edu/tracker/un-convention-on-biological-diversity-adopted-agreement-to-protect-lands-and-waters/,"December 20, 2022",,False,
FEMA Released 2022 National Advisory Council Annual Report,https://eelp.law.harvard.edu/tracker/fema-released-2022-national-advisory-council-annual-report/,"December 20, 2022",,False,
EPA Imposed More Stringent Emissions Standards on Heavy-Duty Vehicles,https://eelp.law.harvard.edu/tracker/epa-imposed-more-stringent-emissions-standards-on-heavy-duty-vehicles/,"December 20, 2022",https://www.federalregister.gov/documents/2023/01/24/2022-27957/control-of-air-pollution-from-new-motor-vehicles-heavy-duty-engine-and-vehicle-standards,True,
DOJ Launched Law Enforcement Language Access Initiative,https://eelp.law.harvard.edu/tracker/doj-launched-law-enforcement-language-access-initiative/,"December 19, 2022",,False,
DOE Released Data Supplementing the 2022 US Energy and Employment Report,https://eelp.law.harvard.edu/tracker/doe-released-data-supplementing-the-2022-us-energy-and-employment-report/,"December 15, 2022",,False,
DOT Re-Established Seven Regional Centers for the Regional Tribal Technical Assistance Program,https://eelp.law.harvard.edu/tracker/dot-re-established-seven-regional-centers-for-the-regional-tribal-technical-assistance-program/,"December 6, 2022",https://www.federalregister.gov/documents/2020/08/21/2020-18429/tribal-technical-assistance-program,True,FHWA-2020-0007-0001
EPA Proposed Water Quality Standards to Protect Tribal Aquatic and Aquatic-Dependent Resources,https://eelp.law.harvard.edu/tracker/epa-proposed-water-quality-standards-to-protect-tribal-aquatic-and-aquatic-dependent-resources/,"December 5, 2022",https://www.federalregister.gov/documents/2022/12/05/2022-26240/water-quality-standards-regulatory-revisions-to-protect-tribal-reserved-rights,True,EPA-HQ-OW-2021-0791-0001
"FEMA, Interior Announced Voluntary Community-Driven Relocation Program for Tribal Communities",https://eelp.law.harvard.edu/tracker/fema-interior-announced-voluntary-community-driven-relocation-program-for-tribal-communities/,"December 2, 2022",,False,
EPA Proposed Tightening Restrictions on Pesticide Carbaryl,https://eelp.law.harvard.edu/tracker/epa-proposed-tightening-restrictions-on-pesticide-carbaryl/,"December 1, 2022",https://www.federalregister.gov/documents/2022/12/01/2022-26172/pesticide-registration-review-proposed-interim-decision-for-carbaryl-notice-of-availability,True,EPA-HQ-OPP-2010-0230-0108
White House Issued Government-Wide Guidance on Integrating Indigenous Knowledge into Agency Decision Making,https://eelp.law.harvard.edu/tracker/white-house-issued-government-wide-guidance-on-integrating-indigenous-knowledge-into-agency-decision-making/,"December 1, 2022",,False,
CEQ Released Guidance on Inclusion of Indigenous Knowledge in Agency Actions,https://eelp.law.harvard.edu/tracker/ceq-released-guidance-on-inclusion-of-indigenous-knowledge-in-agency-actions/,"December 1, 2022",,False,
DOI and USDA Made Recommendations to Protect Tribes from Mining,https://eelp.law.harvard.edu/tracker/doi-and-usda-made-recommendations-to-protect-tribes-from-mining/,"December 1, 2022",,False,
"Biden Administration Reinstated Annual Tribal Nations Summit, Pledging More Collaboration with Tribes",https://eelp.law.harvard.edu/tracker/biden-administration-reinstated-annual-tribal-nations-summit-pledging-more-collaboration-with-tribes/,"December 1, 2022",,False,
CEQ and Office of Science and Technology Policy Released Guidance on Indigenous Knowledge,https://eelp.law.harvard.edu/tracker/ceq-and-office-of-science-and-technology-policy-released-guidance-on-indigenous-knowledge/,"December 1, 2022",,False,
Treasury And IRS Issued Guidance on Labor for Construction of Energy Efficient Buildings,https://eelp.law.harvard.edu/tracker/treasury-and-irs-issued-guidance-on-labor-for-construction-of-energy-efficient-buildings/,"November 30, 2022",https://www.federalregister.gov/documents/2022/11/30/2022-26108/prevailing-wage-and-apprenticeship-initial-guidance-under-section-45b6bii-and-other-substantially,True,
HUD Finalized Rule for Section 184 of the Indian Home Loan Guarantee Program,https://eelp.law.harvard.edu/tracker/hud-finalized-rule-for-section-184-of-the-indian-home-loan-guarantee-program/,"November 30, 2022",https://www.federalregister.gov/documents/2024/03/20/2024-05515/strengthening-the-section-184-indian-housing-loan-guarantee-program,True,
Interior Issued Report on Authorities Supporting Tribal Co-Stewardship,https://eelp.law.harvard.edu/tracker/interior-issued-report-on-authorities-supporting-tribal-co-stewardship/,"November 30, 2022",,False,
"Commerce, DOI, and USDA Issued Joint Secretarial Order to Strengthen Co-Stewardship Efforts",https://eelp.law.harvard.edu/tracker/doi-and-usda-issued-joint-secretarial-order-to-strengthen-co-stewardship-efforts/,"November 30, 2022",,False,
DOI Created New Office of Strategic Partnerships to Direct Resources to Indian Country,https://eelp.law.harvard.edu/tracker/doi-created-new-office-of-strategic-partnerships-to-direct-resources-to-indian-country/,"November 30, 2022",,False,
DOL Sought Public Input on Updating its Environmental Justice Strategy,https://eelp.law.harvard.edu/tracker/dol-sought-public-input-on-updating-its-environmental-justice-strategy/,"November 28, 2022",https://www.federalregister.gov/documents/2022/11/28/2022-25893/request-for-feedback-under-executive-order-14008,True,
HUD Updated Rate Reduction Initiative (RRI) Guidance to Reduce Utility Costs in Public Housing,https://eelp.law.harvard.edu/tracker/hud-updated-rate-reduction-initiative-rri-guidance-to-reduce-utility-costs-in-public-housing/,"November 28, 2022",,False,
DOI Solicitor Issued Opinion Reclaiming Authority to Take Land into Trust for Alaska Natives and Alaska Tribes,https://eelp.law.harvard.edu/tracker/doi-solicitor-issued-opinion-reclaiming-authority-to-take-land-into-trust-for-alaska-natives-and-alaska-tribes/,"November 16, 2022",,False,
Biden-Harris Administration Released Nature-Based Solutions Roadmap,https://eelp.law.harvard.edu/tracker/biden-harris-administration-released-nature-based-solutions-roadmap/,"November 8, 2022",,False,
EPA Established New Regional Environmental Justice Office in Region 2,https://eelp.law.harvard.edu/tracker/epa-established-new-regional-environmental-justice-office-in-region-2/,"November 4, 2022",,False,
EPA Released Agency-wide Strategy to Combat Lead Exposure,https://eelp.law.harvard.edu/tracker/epa-released-agency-wide-strategy-to-combat-lead-exposure/,"October 27, 2022",,False,
BLM Formed Partnership with Tribal Governments to Oversee Cultural Protection Activities in the Bering Strait Region,https://eelp.law.harvard.edu/tracker/blm-formed-partnership-with-tribal-governments-to-oversee-cultural-protection-activities-in-the-bering-strait-region/,"October 25, 2022",,False,
EPA Issued a Proposed Endangerment Finding for Lead Emissions from Aircraft,https://eelp.law.harvard.edu/tracker/epa-issued-a-proposed-endangerment-finding-for-lead-emissions-from-aircraft/,"October 17, 2022",https://www.federalregister.gov/documents/2022/10/17/2022-22223/proposed-finding-that-lead-emissions-from-aircraft-engines-that-operate-on-leaded-fuel-cause-or,True,EPA-HQ-OAR-2022-0389-0001
EPA Proposed Revisions to the Federal Air Rules for Reservations,https://eelp.law.harvard.edu/tracker/epa-proposed-revisions-to-the-federal-air-rules-for-reservations/,"October 12, 2022",https://www.federalregister.gov/documents/2022/10/12/2022-20486/federal-implementation-plans-under-the-clean-air-act-for-indian-reservations-in-idaho-oregon-and,True,EPA-R10-OAR-2020-0361-0001
DOI and Other Agencies Sign Memorandum of Agreement to Support Tribal Sovereignty through 477 Program,https://eelp.law.harvard.edu/tracker/doi-and-other-agencies-sign-memorandum-of-agreement-to-support-tribal-sovereignty-through-477-program/,"October 7, 2022",,False,
EPA Released and Updated Resources to Allow the Public to Investigate Environmental Enforcement and Compliance in their Communities,https://eelp.law.harvard.edu/tracker/epa-released-and-updated-resources-to-allow-the-public-to-investigate-environmental-enforcement-and-compliance-in-their-communities/,"October 3, 2022",,False,
EPA Finalized “EJ Action Plan: Building Up Environmental Justice in EPA’s Land Protection and Cleanup Programs”,https://eelp.law.harvard.edu/tracker/epa-finalized-ej-action-plan-building-up-environmental-justice-in-epas-land-protection-and-cleanup-programs/,"September 30, 2022",,False,
EPA and the Forest Service Updated the AirNow Fire and Smoke Map,https://eelp.law.harvard.edu/tracker/epa-and-the-forest-service-updated-the-airnow-fire-and-smoke-map/,"September 28, 2022",,False,
EPA Launched New Office of Environmental Justice and External Civil Rights (OEJECR),https://eelp.law.harvard.edu/tracker/epa-launched-new-office-of-environmental-justice-and-external-civil-rights-oejecr/,"September 24, 2022",,False,
"USDA Released its Strategic Roadmap for Increasing Diversity, Equity, Inclusion and Accessibility",https://eelp.law.harvard.edu/tracker/usda-released-its-strategic-roadmap-for-increasing-diversity-equity-inclusion-and-accessibility/,"September 23, 2022",,False,
US Commission on Civil Rights Released Report on Civil Rights Compliance Post-Hurricanes Harvey and Maria,https://eelp.law.harvard.edu/tracker/us-commission-on-civil-rights-released-report-on-civil-rights-compliance-post-hurricanes-harvey-and-maria/,"September 21, 2022",,False,
DOL Proposed a Rule under the Workforce Innovation and Opportunity Act,https://eelp.law.harvard.edu/tracker/dol-proposed-a-rule-under-the-workforce-innovation-and-opportunity-act/,"September 14, 2022",https://www.federalregister.gov/documents/2022/09/14/2022-19003/workforce-innovation-and-opportunity-act-title-i-non-core-programs-effectiveness-in-serving,True,ETA-2022-0005-0001
Interior Bureaus Released Guidance on Supporting Tribal Co-Stewardship,https://eelp.law.harvard.edu/tracker/interior-released-guidance-on-supporting-tribal-co-stewardship/,"September 13, 2022",,False,
Solicitor Ruled for Tribes Against North Dakota in Dispute Over Mineral Rights,https://eelp.law.harvard.edu/tracker/solicitor-ruled-for-tribes-against-north-dakota-in-dispute-over-mineral-rights/,"September 1, 2022",,False,
EPA Published Report Detailing Improvements in Air Quality from the Diesel Emissions Reduction Act,https://eelp.law.harvard.edu/tracker/epa-published-report-detailing-improvements-in-air-quality-from-the-diesel-emissions-reduction-act/,"August 25, 2022",,False,
Bears Ears Inter-Tribal Coalition Released Collaborative Land Management Plan,https://eelp.law.harvard.edu/tracker/bears-ears-inter-tribal-coalition-released-collaborative-land-management-plan/,"August 25, 2022",,False,
Agencies Signed MOU to Promote Access to Nature in “Nature-Deprived Communities”,https://eelp.law.harvard.edu/tracker/agencies-signed-mou-to-promote-access-to-nature-in-nature-deprived-communities/,"August 22, 2022",,False,
FEMA Released First National Tribal Strategy,https://eelp.law.harvard.edu/tracker/fema-released-first-national-tribal-strategy/,"August 22, 2022",,False,
USDA and EPA Announced Partnership to Provide Wastewater Sanitation to Underserved Communities,https://eelp.law.harvard.edu/tracker/usda-and-epa-announced-partnership-to-provide-wastewater-sanitation-to-underserved-communities/,"August 22, 2022",,False,
DOL Added Programs to the Justice40 Initiative,https://eelp.law.harvard.edu/tracker/dol-added-programs-to-the-justice40-initiative/,"August 18, 2022",,False,
DOT Announced the Inclusion of 39 Programs in the Justice40 Initiative,https://eelp.law.harvard.edu/tracker/dot-announced-the-inclusion-of-39-programs-in-the-justice40-initiative/,"August 18, 2022",,False,
DOI Announced Return of 465 Acres to the Rappahannock Tribe,https://eelp.law.harvard.edu/tracker/doi-announced-return-of-465-acres-to-the-rappahannock-tribe/,"August 15, 2022",,False,
Secretary Haaland Rescinded Memorandum that Hampered Tribes Seeking to Enact Water Codes,https://eelp.law.harvard.edu/tracker/secretary-haaland-rescinded-memorandum-that-hampered-tribes-seeking-to-enact-water-codes/,"August 15, 2022",,False,
DOI Opened Land for Conveyance to Eligible Alaska Native Vietnam-Era Veterans,https://eelp.law.harvard.edu/tracker/doi-opened-land-for-conveyance-to-eligible-alaska-native-vietnam-era-veterans/,"August 15, 2022",https://www.federalregister.gov/documents/2022/08/15/2022-17486/public-land-order-no-7912-partial-revocation-of-public-land-orders-no-5169-5170-5171-5172-5173-5174,True,
Agency for Toxic Substances and Disease Registry Released Environmental Justice Index,https://eelp.law.harvard.edu/tracker/agency-for-toxic-substances-and-disease-registry-released-environmental-justice-index/,"August 10, 2022",,False,
EEOC Reached Settlement over Pipeline Company’s Workplace Abuse,https://eelp.law.harvard.edu/tracker/eeoc-reached-settlement-over-pipeline-companys-workplace-abuse/,"August 8, 2022",,False,
EPA Published “Guidance for Developing and Maintaining a Service Line Inventory”,https://eelp.law.harvard.edu/tracker/epa-published-guidance-for-developing-and-maintaining-a-service-line-inventory/,"August 4, 2022",,False,
EPA Partnered with USDA to Improve Low-Income Wastewater Infrastructure,https://eelp.law.harvard.edu/tracker/epa-partnered-with-usda-to-improve-low-income-wastewater-infrastructure/,"August 2, 2022",,False,
DOE Announced Interagency Measures for Increasing Clean Energy Jobs and Decreasing Energy Bills,https://eelp.law.harvard.edu/tracker/doe-announced-interagency-measures-for-increasing-clean-energy-jobs-and-decreasing-energy-bills/,"July 27, 2022",,False,
HUD Released Guidance for Connecting to Local Community Solar,https://eelp.law.harvard.edu/tracker/hud-released-guidance-for-connecting-to-local-community-solar/,"July 27, 2022",,False,
USDA Changed the Organizational Structure of the Office of Tribal Relations,https://eelp.law.harvard.edu/tracker/usda-changed-the-organizational-structure-of-the-office-of-tribal-relations/,"July 26, 2022",,False,
"USDA Released Plans for Reforestation, Climate Adaptation, including New Resources from BIL",https://eelp.law.harvard.edu/tracker/usda-released-plans-for-reforestation-climate-adaptation-including-new-resources-from-bil/,"July 25, 2022",,False,
Biden Administration Revived Interagency Effort to Create More Affordable and Equitable Outdoor Recreation Opportunities,https://eelp.law.harvard.edu/tracker/biden-%e2%81%a0harris-administration-revived-interagency-effort-to-create-more-affordable-and-equitable-outdoor-recreation-opportunities/,"July 21, 2022",,False,
FEMA Announced Programs Included in the Justice40 Initiative,https://eelp.law.harvard.edu/tracker/fema-announced-programs-included-in-the-justice40-initiative/,"July 15, 2022",,False,
HUD Announced Data Sharing Agreement between FEMA and HUD,https://eelp.law.harvard.edu/tracker/hud-announced-data-sharing-agreement-between-fema-and-hud/,"June 27, 2022",,False,
EPA’s Local Government Advisory Committee Adopted Recommendations to Support Local Communities Tackling PFAS Contamination,https://eelp.law.harvard.edu/tracker/epas-local-government-advisory-committee-adopted-recommendations-to-support-local-communities-tackling-pfas-contamination/,"June 23, 2022",,False,
Internal Report Found FEMA Ignored Equity in Buyout Grants,https://eelp.law.harvard.edu/tracker/internal-report-found-fema-ignored-equity-in-buyout-grants/,"June 22, 2022",,False,
USDA and DOI Signed Inter-Governmental Cooperative Agreements with Tribal Nations,https://eelp.law.harvard.edu/tracker/usda-and-doi-signed-inter-governmental-cooperative-agreements-with-tribal-nations/,"June 20, 2022",,False,
DOI Transferred Fish Production at Dworshak National Fish Hatchery to the Nez Perce Tribe,https://eelp.law.harvard.edu/tracker/doi-transferred-fish-production-at-dworshak-national-fish-hatchery-to-the-nez-perce-tribe/,"June 16, 2022",,False,
OMB Initiated Review of Standards for Federal Data on Race and Ethnicity,https://eelp.law.harvard.edu/tracker/omb-initiated-review-of-standards-for-federal-data-on-race-and-ethnicity/,"June 15, 2022",,False,
DOI Launched Indian Youth Service Corps,https://eelp.law.harvard.edu/tracker/doi-launched-indian-youth-service-corps/,"June 10, 2022",,False,
Army Corps Sought Comment on Effort to Modernize Civil Works Program,https://eelp.law.harvard.edu/tracker/army-corps-sought-comment-on-effort-to-modernize-civil-works-program/,"June 3, 2022",https://www.federalregister.gov/documents/2022/06/03/2022-11881/notice-of-virtual-public-and-tribal-meetings-regarding-the-modernization-of-army-civil-works-policy,True,
"EPA Issued Draft National Program Guidance for FY 2023-2024, Including Model Documents with EJ Requirements",https://eelp.law.harvard.edu/tracker/epa-issued-draft-national-program-guidance-for-fy-2023-2024-including-model-documents-with-ej-requirements/,"June 1, 2022",,False,
EPA Released Guide on Legal Tools to Advance Environmental Justice,https://eelp.law.harvard.edu/tracker/epa-released-guide-on-legal-tools-to-advance-environmental-justice/,"May 26, 2022",,False,
CEQ Released Report with EJ Recommendations for Congress,https://eelp.law.harvard.edu/tracker/ceq-released-report-with-ej-recommendations-for-congress/,"May 23, 2022",,False,
GAO Recommended Enhanced Climate Adaptation Assistance for Alaska Native Villages,https://eelp.law.harvard.edu/tracker/gao-recommended-enhanced-climate-adaptation-assistance-for-alaska-native-villages/,"May 18, 2022",,False,
DOJ Issued Interim Final Rule to Allow Supplemental Environmental Projects (SEPs),https://eelp.law.harvard.edu/tracker/doj-issued-interim-final-rule-to-allow-supplemental-environmental-projects-seps/,"May 10, 2022",https://www.federalregister.gov/documents/2022/05/10/2022-10036/guidelines-and-limitations-for-settlement-agreements-involving-payments-to-non-governmental-third,True,
The National Highway Traffic Safety Administration Issued a Final Rule on Fuel Economy Standards,https://eelp.law.harvard.edu/tracker/the-national-highway-traffic-safety-administration-issued-a-final-rule-on-fuel-economy-standards/,"May 2, 2022",https://www.federalregister.gov/documents/2022/05/02/2022-07200/corporate-average-fuel-economy-standards-for-model-years-2024-2026-passenger-cars-and-light-trucks,True,
EPA’s Science Advisory Board Established Cumulative Impacts Assessment Framework,https://eelp.law.harvard.edu/tracker/epas-science-advisory-board-established-cumulative-impacts-assessment-framework/,"April 25, 2022",,False,
CEQ Finalized Phase 1 Revisions to Rules Implementing NEPA,https://eelp.law.harvard.edu/tracker/ceq-finalized-phase-1-revisions-to-rules-implementing-nepa/,"April 20, 2022",,False,
FEMA Requested Public Comment on Disaster Survivor Data Collection,https://eelp.law.harvard.edu/tracker/fema-requested-public-comment-on-disaster-survivor-data-collection/,"April 13, 2022",https://www.federalregister.gov/documents/2022/04/13/2022-07890/agency-information-collection-activities-proposed-collection-comment-request-post-disaster-survivor,True,
White House Released Bipartisan Infrastructure Law Rural Playbook,https://eelp.law.harvard.edu/tracker/white-house-released-bipartisan-infrastructure-law-rural-playbook/,"April 11, 2022",,False,
OSHA Launched a National Emphasis Program for Heat,https://eelp.law.harvard.edu/tracker/osha-launched-a-national-emphasis-program-for-heat/,"April 8, 2022",,False,
"DOI Sought Comments on Federal Hardrock Mining Regulations, Laws, and Permitting Processes",https://eelp.law.harvard.edu/tracker/doi-sought-comments-on-federal-hardrock-mining-regulations-laws-and-permitting-processes/,"March 31, 2022",https://www.federalregister.gov/documents/2022/03/31/2022-06750/request-for-information-to-inform-interagency-working-group-on-mining-regulations-laws-and,True,DOI-2022-0003-0001
EPA Failed to Complete Overdue Residual Risk and Technology Reviews,https://eelp.law.harvard.edu/tracker/epa-failed-to-complete-overdue-residual-risk-and-technology-reviews/,"March 30, 2022",,False,
FERC Issued Strategic Plan for Fiscal Years 2022-26,https://eelp.law.harvard.edu/tracker/ferc-issued-strategic-plan-for-fiscal-years-2022-26/,"March 29, 2022",,False,
EPA Released Strategic Plan for Fiscal Years 2022-2026,https://eelp.law.harvard.edu/tracker/epa-released-strategic-plan-for-fiscal-years-2022-2026/,"March 28, 2022",,False,
DOT Released its 2022-26 Strategic Plan,https://eelp.law.harvard.edu/tracker/dot-released-its-2022-26-strategic-plan/,"March 28, 2022",,False,
FERC Reverted Back to Earlier Natural Gas Infrastructure Development Review Policy,https://eelp.law.harvard.edu/tracker/ferc-reverted-back-to-earlier-natural-gas-infrastructure-development-review-policy/,"March 25, 2022",,False,
HUD Released Report on Lack of Flood Insurance for Many FHA Backed Loans,https://eelp.law.harvard.edu/tracker/hud-released-report-on-lack-of-flood-insurance-for-many-fha-backed-loans/,"March 22, 2022",,False,
EPA Replaced Trump Administration Memo for Fair and Efficient Resolution of Environmental Claims,https://eelp.law.harvard.edu/tracker/epa-replaced-trump-administration-memo-for-fair-and-efficient-resolution-of-environmental-claims/,"March 18, 2022",,False,
EPA’s Science Advisory Committee on Chemicals Reviewed EPA’s Approach for Assessing Chemical Risks to Fenceline Communities,https://eelp.law.harvard.edu/tracker/epas-science-advisory-committee-on-chemicals-reviewed-epas-approach-for-assessing-chemical-risks-to-fenceline-communities/,"March 17, 2022",,False,
HUD and DOE Announced the Better Climate Challenge,https://eelp.law.harvard.edu/tracker/hud-and-doe-announced-the-better-climate-challenge/,"February 28, 2022",,False,
FEMA Issued New Building Resilient Infrastructure and Communities (BRIC) Policy,https://eelp.law.harvard.edu/tracker/fema-issued-new-building-resilient-infrastructure-and-communities-bric-policy/,"February 25, 2022",https://www.federalregister.gov/documents/2022/02/25/2022-04041/hazard-mitigation-assistance-building-resilient-infrastructure-and-communities,True,
CEQ Issued Guidance on Carbon Capture and Underground Storage (CCUS),https://eelp.law.harvard.edu/tracker/ceq-issued-guidance-on-carbon-capture-and-underground-storage-ccus/,"February 22, 2022",https://www.federalregister.gov/documents/2022/02/16/2022-03205/carbon-capture-utilization-and-sequestration-guidance,True,CEQ-2022-0001-0001
"DOI Created Diversity, Equity, Inclusion, and Accessibility Council",https://eelp.law.harvard.edu/tracker/doi-created-diversity-equity-inclusion-and-accessibility-council/,"February 17, 2022",,False,
DOI Established Secretary’s Tribal Advisory Committee,https://eelp.law.harvard.edu/tracker/doi-established-secretarys-tribal-advisory-committee/,"February 14, 2022",,False,
Biden Administration Restarted Cancer Moonshot Initiative to Reduce the Cancer Death Rate,https://eelp.law.harvard.edu/tracker/the-biden-harris-administration-restarted-cancer-moonshot-initiative-to-reduce-the-cancer-death-rate/,"February 2, 2022",,False,
USDA Announced Inaugural Federal Advisory Committee on Urban Agriculture,https://eelp.law.harvard.edu/tracker/usda-announced-inaugural-federal-advisory-committee-on-urban-agriculture/,"February 1, 2022",,False,
EPA Announced Measures to Better Protect Residents in “Cancer Alley”,https://eelp.law.harvard.edu/tracker/epa-announced-measures-to-better-protect-residents-in-cancer-alley/,"January 26, 2022",,False,
EPA Entered an Agreement with the World Health Organization to Cooperate in Promoting Environmental Management,https://eelp.law.harvard.edu/tracker/epa-entered-an-agreement-with-the-world-health-organization-to-cooperate-in-promoting-environmental-management/,"January 18, 2022",,False,
DOE Announced Clean Energy Corps,https://eelp.law.harvard.edu/tracker/doe-announced-clean-energy-corps/,"January 13, 2022",,False,
EPA Proposed Rule to Reduce Air Pollution by Primary Copper Smelting Facilities,https://eelp.law.harvard.edu/tracker/epa-proposed-rule-to-reduce-air-pollution-by-primary-copper-smelting-facilities/,"January 11, 2022",https://www.federalregister.gov/documents/2022/01/11/2021-28273/national-emission-standards-for-hazardous-air-pollutants-primary-copper-smelting-residual-risk-and,True,EPA-HQ-OAR-2020-0430-0001
EPA Released New Guidance on Affirmative Title VI Compliance Reviews,https://eelp.law.harvard.edu/tracker/epa-released-new-guidance-on-affirmative-title-vi-compliance-reviews/,"January 6, 2022",,False,
DOE Published Report of Responses to RFI on Inclusive Climate Innovation,https://eelp.law.harvard.edu/tracker/doe-published-report-of-responses-to-rfi-on-inclusive-climate-innovation/,"January 1, 2022",,False,
EPA Extended TRI Reporting Requirements to Specific Facilities,https://eelp.law.harvard.edu/tracker/epa-extended-tri-reporting-requirements-to-specific-facilities/,"December 28, 2021",https://www.federalregister.gov/documents/2021/12/28/2021-28067/epa-administrator-determination-extends-tri-reporting-requirements-to-certain-contract-sterilization,True,
EPA Finalized Fifth Unregulated Contaminant Monitoring Rule,https://eelp.law.harvard.edu/tracker/epa-finalized-fifth-unregulated-contaminant-monitoring-rule/,"December 27, 2021",https://www.federalregister.gov/documents/2021/12/27/2021-27858/revisions-to-the-unregulated-contaminant-monitoring-rule-ucmr-5-for-public-water-systems-and,True,
EPA Proposed to Withdraw Trump Administration Policy Allowing Oklahoma to Regulate Environmental Issues on Tribal Land,https://eelp.law.harvard.edu/tracker/epa-proposed-to-withdraw-trump-administration-policy-allowing-oklahoma-to-regulate-environmental-issues-on-tribal-landepa-published-enforcement-annual-results-for-fy-2020/,"December 23, 2021",,False,
DOI Recognized Mashpee Wampanoag Tribe Reservation,https://eelp.law.harvard.edu/tracker/doi-recognized-mashpee-wampanoag-tribe-reservation/,"December 22, 2021",,False,
GAO Recommended HUD Collect and Publish Demographic Data from CDBG-DR Aid Recipients,https://eelp.law.harvard.edu/tracker/gao-recommended-hud-collect-and-publish-demographic-data-from-cdbg-dr-aid-recipients/,"December 9, 2021",,False,
White House and 17 Agencies Signed MOU Committing to Increased Consultation and Collaboration with Tribes,https://eelp.law.harvard.edu/tracker/white-house-and-17-agencies-signed-mou-committing-to-increased-consultation-and-collaboration-with-tribes/,"December 6, 2021",,False,
DOT Requested Information on Implementation of Title VI,https://eelp.law.harvard.edu/tracker/dot-requested-information-on-implementation-of-title-vi/,"December 3, 2021",https://www.federalregister.gov/documents/2021/11/03/2021-23965/title-vi-implementation,True,FTA-2021-0014-0001/comment
FEMA Released 2022-2026 Strategic Plan Including Equity Goals,https://eelp.law.harvard.edu/tracker/fema-released-2022-2026-strategic-plan-including-equity-goals/,"December 1, 2021",,False,
EPA Added Natural Gas Processing Facilities to the Toxics Release Inventory,https://eelp.law.harvard.edu/tracker/epa-added-natural-gas-processing-facilities-to-the-toxics-release-inventory/,"November 24, 2021",https://www.federalregister.gov/documents/2021/11/24/2021-25646/addition-of-natural-gas-processing-facilities-to-the-toxics-release-inventory,True,EPA-HQ-TRI-2013-0281-0047
DOE Let National Coal Council Charter Lapse to Refocus the Council on Coal Workers and Communities,https://eelp.law.harvard.edu/tracker/doe-let-national-coal-council-charter-lapse-to-refocus-the-council-on-coal-workers-and-communities/,"November 20, 2021",,False,
EPA Finalized National Emission Standards for Hazardous Air Pollutants: Refractory Products Manufacturing Residual Risk and Technology Review,https://eelp.law.harvard.edu/tracker/epa-finalized-national-emission-standards-for-hazardous-air-pollutants-refractory-products-manufacturing-residual-risk-and-technology-review/,"November 19, 2021",https://www.federalregister.gov/documents/2021/11/19/2021-24100/national-emission-standards-for-hazardous-air-pollutants-refractory-products-manufacturing-residual,True,
HUD Published its Climate Action Plan,https://eelp.law.harvard.edu/tracker/hud-published-its-climate-action-plan/,"November 17, 2021",,False,
Secretaries Buttigieg and Haaland Signed a Memorandum of Understanding,https://eelp.law.harvard.edu/tracker/secretaries-buttigieg-and-haaland-signed-a-memorandum-of-understanding/,"November 17, 2021",,False,
DOI Launched Interagency Initiative to Protect Access to Sacred Sites,https://eelp.law.harvard.edu/tracker/doi-launched-interagency-initiative-to-protect-access-to-sacred-sites/,"November 16, 2021",,False,
USDA and DOI Released Joint Secretarial Order on Trust Responsibility to Indian Tribes,https://eelp.law.harvard.edu/tracker/usda-and-doi-released-joint-secretarial-order-on-trust-responsibility-to-indian-tribes/,"November 15, 2021",,False,
CEQ and OSTP Created Interagency Working Group on Indigenous and Traditional Ecological Knowledge (ITEK),https://eelp.law.harvard.edu/tracker/ceq-and-ostp-created-interagency-working-group-on-indigenous-and-traditional-ecological-knowledge-itek/,"November 15, 2021",,False,
The Federal Aviation Administration Released its Climate Action Plan,https://eelp.law.harvard.edu/tracker/the-federal-aviation-administration-released-its-climate-action-plan/,"November 9, 2021",,False,
Attorney General Garland Restored DOJ’s Office for Access to Justice,https://eelp.law.harvard.edu/tracker/attorney-general-garland-restored-dojs-office-for-access-to-justice/,"October 29, 2021",,False,
EPA Agreed to Publish Complete Lists of Each State’s Implementation Plan,https://eelp.law.harvard.edu/tracker/epa-agreed-to-publish-complete-lists-of-each-states-implementation-plan/,"October 22, 2021",https://www.federalregister.gov/documents/2021/10/22/2021-23042/proposed-consent-decree-clean-air-act-citizen-suit,True,
EPA Published PFAS Strategic Roadmap: EPA’s Commitments to Action 2021-2024,https://eelp.law.harvard.edu/tracker/epa-published-pfas-strategic-roadmap-epas-commitments-to-action-2021-2024/,"October 18, 2021",,False,
DOL Proposed Rule to Remove Barriers on Considering ESG Factors,https://eelp.law.harvard.edu/tracker/dol-proposed-rule-to-remove-barriers-on-considering-esg-factors/,"October 13, 2021",https://www.federalregister.gov/documents/2021/10/14/2021-22263/prudence-and-loyalty-in-selecting-plan-investments-and-exercising-shareholder-rights,True,EBSA-2021-0013-0001
HHS Requested Comments on Addressing EJ in Healthcare,https://eelp.law.harvard.edu/tracker/hhs-requested-comment-on-addressing-ej-in-healthcare/,"October 13, 2021",https://www.federalregister.gov/documents/2021/10/13/2021-22166/request-for-information-ahrqs-role-in-climate-change-and-environmental-justice,True,AHRQ-2022-0004-0885
President Biden Signed Executive Orders Restoring Boundaries of Bears Ears and Grand Staircase-Escalante Monuments,https://eelp.law.harvard.edu/tracker/president-biden-signed-executive-orders-restoring-boundaries-of-bears-ears-and-grand-staircase-escalante-monuments/,"October 8, 2021",,False,
President Biden Signed Executive Orders Restoring Boundaries of Bears Ears and Grand Staircase-Escalante Monuments,https://eelp.law.harvard.edu/tracker/president-biden-signed-executive-orders-restoring-boundaries-of-bears-ears-and-grand-staircase-escalante-monuments-2/,"October 8, 2021",,False,
HHS Released 2021 Climate Action Plan,https://eelp.law.harvard.edu/tracker/hhs-released-2021-climate-action-plan/,"October 7, 2021",,False,
EPA Revised the Children’s Health Policy and Plan,https://eelp.law.harvard.edu/tracker/epa-revised-the-childrens-health-policy-and-plan/,"October 5, 2021",,False,
"EPA Withdrew Trump Administration Memorandum Addressing Startup, Shutdown, and Malfunctions in State Implementation Plans",https://eelp.law.harvard.edu/tracker/epa-withdrew-trump-administration-memorandum-addressing-startup-shutdown-and-malfunctions-in-state-implementation-plans/,"September 30, 2021",,False,
EPA Launched Training Initiative to Reduce Lead Exposure,https://eelp.law.harvard.edu/tracker/epa-launched-training-initiative-to-reduce-lead-exposure/,"September 27, 2021",,False,
EPA’s Office of Inspector General Report Highlighted Tribal Drinking Water Needs,https://eelp.law.harvard.edu/tracker/epas-office-of-inspector-general-report-highlighted-tribal-drinking-water-needs/,"September 27, 2021",,False,
White House Announced New Initiatives to Protect Workers and Communities from Extreme Heat,https://eelp.law.harvard.edu/tracker/white-house-announced-new-initiatives-to-protect-workers-and-communities-from-extreme-heat/,"September 20, 2021",,False,
EPA OIG Found Agency Did Not Consistently Communicate Human Health Risks at Sites Being Addressed by OLEM,https://eelp.law.harvard.edu/tracker/epa-oig-found-agency-did-not-consistently-communicate-human-health-risks-at-sites-being-addressed-by-olem/,"September 15, 2021",,False,
FEMA Expanded Types of Documentation Survivors Can Use to Prove Homeownership and Occupancy,https://eelp.law.harvard.edu/tracker/fema-expanded-types-of-documentation-survivors-can-use-to-prove-homeownership-and-occupancy/,"September 9, 2021",,False,
EPA Report Highlighted Disproportionate Impacts of Climate Change on Underserved Communities,https://eelp.law.harvard.edu/tracker/epa-report-highlighted-disproportionate-impacts-of-climate-change-on-underserved-communities/,"September 2, 2021",,False,
"EPA, DOJ Updated Superfund Forms to Include EJ Considerations",https://eelp.law.harvard.edu/tracker/epa-doj-updated-superfund-forms-to-include-ej-considerations/,"August 31, 2021",,False,
EPA Issued Final Rule Announcing Intent to Ban Chlorpyrifos,https://eelp.law.harvard.edu/tracker/epa-issued-final-rule-announcing-intent-to-ban-chlorpyrifos/,"August 30, 2021",https://www.federalregister.gov/documents/2021/08/30/2021-18091/chlorpyrifos-tolerance-revocations,True,EPA-HQ-OPP-2008-0850-0020
FEMA Released National Risk Index,https://eelp.law.harvard.edu/tracker/fema-released-national-risk-index/,"August 17, 2021",,False,
USDA Issued Final Rule on Heirs’ Property Relending Program,https://eelp.law.harvard.edu/tracker/usda-issued-final-rule-on-heirs-property-relending-program/,"August 9, 2021",https://www.federalregister.gov/documents/2021/08/09/2021-16459/heirs-property-relending-program-hprp-improving-farm-loan-program-delivery-and-streamlining,True,
OMB Released Study on Methods to Assess Equity in Federal Programs,https://eelp.law.harvard.edu/tracker/omb-released-study-on-methods-to-assess-equity-in-federal-programs/,"August 6, 2021",,False,
EPA Announced 47 New Members of Science Advisory Board (SAB),https://eelp.law.harvard.edu/tracker/epa-announced-47-new-members-of-science-advisory-board/,"August 2, 2021",,False,
DOT Released its 2021 Climate Adaptation and Resilience Plan,https://eelp.law.harvard.edu/tracker/dot-released-its-2021-climate-adaptation-and-resilience-plan/,"August 1, 2021",,False,
DOI Transferred National Bison Range Lands to be Held in Trust for Tribes,https://eelp.law.harvard.edu/tracker/doi-transferred-national-bison-range-land-to-be-held-in-trust-for-tribes/,"June 23, 2021",,False,
EPA Announced It Will Annually Update and Release National Air Toxics Data and Risk Estimates,https://eelp.law.harvard.edu/tracker/epa-announced-it-will-annually-update-and-release-national-air-toxics-data-and-risk-estimates/,"June 23, 2021",,False,
EPA Enforcement Office Directed Offices to Strengthen Criminal Enforcement in Overburdened Communities,https://eelp.law.harvard.edu/tracker/epa-enforcement-office-directed-offices-to-strengthen-criminal-enforcement-in-overburdened-communities/,"June 21, 2021",,False,
DOI Transferred 80 Acres to Native Hawaiians in Ewa Beach,https://eelp.law.harvard.edu/tracker/doi-transferred-80-acres-to-native-hawaiians-in-ewa-beach/,"June 15, 2021",,False,
EPA Revised Permit Appeals Process for Environmental Appeals Board,https://eelp.law.harvard.edu/tracker/epa-revised-permit-appeals-process-for-environmental-appeals-board/,"June 11, 2021",https://www.federalregister.gov/documents/2021/06/11/2021-12291/revisions-to-the-permit-appeals-process-to-restore-the-organization-and-function-of-the,True,
HUD Issued IFR Reinstating 2015 Affirmatively Furthering Fair Housing Rule,https://eelp.law.harvard.edu/tracker/hud-issued-ifr-reinstating-2015-affirmatively-furthering-fair-housing-affh-rule/,"June 10, 2021",https://www.federalregister.gov/documents/2021/06/10/2021-12114/restoring-affirmatively-furthering-fair-housing-definitions-and-certifications,True,
DHS Released 2021-2025 EJ Strategy,https://eelp.law.harvard.edu/tracker/dhs-released-2021-2025-ej-strategy/,"June 9, 2021",,False,
DOJ and EPA Announced Interagency Environmental Crime Victim Assistance Program,https://eelp.law.harvard.edu/tracker/doj-and-epa-announced-interagency-environmental-crime-victim-assistance-program/,"June 9, 2021",,False,
EPA Enforcement Office Adopted Four Strategies to Improve EJ Enforcement,https://eelp.law.harvard.edu/tracker/epa-enforcement-office-adopted-four-strategies-to-improve-ej-enforcement/,"April 30, 2021",,False,
Interior Removed Barriers to Tribes’ Land-Into-Trust Applications,https://eelp.law.harvard.edu/tracker/secretary-haaland-removed-barriers-to-tribes-land-into-trust-applications/,"April 27, 2021",,False,
FEMA Requested Comment on Equity Concerns in Disaster Response,https://eelp.law.harvard.edu/tracker/fema-requested-comment-on-address-equity-concerns-in-disaster-response/,"April 22, 2021",https://www.federalregister.gov/documents/2021/04/22/2021-08444/request-for-information-on-fema-programs-regulations-and-policies,True,FEMA-2021-0011-0001
Working Group Published Initial Report on Empowering Workers Through Revitalizing Energy Communities,https://eelp.law.harvard.edu/tracker/working-group-published-initial-report-on-empowering-workers-through-revitalizing-energy-communities/,"April 21, 2021",,False,
Biden Administration Resumes White House Council on Native American Affairs,https://eelp.law.harvard.edu/tracker/biden-administration-resumes-white-house-council-on-native-american-affairs/,"April 15, 2021",,False,
Administrator Regan Directs EPA Leadership to Strengthen Enforcement in Overburdened Communities,https://eelp.law.harvard.edu/tracker/administrator-regan-directs-epa-leadership-to-strengthen-enforcement-in-overburdened-communities/,"April 7, 2021",,False,
ENRD-EPA Victim Assistance Team Developed New Victims’ Rights Materials,https://eelp.law.harvard.edu/tracker/enrd-epa-victim-assistance-team-developed-new-victims-rights-materials/,"April 1, 2021",,False,
ENRD Deputy Assistant AG Withdrew Trump-era Documents Defining Enforcement Priorities,https://eelp.law.harvard.edu/tracker/enrd-deputy-assistant-ag-withdrew-trump-era-documents-defining-enforcement-priorities/,"February 4, 2021",,False,
