commentId,docketId,pdf_text
ETA-2022-0005-0012,ETA-2022-0005,"November 14, 2022 
 
 
The Honorable Martin J. Walsh 
U.S. Department of Labor 
200 Constitution Avenue N.W. 
Washington, D.C. 20210 
 
RE: (RIN 1205-AC01) Workforce Innovation and Opportunity Act Title I Non-Core Programs Effectiveness in 
Serving Employers Performance Indicator 
 
Dear Secretary Walsh, 
 
On behalf of Goodwill Industries International (GII), and our network of local Goodwill® organizations, thank you 
for the opportunity to respond to this Notice of Proposed Rulemaking (NPRM) on the Workforce Innovation and 
Opportunity Act (WIOA) non-core programs performance indicator of effectiveness in serving employers. 
Goodwill works to enhance the dignity and quality of life of individuals and families by strengthening 
communities, eliminating barriers to employment, and helping people in need reach their full potential through 
learning and the power of work. 
At a time when millions of available jobs are going unfilled, Goodwill is helping to build employment pipelines of 
qualified workers that are equipped with the in-demand skills that employers need. Local Goodwill organizations 
provide career navigation, skills training, job placement, and other community-based services, such as English-
language training, financial education, industry-recognized credentials, résumé preparation, and access to 
reliable transportation and childcare. In 2021, Goodwill provided services to nearly 2 million people and helped 
more than 123,000 individuals secure new jobs and career advancement opportunities. In fact, one out of every 
624 U.S. hires last year was placed by Goodwill.   
Local Goodwill organizations also serve a vital role in the workforce system as operators of one-stop job centers 
and contributing partners in their workforce areas as providers of career services, job training, and holistic 
supports. More than 13,000 individuals were referred to Goodwill services through the workforce system last 
year. Public investments in WIOA programs and other federal resources help local Goodwills deliver high-quality 
employment and training to job seekers and career advancers in communities across the country.  
Goodwill also seeks to advance policy solutions that will strengthen the workforce system and improve 
employment outcomes for those facing barriers to opportunity, including people involved in the justice system, 
opportunity youth, older workers, people with disabilities, and veterans and military families. These comments 
are assimilated from the best lessons from the field, effective strategies, and insights of Goodwill team members 
and the people they serve. 
Serving People Impacted by the Justice System 
The U.S. Department of Justice estimates that more than 650,000 people are released from prison every year. 
The overwhelming majority of incarcerated people will return to their communities at some point, and many will 
confront significant challenges when reentering society. Goodwill leads the way in creating employment 

opportunities for justice-involved people. In 2021, local Goodwill organizations served more than 46,000 
individuals with a criminal background, including those reintegrating back into society. Since 2016, GII has 
engaged with 22 local Goodwill organizations to utilize $22 million in federal funding through six reentry grants 
that will serve more than 2,300 justice-involved individuals. Goodwill's evidence-based reentry services offer 
participants opportunities to engage in learning, skills development, work experience, and holistic reintegration 
services. 
The Department proposes through this NPRM to define the WIOA core indicator of performance for 
effectiveness in serving employers as “the percentage of participants with wage records who exited a program 
and were employed by the same employer in the second and fourth quarters after exit.” As specified by WIOA, 
the proposed measure would directly apply to four “non-core” programs authorized by WIOA title I. As noted in 
the NPRM, other WIOA non-core programs, including the Reentry Employment Opportunities (REO) grant 
program, are required under the guidance issued by the Department in Training and Employment Guidance 
Letter (TEGL) 14-18 to report on effectiveness in serving employers as a measure of retention with the same 
employer. Though the REO grant program is not directly addressed in this rulemaking, the NPRM indicates that 
the proposed definition of effectiveness in serving employers performance indicator would be applied to certain 
other non-core programs specified in TEGL 14-18, which includes REO.  
Given the guidance set forth in TEGL 14-18 and the Department’s stated intentions to apply the proposed 
definition to the REO program, it is incumbent upon the Department to provide grantees with clear guidance on 
the implications of the proposed definition on REO program performance accountability policies and practices 
going forward. Moreover, we believe that grantees and other stakeholders should be provided with further 
opportunities to address concerns, offer feedback, present questions, and share the insights of community-
based reentry service providers.  
The Department asserts in the NPRM that the approach of measuring effectiveness in serving employers 
through retention with the same employer was determined, following a state pilot program that examined three 
possible measures, to be the least burdensome of the options considered, and one that offers an established 
method of collecting the employment information of participants through the use of wage records. However, 
TEGL 14-18 advises REO grant recipients to collect and report “supplemental wage information,” such as 
paystubs or other forms of employment documentation, where wage records for participants are unavailable. In 
practice, this requires a significant commitment of time and effort by Goodwill reentry program staff to do 
follow up with participants in order to collect the information needed to establish employment outcomes.  
In addition, Goodwill reentry programs are reluctant to use employers as a source for supplemental wage 
information out of concerns that disclosure of a criminal background could jeopardize the participant’s 
employment prospects. While Goodwill has developed strong partnerships with fair-chance employers to 
facilitate job placements for justice-involved individuals, program participants are encouraged to take ownership 
over their career and life decisions and to pursue employment opportunities that are best suited to their skills, 
abilities, and goals. The Department should work with REO grant recipients and other workforce system 
stakeholders to ensure that reentry programs are able to access wage record data to more efficiently facilitate 
the collection and reporting of the employment outcomes of participants.  
We agree with the Department’s goal of promoting systems alignment through consistency and common 
language in performance across federal workforce programs. However, we believe that performance 
accountability for non-core employment and training programs should reflect the unique needs and 
circumstances of the distinct populations of job seekers and career advancers served by those programs. The 
Department also acknowledges in the NPRM that retention with the same employer as a measure of 
performance could result in unintended consequences, specifically noting that this approach would be at odds 
with those participants who might choose to leave their employer to pursue a position with better 

compensation. Justice-involved individuals who are reentering the workforce after a period of incarceration 
often need to build work experience in order to advance into career opportunities that can offer them family-
sustaining wages and benefits. While gaining job experience is an important first step toward a rewarding career 
for justice-involved workers, it is not in their best interests to continue with the same employer at the expense 
of achieving greater financial stability and opportunities for advancement. Effective reentry programs empower 
justice-involved individuals to overcome their barriers to employment so they can support themselves and their 
families and contribute to their communities. This should be recognized as a successful outcome for the 
workforce system.   
The Department should consider other outcomes for measuring effectiveness in serving employers that 
demonstrate a direct benefit to employers that are willing to hire justice-involved individuals, such as 
participation in the federal bonding program or by identifying those employers who take advantage of the Work 
Opportunity Tax Credit. We urge the Department to engage with the community of REO grantees to consider 
meaningful measures of program performance that will ensure that justice-involved Individuals have a fair 
chance for employment and a second chance for success. 
Recommendations: 
• 
Provide REO grantees with clear guidance on the implications of the proposed definition for 
program performance accountability policies and practices.  
• 
Make certain that grantees and other stakeholders have the opportunity to address concerns and 
offer feedback on the proposed definition and related rulemaking. 
• 
Ensure that grantees are able to access wage record data for the collection and reporting of the 
employment outcomes of participants. 
• 
Consider outcomes for effectiveness in serving employers that demonstrate a benefit to fair-chance 
employers, such as the federal bonding program or Work Opportunity Tax Credit. 
• 
Identify meaningful measures of program performance that will help ensure that justice-involved 
Individuals have a fair chance for employment and a second chance for success. 
Providing Employment Opportunities for Older Workers 
Local Goodwill organizations are dedicated to providing holistic employment and supportive services to older 
workers. The COVID-19 pandemic placed enormous hardships on older Americans who faced barriers to safely 
accessing training, community service, and job opportunities. Despite these challenges, older workers continue 
to serve a vital role in our workforce, and bring with them the knowledge, dedication, judgement, and insights 
gained through years of work and life experiences. 
Goodwill provided services to over 182,000 individuals aged 55 and older in 2021. Since October 2006, GII has 
been a national grantee for Senior Community Service Employment Program (SCSEP), which is funded by the 
U.S. Department of Labor Employment and Training Administration. Participants must be unemployed, 55 years 
of age or older, have incomes no more than 125 percent of the federal poverty level and have a training need. 
Goodwill helps these older adults connect to employment and service opportunities, and to critical training (e.g., 
digital literacy) needed to meet the needs of today’s labor market. Local Goodwill organizations also offer older 
workers supportive services and job placement assistance. SCSEP is a key component in our nation’s workforce 
development system that is helping to address the employment challenges of older Americans, as well as the 
workforce needs of employers.  
In 2018, the Department issued a Final Rule adopting the Interim Final Rule (IFR) that revised performance 
accountability regulations for SCSEP that reflect changes in the Older Americans Act Reauthorization Act of 
2016. Although SCSEP includes performance indicators that are similar to the WIOA measure of effectiveness in 

serving employers, SCSEP differs in that it also measures the effectiveness in serving participants and host 
agencies as well. The IFR added a definition for the indicators of effectiveness in serving employers, host 
agencies, and participants as “the combined results of customer assessments of the services received by each of 
these three customer groups. 
The Final Rule states that the Department will continue surveying employers, host agencies, and participants for 
the purposes of assessing the effectiveness of services as “an interim measure at least until the WIOA pilot is 
complete and a WIOA measure is defined in final form.” However, it also correctly notes that the pilot approach 
to measuring effectiveness of serving employers is not applicable to SCSEP's other two customer groups. 
The IFR further states that the Department may revise the SCSEP definition once the definition of the 
corresponding WIOA performance measure is finalized. While SCSEP is not authorized by WIOA and not directly 
subject to this rulemaking, it was among the DOL-administered workforce programs included in TEGL 14-18 on 
aligning performance accountability reporting, definitions, and policies. The Department should make clear its 
intentions, if any, to engage in further rulemaking to change the definition of the performance indicator of 
effectiveness in serving employers as it applies to SCSEP. It is imperative that SCSEP grantees and stakeholders 
be afforded the opportunity to provide feedback and share concerns about any proposed changes in 
performance accountability policies and practices.   
In addition to the limitations on the collection and reporting of employment-based outcomes data experienced 
by Goodwill reentry programs, assessing employer satisfaction as a measure of retention with the same 
employer for SCSEP would also fail to account for the unique needs and employment patterns of the population 
served by the program. Health concerns, caregiving obligations, preferences for part-time or temporary 
employment, or other life circumstances experienced by older workers may result in their employment status 
being more fluid than those of prime-age workers. Successful SCSEP programs empower participants to achieve 
a livable wage in a fulfilling job that is suited to their talents, abilities, and expectations.  
Through skills training, work experience, and access to supportive services, Goodwill SCSEP serves as a bridge for 
program participants to enter or reenter the workforce. Goodwill SCSEP has developed strong relationships with 
employer partners, including host agencies, to facilitate job placements for participants—often in rural 
communities where older workers may experience limited job prospects.  
Goodwill SCSEP employer partners are able to access an underutilized segment of the workforce to fill a wide 
range of positions with the knowledge that SCSEP participants have the foundational skills and on-the-job 
experience they need for success. Goodwill SCSEP utilizes surveys to report on employer satisfaction with the 
program, and the qualitative elements of these surveys provide an additional depth of insight that helps to 
inform program design and delivery. We urge the Department to retain the current definition and practices for 
measuring effectiveness of SCSEP programs in serving employers. 
Recommendations: 
• 
Clarify intentions to engage in rulemaking that would seek to change the definition of the 
performance indicator of effectiveness in serving employers as it applies to SCSEP. 
• 
Ensure SCSEP grantees and stakeholders can provide feedback and share concerns about any 
proposed changes in performance accountability.   
• 
Retain the current definition and practices for assessing effectiveness of SCSEP programs in serving 
employers. 
Goodwill is working to strengthen America’s workforce by helping people with barriers to employment, 
including older workers and people involved in the justice system, obtain the skills, competencies, and 
credentials needed to pursue high-quality careers in in-demand fields. Thank you for your thoughtful 

consideration of these recommendations, and we hope you will continue to engage Goodwill as a resource in 
this important work. Please contact GII’s Government Relations Senior Specialist Mitch Coppes at (240) 333-
5394 or mitch.coppes@goodwill.org with any questions you may have.  
 
Sincerely, 
 
Laura Walling, Esq. 
Vice President of Government Affairs"
ETA-2022-0005-0014,ETA-2022-0005,"Our Mission: “To continually improve a Workforce Development System that produces a workforce with the required skills  
to attract, retain and expand business and enhance our regional economy.” 
 
Michigan Works! West Central is an equal opportunity employer/program. 
Auxiliary aids and services are available upon request to individuals with disabilities.  
Michigan Relay Service: 711 
Supported by the State of Michigan 
Page 1 of 10 
JODY HARTLEY 
Chair, Local Elected Officials 
DEBORAH SMITH-OLSON 
Chair, Workforce Development Board 
SHELLY KEENE 
Executive Director 
Page/Column/Paragraph 
Citation 
NPRM Text 
Comment 
Pp 56320, 3rd column, 
2nd paragraph 
… the Departments will consider comments 
regarding the definition of the effectiveness in 
serving employers performance indicator and 
the indicator’s use in determining if sanctions 
are necessary for failure to achieve adjusted 
levels of performance as set forth herein. 
The definition proposed is not a measure of 
the workforce system’s effectiveness in 
serving employers but is a measure of 
retention of job seekers.   
 
The proposed measure, as defined, appears 
to be another way of directly evaluating 
participant outcomes and, at best, an 
indirect reflection of the effectiveness of 
services provided generally to employers. 
Whereas participant measures like 
Employment Rate 2nd and 4th Quarter after 
Exit can be analyzed at the participant level 
and outcomes correlated with services 
received, the proposed measure for 
Effectiveness in Serving Employers has no 
such mechanism for linking the retention of 
a particular employee with any employer 
service. In fact, no employer services need 
to be documented to calculate this proposed 
measure. The proposed calculation begins 
with a former participant being employed in 
the 2nd quarter after exit – well after any 
employer service may have been rendered.  
No employer services data is included in the 
measure.  
1. There is a possibility that the 
performance outcome for this indicator 
might not be the result of an employer 
receiving a service from the workforce 

Page 2 of 10 
 
Page/Column/Paragraph 
Citation 
NPRM Text 
Comment 
development system. 
This should disqualify this measure for 
consideration outright. How can 
effectiveness of services be evaluated 
by a measure whose calculation 
methodology does not even assure 
that the service being evaluated was 
delivered? 
2. There is no link between post-exit 
wage records of former participants 
and any Employer Services 
rendered.  So, performance above or 
below negotiated levels and which 
employer service(s), if any, impacted 
the retention cannot be correlated.  
Therefore, strategic action to 
improve performance on this 
measure cannot occur.  
3. Workforce systems provide services 
to employers that are not attached to 
a WIOA-funded job seeker.   
 
The only employers that will be captured are 
those that a WIOA-funded job seeker 
“participant” exits to employment.    For 
many businesses, there is no WIOA-funded 
participant as employers who hire directly 
from a job fair or employers public posted 
job orders. The employer’s pool of 
applicants is composed of all who apply, 
including the public.  The public has access 
to job fairs based on the needs of the 
business.  Certainly, if a job seeker needs 
more staff-assisted services, the job seeker 
would be registered as a participant, but a 

Page 3 of 10 
 
Page/Column/Paragraph 
Citation 
NPRM Text 
Comment 
substantial number of individuals only need 
the connection to employers that are ready 
to hire.  Additionally, the workforce program 
may not receive hiring outcomes, thereby 
will be unable to report that information for 
Wagner Peyser participants.   
 
In our opinion, there is need for a method to 
capture extraneous circumstances of job 
retention.  Where, may not be retained after 
exiting the program, but due to reasons 
outside of the employee’s performance or 
control, e.g., company downsizing, bankrupt, 
etc. If this data can be captured, then the 
data will be more reliable and of better use 
for analysis. 
 
Pp 56321, 2nd column, 
1st paragraph 
During the pilot, the Departments determined 
that the effectiveness in serving employers 
performance indicator should be a shared 
outcome across all six core programs within 
each State (i.e., meaning that one program 
would report on behalf of all six core programs 
in the State), rather than reported separately 
by each of the six core programs. 
We support a shared outcome across all six 
core programs.  States should be prohibited 
from setting individual local operator targets 
for this indicator and from using the 
performance on this 6th measure to assess 
local program operator success or failure, 
along with applicability of sanctions on local 
operators. 

Page 4 of 10 
 
Pp 56322, 1st & 2nd 
column, 2nd paragraph 
The Departments assessed the pilot through a 
Department of Labor contract that resulted in a 
final report titled Measuring the Effectiveness 
of Services to Employers: Options for 
Performance Measures under the Workforce 
Innovation and Opportunity Act.12 Specifically, 
the study assessed each approach to defining 
the effectiveness in serving employers 
performance indicator for validity, reliability, 
practicality, and unintended consequences.13 
Though the study did not definitively 
recommend one approach, in assessing the 
study’s findings for each of the three 
approaches of the effectiveness in serving 
employers performance indicator, the 
Departments concluded that the Retention with 
the Same Employer approach placed the least 
amount of burden on States to implement, 
while also providing a valid and reliable 
approach to measuring the indicator. 
We agree with the assessment of the three 
methods covered in the NPRM; however, it 
is critical that we acknowledge the proposed 
indicator definition is not a measure of 
effectiveness in serving employers but is a 
retention metric for WIOA-funded job seeker 
participants (those that have been 
registered).  We support DOL’s selection 
from the three options presented because it 
puts the least amount of burden on the local 
workforce systems and programs with the 
use of wage data records.  However, wage 
records are not readily available for federal, 
military and self-employment. So, 
performance measurement will not be 
completely valid. Unavailability of wage 
records could have a greater negative 
impact on the performance of States with 
higher proportions of participants seeking 
and obtaining those types of employment.  
How will the statistical adjustment model 
level set for this condition? 
Pp 56322-23, 3rd 
column, 1st full 
paragraph 
Demonstration of Effectiveness: Retention with 
the Same Employer demonstrates a continued 
relationship between the employer and 
participants who have exited WIOA programs. 
While many circumstances affect an 
employer’s retention of employees, an 
indication that an employee maintains 
employment with the same employer in both 
the second and fourth quarters after exiting 
from a WIOA program demonstrates a level of 
success for WIOA customers (i.e., successfully 
preparing participants to fill jobs that meet 
employers’ needs). Retention of an employee 
reduces the costs to the employer associated 
The proposed definition for measuring 
demonstration of effectiveness is not a 
measure of effectively serving employers.  It 
is a measure of retention of a WIOA-funded 
participant.  Some jobs are not intended to 
be permanent year-round opportunities 
including occupations in agriculture, 
hospitality, construction, and services (such 
as landscaping or lawn maintenance).  
However, these occupations are great for 
entry into employment or for building a work 
portfolio to show dependability, motivation, 
etc.     
 

Page 5 of 10 
 
with employee turnover and retraining. The 
other two approaches are based only on 
employer data and fail to capture any level of 
job match effectiveness. 
We agree that the indicator does provide a 
reliable approach to capturing information, 
but the approach is not valid for measuring 
the effectiveness in serving employers.  
There are too many variables that are 
outside of the state and program operators’ 
control including job seekers seeking a 
better job because of pay, working 
conditions, benefits, etc., and the factor of 
seasonal workers that may not be employed 
with any employer in the 4th quarter after 
exit.   
Pp 56323, 1st Column, 
3rd paragraph 
The Departments acknowledge that the 
limitations for Retention with the Same 
Employer could include the unintended 
consequence that this approach may be at 
odds with an employee seeking a higher 
paying job or employment benefits, and the 
possibility that the performance outcome for 
this indicator might not be the result of an 
employer receiving a service from the 
workforce development system. The 
Departments seek public comment on 
additional ways to mitigate potential 
unintended consequences and downsides.   
 
Performance on this indicator, like the other 
performance indicators, would be affected by 
fluctuating economic conditions. The 
Departments will use the statistical adjustment 
model, as WIOA requires, to assess 
performance affected by fluctuating economic 
conditions and participant characteristics. 
The statistical adjustment model has to 
adjust for the fluctuations in employment 
rates caused by the seasonal workforce and 
for migrant and seasonal farm workers; 
otherwise, the system is penalized for 
working with the intended populations that 
are transient.  The construction, hospitality, 
agriculture, and service (landscaper, lawn 
maintenance) industries have significant 
seasonal layoffs that may not be re-engaged 
in the 4th quarter after exit when the metric is 
measured or may be employed but, with the 
same employer as the 2nd quarter after exit.    
 
This measure should also include job 
seekers that are employed at any business 
in the 4th quarter after exit with a comparison 
to their state in the 2nd quarter after exit.  
Any positive change between the two 
quarters should consider these factors as a 
success for the measure.  If these variables 
are not taken into consideration, then 
program operators are penalized due to 
human behavior.     

Page 6 of 10 
 
• 
Did wages increase, if yes – this 
should be considered as a positive. 
• 
Did benefits improve, if yes – this 
should be considered as a positive.  
• 
Did working conditions improve, If 
yes – this should be considered as a 
positive.  
Pp 56323, 2nd column, 
1st paragraph 
Of the three piloted approaches, Retention with 
the Same Employer is the least burdensome 
for both States and employers, as noted in the 
Joint WIOA Final Rule regulatory impact 
analysis (RIA) (81 FR at 55968). Retention with 
the Same Employer uses wage records to 
calculate the measure. Wage records are the 
least burdensome records to use because 
States already have these records for other 
WIOA-required reporting, and they are the 
most standardized and statistically valid 
records available. Because the records are the 
most standardized records available, States 
would be able to coordinate data aggregation 
for the six core programs more easily for 
Retention with the Same Employer than they 
would for either Repeat Business Customer or 
Employer Penetration. 
We support an approach that creates the 
least burden on the system BUT this is not 
an indicator to measure Serving Employer 
effectively.  There are many employer 
services provided that do not have a direct 
connection to a program-funded job seeker 
such as when the local program aids an 
employer writing a job description for a job 
order that is placed on the state labor 
exchange site.  That employer then hires 
based on the most qualified, and in this 
example, it would be someone that is not a 
program-funded job seeker.   Therefore, 
there is no credit for the support provided to 
the employer to prepare the job order.  
Limiting the pool to program-funded job 
seekers does not employ a demand driven 
principle for employers.  This has a 
significant impact on capturing employer 
services provided through Title III Wagner 
Peyser and other WIOA funded programs.   
Pp 56324, 2nd column, 
3rd paragraph  
 
 
 
 
 
 
The Departments propose revising § 677.190 
to include the effectiveness in serving 
employers performance indicator in the criteria 
for determining if a State has failed to meet 
adjusted levels of performance as part of the 
overall State indicator score. The proposed 
revision would establish conforming language 
regarding the assessment of effectiveness in 
We support the Departments clarification 
that effectiveness in serving employers is to 
be assessed as an overall State indicator 
score and is excluded from the overall Sate 
program score and the individual indicator 
score. States should be prohibited from 
setting local workforce area targets as it 
relates to this measure.  The establishment 

Page 7 of 10 
 
 
 
 
Pp 56324, 3rd column, 
2nd paragraph 
serving employers as a statewide performance 
indicator, as expressed in the Joint WIOA Final 
Rule, and the definition for effectiveness in 
serving employers proposed in § 677.155(a)(vi) 
and (c)(6). 
 
The proposed regulatory text for § 677.190 
clarifies that effectiveness in serving employers 
is to be assessed as an overall State indicator 
score and is excluded from the overall State 
program score and the individual indicator 
score. Effectiveness in serving employers is a 
statewide indicator shared across all core 
programs and is assessed only as an overall 
State indicator score, and, therefore, it cannot 
be attributed to any one program by itself 
(consequently, one program is reporting on 
behalf of all six core programs in the State).  
This is consistent with the holistic nature of the 
indicator. Furthermore, establishing the 
effectiveness in serving employers 
performance assessment as just one statewide 
indicator ensures that the effectiveness in 
serving employers indicator does not have the 
potential to be an outsized influence on the 
determination of a State’s performance 
success or failure, which could lead to the 
possible application of sanctions. Because the 
indicator is a shared score, there is only one 
score generated for this indicator. Therefore, if 
the effectiveness in serving employers 
indicator were assessed as part of each of the 
six overall State program scores, this same 
score would repeat for each program in 
assessing the overall State program score, 
despite not being attributable to each program 
of local workforce area targets and then the 
State’s determination of the local 
performance success or failure could lead to 
the possible application of sanctions on a 
local area including jeopardy of subsequent 
designation as a workforce area deemed by 
poor performance of this measure.      
 
 

Page 8 of 10 
 
as noted above, thereby giving the indicator 
the potential to be an outsized influence in 
assessing State performance. 
Pp 56325, 1st column, 
carryover paragraph 
from page 56324 
Although the Departments propose a definition 
for the effectiveness in serving employers 
performance indicator, consistent with how the 
Departments have implemented the provisions 
for the other five performance indicators, the 
indicator would not be included in sanctions 
determinations until the Departments collect a 
minimum of 2 years of performance data, 
develop a statistical adjustment model that 
yields reliable estimates for the indicator, and 
negotiate performance levels for the indicator. 
Collecting a minimum of 2 years of 
performance data may be inadequate before 
negotiation and sanctions are applied to 
states in determining success or failure of 
performance.  Again, states should be 
prohibited from setting local targets and 
assessing the success or failure of local 
operators for this measure.  While state 
performance is the aggregate of local and 
state program operators, the unintended 
consequences of performance failure for 
local operators around this measure is too 
high of a cost for the local operator.   
Pp 56325, 2nd column, 
1st paragraph 
The second proposed paragraph, § 
677.190(c)(3)(ii), ensures the statewide nature 
of the effectiveness in serving employers 
performance indicator shared across all core 
programs and that it would be assessed only 
as an overall State indicator score. 
Again, states should be prohibited from 
setting and evaluating target goals on local 
program operators.  Considering this 
measure is being proposed as an overall 
State indicator score, States that fail and are 
sanctioned will be looking to pass 
punishments onto program operators.     
Pp 56325, 3rd column, 
1st paragraph 
The Departments propose to revise paragraph 
(c)(5) to specify that the Departments will not 
include the effectiveness in serving employers 
performance indicator when calculating 
individual indicator scores. 
And, states should be prohibited from 
including the effectiveness in serving 
employers performance indicator when 
calculating a local workforce areas individual 
indicator scores.   
Pp 56325, 3rd column, 
3rd paragraph 
E.O. 13563 directs agencies to propose or 
adopt a regulation only upon a reasoned 
determination that its benefits justify its costs; 
the regulation is tailored to impose the least 
burden on society, consistent with achieving 
the regulatory objectives; and, in choosing 
among alternative regulatory approaches, the 
agency has selected those approaches that 
We don’t agree that the proposed rule 
achieves the regulatory objective of 
measuring the Effectiveness in Serving 
Employers when there are to many services 
provided to an employer that are not 
associated with a program-funded job 
seeker.  Even limiting the program-funded 
job seekers, is a burden being created on 

Page 9 of 10 
 
maximize net benefits. E.O. 13563 recognizes 
that some benefits are difficult to quantify and 
provides that, where appropriate and permitted 
by law, agencies may consider and discuss 
qualitatively values that are difficult or 
impossible to quantify, including equity, human 
dignity, fairness, and distributive impacts. 
program operators to collect employment 
information at the point of exit.  For most of 
Title III participants, wage record is used for 
the other applicable measures; therefore, 
employment status at exit is unknown by 
local program operators.    
Pp 56338, 3rd column, 
§ 677.155 
What are the primary indicators of performance 
under the Workforce Innovation and 
Opportunity Act?   
 
(vi) The percentage of participants with wage 
records in the second quarter after exit who 
were employed by the same employer in the 
second and fourth quarters after exit. For the 
six core programs, this indicator is a statewide 
indicator reported by one core program on 
behalf of all six core programs in the State, as 
described in guidance. 
Program operators may or may not know the 
employment status of program-assisted job 
seekers at the time of exit.   
 
Limiting the denominator to program-funded 
job seekers that have a wage record and are 
employed by the same employer in the 
second and fourth quarter, is too narrow and 
does not recognize when said job seeker 
pursues a better job leading them toward the 
quest of self-sufficiency.  Is it always easier 
to get a job when working than to get the 
first job or a job when unemployed.   
 
Pp 56326, 1st column, 
2nd paragraph 
The cost of the proposed rule is associated 
with rule familiarization and the requirement to 
calculate and report Retention with the Same 
Employer for the effectiveness in serving 
employers performance indicator for 57 States 
and 78 VR agencies.22 No longer requiring 
States to collect, calculate, and report for two 
alternative definitions of the effectiveness in 
serving employers performance indicator and 
instead requiring States to calculate and report 
only the Retention with the Same Employer 
definition of the indicator would contribute to 
the cost savings of the proposed rule. 
The proposed rule is too narrow and does 
not provide for a “true” measure of the 
Effectiveness of Serving Employers because 
it is limited to program-funded job seekers 
and is not an evaluation of all employer 
service units and the employer’s satisfaction 
with that service. 
Pp 56336, 2nd & 3rd 
column, 3rd paragraph 
The WIOA title I adult, dislocated worker, and 
youth program grantees, the WIOA title II 
The proposed rule assumes that the impact 
on affected small entities would be limited to 

Page 10 of 10 
 
State-level AEFLA grantees, WIOA title III 
Wagner-Peyser ES grantees, and VR program 
grantees (under the Rehabilitation Act as 
amended by WIOA title IV), are State 
government agencies and, therefore, are not 
considered small entities. 
AEFLA local program operators.  In 
Michigan, title I adult, dislocated worker, and 
youth programs, title II AEFLA, and title III 
Wagner-Peyser services are local program 
operators and meet the definition of small 
entities.   
Pp 56339, 1st column,  
§ 677.190(c)(2)  
(2) However, until all indicators for the core 
program have at least 2 years of complete 
data, the overall State program score will be 
based on a comparison of the actual results 
achieved to the adjusted level of performance 
for each of the primary indicators that have at 
least 2 years of complete data for that 
program. 
There needs to be a minimum of at least 2 
years of complete data for that program.  
More data, beyond a 2-year period, would 
be better for states to be able to negotiate 
targets.   
 
Sanctions: if a state is not successful in 
meeting performance targets, are sanctions 
only leveraged against State set-aside title I 
allocations?  This is an inequitable penalty 
for an outcome that impacts all 6 core 
programs."
ETA-2022-0005-0015,ETA-2022-0005,"ADMINISTRATIVE OFFICE 
Area Community Services  
Employment & Training Council  
215 Straight Ave NW 
Grand Rapids, MI 49504 
(616) 336-4100 
 
SERVICE CENTERS 
Allegan County 
3255 122nd Ave 
Allegan, MI 49010 
(269) 686-5079 
 
Barry County 
130 E State St 
Hastings, MI 49058 
(616) 649-9850 
 
Ionia County 
603 W Adams St 
Ionia, MI 48846 
(616) 389-8525 
 
Kent County 
121 Franklin SE 
Grand Rapids, MI 49507 
(616) 336-4040 
 
215 Straight Ave NW 
Grand Rapids, MI 49504 
(616) 336-4460 
 
10075 Northland Dr NE 
Rockford, MI 49341 
(616) 228-6724 
 
Montcalm County 
114 S Greenville W Dr 
Greenville, MI 48838 
(616) 754-3611 
 
Muskegon County 
316 Morris Ave 
Muskegon, MI 49440 
(231) 724-6381 
 
Ottawa County 
12331 James St, Suite 130 
Holland, MI 49424 
(616) 396-2154 
 
West Michigan Works! is a division of ACSET, an 
equal opportunity employer/program and a proud 
partner of the American Job Center network. 
Auxiliary aids and services are available upon request 
to individuals with disabilities. West Michigan Works! 
is supported by state and federal funds; more details 
at westmiworks.org/about/. TTY 711. 
 
 
November 14, 2022 
 
To Whom It May Concern, 
 
On behalf of West Michigan Works!, I am writing in response to Docket Number: ETA -
2022-0006 and RIN 1205-AC01 Effectiveness in Serving Employers Performance Indicator.   
 
The proposed rule as written is not a measure of the workforce system’s Effectiveness 
in Serving Employers but is a measure of retention of WIOA participants.     
 
• 
There is a possibility that the performance outcome for this indicator 
might not be the result of an employer receiving a service from the 
workforce development system.  This should disqualify this measure for 
consideration outright. How can effectiveness of services be evaluated by 
a measure whose calculation methodology does not even assure that the 
service being evaluated was delivered? 
• 
There is no link between post-exit wage records of former participants 
and any Employer Services rendered.  So, performance above or below 
negotiated levels and which employer service(s), if any, impacted the 
retention cannot be correlated.  Therefore, strategic action to improve 
performance on this measure cannot occur.  
• 
Workforce systems provide services to employers that are not attached 
to a WIOA-funded job seeker.   
 
What follows are comments that our workforce system in Michigan has developed in 
response to this proposed rule change. 
 
 
Sincerely, 
 
 
 
Jacob Maas 
Chief Executive Officer 

DOL WIOA Effectiveness in Serving Employers Performance Indicator Comments 
RIN 1205-AC01 
 
Page 1 of 8 
 
Page/Column/Paragraph 
Citation 
NPRM Text 
Comment 
Pp 56320, 3rd column, 
2nd paragraph 
… the Departments will consider comments regarding 
the definition of the effectiveness in serving employers 
performance indicator and the indicator’s use in 
determining if sanctions are necessary for failure to 
achieve adjusted levels of performance as set forth 
herein. 
The definition proposed is not a measure of the 
workforce system’s effectiveness in serving employers 
but is a measure of retention of job seekers.   
 
The proposed measure, as defined, appears to be 
another way of directly evaluating participant outcomes 
and, at best, an indirect reflection of the effectiveness 
of services provided generally to employers. Whereas 
participant measures like Employment Rate 2nd and 
4th Quarter after Exit can be analyzed at the participant 
level and outcomes correlated with services received, 
the proposed measure for Effectiveness in Serving 
Employers has no such mechanism for linking the 
retention of a particular employee with any employer 
service. In fact, no employer services need to be 
documented to calculate this proposed measure. The 
proposed calculation begins with a former participant 
being employed in the 2nd quarter after exit – well after 
any employer service may have been rendered.  No 
employer services data is included in the measure.  
1. There is a possibility that the performance 
outcome for this indicator might not be the result of 
an employer receiving a service from the 
workforce development system. 
This should disqualify this measure for 
consideration outright. How can effectiveness of 
services be evaluated by a measure whose 
calculation methodology does not even assure 
that the service being evaluated was delivered? 
2. There is no link between post-exit wage records 
of former participants and any Employer 
Services rendered.  So, performance above or 
below negotiated levels and which employer 
service(s), if any, impacted the retention cannot 

DOL WIOA Effectiveness in Serving Employers Performance Indicator Comments 
RIN 1205-AC01 
 
Page 2 of 8 
 
Page/Column/Paragraph 
Citation 
NPRM Text 
Comment 
be correlated.  Therefore, strategic action to 
improve performance on this measure cannot 
occur.  
3. Workforce systems provide services to 
employers that are not attached to a WIOA-
funded job seeker.   
 
The only employers that will be captured are those that 
a WIOA-funded job seeker “participant” exits to 
employment.    For many businesses, there is no 
WIOA-funded participant as employers who hire directly 
from a job fair or employers public posted job orders. 
The employer’s pool of applicants is composed of all 
who apply, including the public.  The public has access 
to job fairs based on the needs of the business.  
Certainly, if a job seeker needs more staff-assisted 
services, the job seeker would be registered as a 
participant, but a substantial number of individuals only 
need the connection to employers that are ready to 
hire.  Additionally, the workforce program may not 
receive hiring outcomes, thereby will be unable to 
report that information for Wagner Peyser participants.   
 
In our opinion, there is need for a method to capture 
extraneous circumstances of job retention.  Where, 
may not be retained after exiting the program, but due 
to reasons outside of the employee’s performance or 
control, e.g., company downsizing, bankrupt, etc. If this 
data can be captured, then the data will be more 
reliable and of better use for analysis. 
 
Pp 56321, 2nd column, 
1st paragraph 
During the pilot, the Departments determined that the 
effectiveness in serving employers performance 
indicator should be a shared outcome across all six 
We support a shared outcome across all six core 
programs.  States should be prohibited from setting 
individual local operator targets for this indicator and 

DOL WIOA Effectiveness in Serving Employers Performance Indicator Comments 
RIN 1205-AC01 
 
Page 3 of 8 
 
Page/Column/Paragraph 
Citation 
NPRM Text 
Comment 
core programs within each State (i.e., meaning that 
one program would report on behalf of all six core 
programs in the State), rather than reported separately 
by each of the six core programs. 
from using the performance on this 6th measure to 
assess local program operator success or failure, along 
with applicability of sanctions on local operators. 
Pp 56322, 1st & 2nd 
column, 2nd paragraph 
The Departments assessed the pilot through a 
Department of Labor contract that resulted in a final 
report titled Measuring the Effectiveness of Services to 
Employers: Options for Performance Measures under 
the Workforce Innovation and Opportunity Act.12 
Specifically, the study assessed each approach to 
defining the effectiveness in serving employers 
performance indicator for validity, reliability, 
practicality, and unintended consequences.13 Though 
the study did not definitively recommend one 
approach, in assessing the study’s findings for each of 
the three approaches of the effectiveness in serving 
employers performance indicator, the Departments 
concluded that the Retention with the Same Employer 
approach placed the least amount of burden on States 
to implement, while also providing a valid and reliable 
approach to measuring the indicator. 
We agree with the assessment of the three methods 
covered in the NPRM; however, it is critical that we 
acknowledge the proposed indicator definition is not a 
measure of effectiveness in serving employers but is a 
retention metric for WIOA-funded job seeker 
participants (those that have been registered).  We 
support DOL’s selection from the three options 
presented because it puts the least amount of burden 
on the local workforce systems and programs with the 
use of wage data records.  However, wage records are 
not readily available for federal, military and self-
employment. So, performance measurement will not be 
completely valid. Unavailability of wage records could 
have a greater negative impact on the performance of 
States with higher proportions of participants seeking 
and obtaining those types of employment.  How will the 
statistical adjustment model level set for this condition? 
Pp 56322-23, 3rd 
column, 1st full 
paragraph 
Demonstration of Effectiveness: Retention with the 
Same Employer demonstrates a continued relationship 
between the employer and participants who have 
exited WIOA programs. While many circumstances 
affect an employer’s retention of employees, an 
indication that an employee maintains employment 
with the same employer in both the second and fourth 
quarters after exiting from a WIOA program 
demonstrates a level of success for WIOA customers 
(i.e., successfully preparing participants to fill jobs that 
meet employers’ needs). Retention of an employee 
reduces the costs to the employer associated with 
employee turnover and retraining. The other two 
The proposed definition for measuring demonstration of 
effectiveness is not a measure of effectively serving 
employers.  It is a measure of retention of a WIOA-
funded participant.  Some jobs are not intended to be 
permanent year-round opportunities including 
occupations in agriculture, hospitality, construction, and 
services (such as landscaping or lawn maintenance).  
However, these occupations are great for entry into 
employment or for building a work portfolio to show 
dependability, motivation, etc.     
 
We agree that the indicator does provide a reliable 
approach to capturing information, but the approach is 

DOL WIOA Effectiveness in Serving Employers Performance Indicator Comments 
RIN 1205-AC01 
 
Page 4 of 8 
 
Page/Column/Paragraph 
Citation 
NPRM Text 
Comment 
approaches are based only on employer data and fail 
to capture any level of job match effectiveness. 
not valid for measuring the effectiveness in serving 
employers.  There are too many variables that are 
outside of the state and program operators’ control 
including job seekers seeking a better job because of 
pay, working conditions, benefits, etc., and the factor of 
seasonal workers that may not be employed with any 
employer in the 4th quarter after exit.   
Pp 56323, 1st Column, 
3rd paragraph 
The Departments acknowledge that the limitations for 
Retention with the Same Employer could include the 
unintended consequence that this approach may be at 
odds with an employee seeking a higher paying job or 
employment benefits, and the possibility that the 
performance outcome for this indicator might not be 
the result of an employer receiving a service from the 
workforce development system. The Departments 
seek public comment on additional ways to mitigate 
potential unintended consequences and downsides.   
 
Performance on this indicator, like the other 
performance indicators, would be affected by 
fluctuating economic conditions. The Departments will 
use the statistical adjustment model, as WIOA 
requires, to assess performance affected by fluctuating 
economic conditions and participant characteristics. 
The statistical adjustment model has to adjust for the 
fluctuations in employment rates caused by the 
seasonal workforce and for migrant and seasonal farm 
workers; otherwise, the system is penalized for working 
with the intended populations that are transient.  The 
construction, hospitality, agriculture, and service 
(landscaper, lawn maintenance) industries have 
significant seasonal layoffs that may not be re-engaged 
in the 4th quarter after exit when the metric is measured 
or may be employed but, with the same employer as 
the 2nd quarter after exit.     
 
This measure should also include job seekers that are 
employed at any business in the 4th quarter after exit 
with a comparison to their state in the 2nd quarter after 
exit.  Any positive change between the two quarters 
should consider these factors as a success for the 
measure.  If these variables are not taken into 
consideration, then program operators are penalized 
due to human behavior.     
• 
Did wages increase, if yes – this should be 
considered as a positive. 
• 
Did benefits improve, if yes – this should be 
considered as a positive.  
• 
Did working conditions improve, If yes – this 
should be considered as a positive.  

DOL WIOA Effectiveness in Serving Employers Performance Indicator Comments 
RIN 1205-AC01 
 
Page 5 of 8 
 
Page/Column/Paragraph 
Citation 
NPRM Text 
Comment 
Pp 56323, 2nd column, 
1st paragraph 
Of the three piloted approaches, Retention with the 
Same Employer is the least burdensome for both 
States and employers, as noted in the Joint WIOA 
Final Rule regulatory impact analysis (RIA) (81 FR at 
55968). Retention with the Same Employer uses wage 
records to calculate the measure. Wage records are 
the least burdensome records to use because States 
already have these records for other WIOA-required 
reporting, and they are the most standardized and 
statistically valid records available. Because the 
records are the most standardized records available, 
States would be able to coordinate data aggregation 
for the six core programs more easily for Retention 
with the Same Employer than they would for either 
Repeat Business Customer or Employer Penetration. 
We support an approach that creates the least burden 
on the system BUT this is not an indicator to measure 
Serving Employer effectively.  There are many 
employer services provided that do not have a direct 
connection to a program-funded job seeker such as 
when the local program aids an employer writing a job 
description for a job order that is placed on the state 
labor exchange site.  That employer then hires based 
on the most qualified, and in this example, it would be 
someone that is not a program-funded job seeker.   
Therefore, there is no credit for the support provided to 
the employer to prepare the job order.  Limiting the pool 
to program-funded job seekers does not employ a 
demand driven principle for employers.  This has a 
significant impact on capturing employer services 
provided through Title III Wagner Peyser and other 
WIOA funded programs.   
Pp 56324, 2nd column, 
3rd paragraph  
 
 
 
 
 
 
 
 
 
Pp 56324, 3rd column, 
2nd paragraph 
The Departments propose revising § 677.190 to 
include the effectiveness in serving employers 
performance indicator in the criteria for determining if a 
State has failed to meet adjusted levels of 
performance as part of the overall State indicator 
score. The proposed revision would establish 
conforming language regarding the assessment of 
effectiveness in serving employers as a statewide 
performance indicator, as expressed in the Joint WIOA 
Final Rule, and the definition for effectiveness in 
serving employers proposed in § 677.155(a)(vi) and 
(c)(6). 
 
The proposed regulatory text for § 677.190 clarifies 
that effectiveness in serving employers is to be 
assessed as an overall State indicator score and is 
excluded from the overall State program score and the 
We support the Departments clarification that 
effectiveness in serving employers is to be assessed as 
an overall State indicator score and is excluded from 
the overall Sate program score and the individual 
indicator score. States should be prohibited from setting 
local workforce area targets as it relates to this 
measure.  The establishment of local workforce area 
targets and then the State’s determination of the local 
performance success or failure could lead to the 
possible application of sanctions on a local area 
including jeopardy of subsequent designation as a 
workforce area deemed by poor performance of this 
measure.      
 
 

DOL WIOA Effectiveness in Serving Employers Performance Indicator Comments 
RIN 1205-AC01 
 
Page 6 of 8 
 
Page/Column/Paragraph 
Citation 
NPRM Text 
Comment 
individual indicator score. Effectiveness in serving 
employers is a statewide indicator shared across all 
core programs and is assessed only as an overall 
State indicator score, and, therefore, it cannot be 
attributed to any one program by itself (consequently, 
one program is reporting on behalf of all six core 
programs in the State).  This is consistent with the 
holistic nature of the indicator. Furthermore, 
establishing the effectiveness in serving employers 
performance assessment as just one statewide 
indicator ensures that the effectiveness in serving 
employers indicator does not have the potential to be 
an outsized influence on the determination of a State’s 
performance success or failure, which could lead to 
the possible application of sanctions. Because the 
indicator is a shared score, there is only one score 
generated for this indicator. Therefore, if the 
effectiveness in serving employers indicator were 
assessed as part of each of the six overall State 
program scores, this same score would repeat for 
each program in assessing the overall State program 
score, despite not being attributable to each program 
as noted above, thereby giving the indicator the 
potential to be an outsized influence in assessing 
State performance. 
Pp 56325, 1st column, 
carryover paragraph 
from page 56324 
Although the Departments propose a definition for the 
effectiveness in serving employers performance 
indicator, consistent with how the Departments have 
implemented the provisions for the other five 
performance indicators, the indicator would not be 
included in sanctions determinations until the 
Departments collect a minimum of 2 years of 
performance data, develop a statistical adjustment 
Collecting a minimum of 2 years of performance data 
may be inadequate before negotiation and sanctions 
are applied to states in determining success or failure 
of performance.  Again, states should be prohibited 
from setting local targets and assessing the success or 
failure of local operators for this measure.  While state 
performance is the aggregate of local and state 
program operators, the unintended consequences of 

DOL WIOA Effectiveness in Serving Employers Performance Indicator Comments 
RIN 1205-AC01 
 
Page 7 of 8 
 
Page/Column/Paragraph 
Citation 
NPRM Text 
Comment 
model that yields reliable estimates for the indicator, 
and negotiate performance levels for the indicator. 
performance failure for local operators around this 
measure is too high of a cost for the local operator.   
Pp 56325, 2nd column, 
1st paragraph 
The second proposed paragraph, § 677.190(c)(3)(ii), 
ensures the statewide nature of the effectiveness in 
serving employers performance indicator shared 
across all core programs and that it would be 
assessed only as an overall State indicator score. 
Again, states should be prohibited from setting and 
evaluating target goals on local program operators.  
Considering this measure is being proposed as an 
overall State indicator score, States that fail and are 
sanctioned will be looking to pass punishments onto 
program operators.     
Pp 56325, 3rd column, 
1st paragraph 
The Departments propose to revise paragraph (c)(5) to 
specify that the Departments will not include the 
effectiveness in serving employers performance 
indicator when calculating individual indicator scores. 
And, states should be prohibited from including the 
effectiveness in serving employers performance 
indicator when calculating a local workforce areas 
individual indicator scores.   
Pp 56325, 3rd column, 
3rd paragraph 
E.O. 13563 directs agencies to propose or adopt a 
regulation only upon a reasoned determination that its 
benefits justify its costs; the regulation is tailored to 
impose the least burden on society, consistent with 
achieving the regulatory objectives; and, in choosing 
among alternative regulatory approaches, the agency 
has selected those approaches that maximize net 
benefits. E.O. 13563 recognizes that some benefits 
are difficult to quantify and provides that, where 
appropriate and permitted by law, agencies may 
consider and discuss qualitatively values that are 
difficult or impossible to quantify, including equity, 
human dignity, fairness, and distributive impacts. 
We don’t agree that the proposed rule achieves the 
regulatory objective of measuring the Effectiveness in 
Serving Employers when there are to many services 
provided to an employer that are not associated with a 
program-funded job seeker.  Even limiting the program-
funded job seekers, is a burden being created on 
program operators to collect employment information at 
the point of exit.  For most of Title III participants, wage 
record is used for the other applicable measures; 
therefore, employment status at exit is unknown by 
local program operators.    
Pp 56338, 3rd column, 
§ 677.155 
What are the primary indicators of performance under 
the Workforce Innovation and Opportunity Act?   
 
(vi) The percentage of participants with wage records 
in the second quarter after exit who were employed by 
the same employer in the second and fourth quarters 
after exit. For the six core programs, this indicator is a 
statewide indicator reported by one core program on 
Program operators may or may not know the 
employment status of program-assisted job seekers at 
the time of exit.   
 
Limiting the denominator to program-funded job 
seekers that have a wage record and are employed by 
the same employer in the second and fourth quarter, is 
too narrow and does not recognize when said job 
seeker pursues a better job leading them toward the 

DOL WIOA Effectiveness in Serving Employers Performance Indicator Comments 
RIN 1205-AC01 
 
Page 8 of 8 
 
Page/Column/Paragraph 
Citation 
NPRM Text 
Comment 
behalf of all six core programs in the State, as 
described in guidance. 
quest of self-sufficiency.  Is it always easier to get a job 
when working than to get the first job or a job when 
unemployed.   
 
Pp 56326, 1st column, 
2nd paragraph 
The cost of the proposed rule is associated with rule 
familiarization and the requirement to calculate and 
report Retention with the Same Employer for the 
effectiveness in serving employers performance 
indicator for 57 States and 78 VR agencies.22 No 
longer requiring States to collect, calculate, and report 
for two alternative definitions of the effectiveness in 
serving employers performance indicator and instead 
requiring States to calculate and report only the 
Retention with the Same Employer definition of the 
indicator would contribute to the cost savings of the 
proposed rule. 
The proposed rule is too narrow and does not provide 
for a “true” measure of the Effectiveness of Serving 
Employers because it is limited to program-funded job 
seekers and is not an evaluation of all employer service 
units and the employer’s satisfaction with that service. 
Pp 56336, 2nd & 3rd 
column, 3rd paragraph 
The WIOA title I adult, dislocated worker, and youth 
program grantees, the WIOA title II State-level AEFLA 
grantees, WIOA title III Wagner-Peyser ES grantees, 
and VR program grantees (under the Rehabilitation 
Act as amended by WIOA title IV), are State 
government agencies and, therefore, are not 
considered small entities. 
The proposed rule assumes that the impact on affected 
small entities would be limited to AEFLA local program 
operators.  In Michigan, title I adult, dislocated worker, 
and youth programs, title II AEFLA, and title III Wagner-
Peyser services are local program operators and meet 
the definition of small entities.   
Pp 56339, 1st column,  
§ 677.190(c)(2)  
(2) However, until all indicators for the core program 
have at least 2 years of complete data, the overall 
State program score will be based on a comparison of 
the actual results achieved to the adjusted level of 
performance for each of the primary indicators that 
have at least 2 years of complete data for that 
program. 
There needs to be a minimum of at least 2 years of 
complete data for that program.  More data, beyond a 
2-year period, would be better for states to be able to 
negotiate targets.   
 
Sanctions: if a state is not successful in meeting 
performance targets, are sanctions only leveraged 
against State set-aside title I allocations?  This is an 
inequitable penalty for an outcome that impacts all 6 
core programs."
ETA-2022-0005-0016,ETA-2022-0005,"RI Indian Council
807 Broad Street
Providence, RI 02907
November 14, 2022
RE; WIOA Performance Indicator 
We, the Rhode Island Indian Council and Native American Grantees of the Workforce Innovation and 
Opportunity Act Section 166 and Public Law 102-477 would like to preserve for ourselves and our 
descendants rights secured under Indian Treaties and benefits to which we are entitled to under the 
laws and constitution of the United States and several states, to enlighten the general public toward a 
better understanding of Native people, to preserve Indian and Native cultural values and to promote the 
welfare of the Indian and Native people, do hereby establish and submit the following request;
The Rhode Island Indian Council are representation of and advocates for national, regional and tribal 
concerns and is comprised of American Indians, Alaskan Natives, and Native Hawaiians;  the US DOL is 
proposing  a standard definition for the effectiveness in serving employers performance indicator in the 
regulations for the Indian and Native American programs under Section 166 of the Workforce 
Innovation  and Opportunity Act (WIOA); Whereas the INA programs will be administered to maximize  
the federal commitment to support the growth and development of INA’s and their performance 
accountability measures and indicators developed are to be applicable to the INA programs; and this 
proposal increases the reporting burden for Section 166 programs by using a more complex set of 
measures, common with core programs, the implementation and management  of performance 
indicators and standards is a major concern for consideration.

After, reviewing the TEGL 10-16, Change 1, program memorandum 17-2, and Technical Assistance 
Circular 17-01, section 166 of WIOA establishes performance accountability indicators and performance 
reporting requirements to assess the effectiveness of States and local areas in achieving positive 
outcomes for individuals served by the workforce development systems six core programs. 
Requesting that the performance indicator as written in (6) the indicators of effectiveness in serving 
employers established under WIOA sec. 116 (b) (2)(A)(iv) concerning employer retention for WIOA 
participants in the second and fourth quarters after exit do not impact the performance of the grantee 
organization. We request the outcome not negatively impact grantee performance reports and serve 
only as credit for job retention as required by the program.  
The Grantee Community shall not be penalized for program participants not meeting the new 
performance indicators.
In compliance with, PUBLIC LAW 113-128 Subtitled D- National Programs SEC. 166 NATIVE AMERICAN 
PROGRAMS requires the program to be consistent with (C) the economic and social development of 
Indian, Alaska Native, and Native Hawaiian communities in accordance with the goals and values of such 
communities. (2) And shall stay consistent with the principles of the Indian Self-Determination and 
Education Assistance Act (25 U.S.C. 450 et seq.) and the government-to-government relationship 
between the Federal Government and Indian Tribal Governments.
Therefore, this request concludes the performance measures do not meet the needs of our community 
and shall not be applied to the WIOA Adult and Youth Native American Programs. 
The Rhode Island Indian Council respectfully requests the Secretary to consult with the WIOA Section 
166 entities, the Native American Employment and Training Council and Tribal Officials in the 
development and establishing the definition.
Please feel free to contact me directly at (401)781-1098 with any questions or comments.
Respectively,
_______________________________
Darrell Waldron,"
ETA-2022-0005-0018,ETA-2022-0005,"Debb Brunell, Interim CEO 
 
upmichiganworks.org  
Upper Peninsula Michigan Works! 
 
1-800-285-9675 
Get Ready to Win 
 
2950 College Ave, Escanaba, MI 
 
 
 
A Proud Partner of the 
 Network 
 
Equal Opportunity Employer Michigan Relay Center 711 - Auxiliary Aids & Services Available to Individuals with 
Disabilities - Affiliated with the Department of Labor and Economic Opportunity, State of Michigan - Supported by 
the State of Michigan - A Proud Partner of the American Job Center Network - 1-800-285-WORK (9675) 
 
This program is funded with federal dollars. 
 
November 14, 2022 
 
To Whom It May Concern, 
 
On behalf of Upper Peninsula Michigan Works!, I am writing in response to Docket Number: ETA -2022-0006 
and RIN 1205-AC01 Effectiveness in Serving Employers Performance Indicator.   
 
The proposed rule as written is not a measure of the workforce system’s Effectiveness in Serving Employers 
but is a measure of retention of WIOA participants.     
• 
There is a possibility that the performance outcome for this indicator might not be the result 
of an employer receiving a service from the workforce development system.  This should 
disqualify this measure for consideration outright. How can effectiveness of services be 
evaluated by a measure whose calculation methodology does not even assure that the 
service being evaluated was delivered? 
• 
There is no link between post-exit wage records of former participants and any Employer 
Services rendered.  So, performance above or below negotiated levels and which employer 
service(s), if any, impacted the retention cannot be correlated.  Therefore, strategic action 
to improve performance on this measure cannot occur. 
• 
Workforce systems provide services to employers that are not attached to a WIOA-funded 
job seeker.   
What follows are comments that our workforce system in Michigan has developed in response to this 
proposed rule change. 
Sincerely, 
 
Debb Brunell, Interim CEO 
Upper Peninsula Michigan Works!"
ETA-2022-0005-0010,ETA-2022-0005,"Ohio Workforce Association □ 570 E Leffel Lane □ Springfield, Ohio 45505 
www.ohiowa.org  
Lisa Patt-McDaniel, President 
 
Laurie McKnight, Vice President  
      
Christine Marshall, Treasurer  
 
Crystal Keaton, Secretary  
      
Craig Sernik, Trustee at Large  
 
John Trott, Ex-Officio 
Jennifer Meek Eells, Executive Director 
 
 
 
November 9, 2022 
 
 
Heidi Casta, Acting Administrator  
Office of Policy Development and Research 
U.S. Department of Labor, Employment and Training Administration  
200 Constitution Avenue NW, Room N-5641 
Washington, DC 20210 
 
RE: 
Docket No. ETA-2022-0006 and Regulatory Identification Number (RIN) 1205-AC01 
Docket No. ETA-2022-0005 and Regulatory Identification Number (RIN) 1205-AC08 
 
 
 
 
Dear Ms. Casta: 
 
The Ohio Workforce Association, representing all 20 Ohio local workforce boards, is opposed to the DOL implementing 
“Business Retention” (The number of participants with wage records who exit during the reporting period and were 
employed by the same employer during the second quarter after exit and the fourth quarter after exit DIVIDED by the 
number of participants with wage records who exit and were employed during the second quarter after exit) as a 
business service measure for WIOA performance.   
 
While this proposed measure may provide consistency across the country for reporting purposes, it does not provide an 
accurate accounting of performance for WIOA business services. 1) Business services through the American Job 
Centers/workforce boards refer a universal population of candidates for job openings – to measure only WIOA-enrolled 
customers would not provide an accurate account of the volume of service delivery; 2) To measure the employment 
retention of an AJC customer with the same employer is problematic, as job seeker customers served through the AJCs 
are exposed to career pathways and are encourage to attain skills and experience to move to jobs (with possibly 
different employers) that pay higher wages.  This is reiterated by DOL’s own guidance on page 94 of Career Pathways 
Toolkit: A Guide for System Development (doleta.gov), PARTICIPANT MEASURES include • Credit accumulation; • 
License/certificate attainment/industry recognized credential; • Degree attainment; • Employment; • Wage at initial 
employment; • Employment retention rate; • Employment progression along a career pathway; and • Earnings 
progression (wage at initial employment versus employment and earnings progression.) 
 
 
 
 
 
 

 
 
 
 
 
 
 
 
The OWA suggests that the DOL review other ways to measure serving employers through WIOA, which could include: 
- 
The number of job orders posted and number of candidates referred per job opening – set goals and 
performance numbers 
- 
The use of Incumbent Worker Training to serve local businesses – score based on overall percentage of WIOA 
funds used and number of businesses served 
- 
Establish goals around the number, array, and availability of business services offered by a board/AJC 
- 
The tracking of leveraged funds boards/AJCs connect local businesses with (ie: Workers Compensation Safety 
Grants; state and local economic development funds and grant programs; training subsidies offered through 
career technical schools; trade schools; community colleges; and universities 
- 
Establish goals for the number of businesses engaged in registered apprenticeship opportunities through the 
boards/AJCs. 
 
The Ohio Workforce Association appreciates this opportunity to comment and is glad to engage in further discussion 
with the Department regarding OWA’s suggestions.   
 
Sincerely, 
 
 
 
 
Jennifer M. Meek Eells 
Executive Director 
 
 
 
 
 
 
 
 
 
 
 
 
 
 
 
 
P. 2 of 2  
Docket No. ETA-2022-0006 and Regulatory Identification Number (RIN) 1205-AC01 
Docket No. ETA-2022-0005 and Regulatory Identification Number (RIN) 1205-AC08"
ETA-2022-0005-0008,ETA-2022-0005,"1 
 
TO: 
 
US Department of Labor  
 
FROM:         Robert Kalaskowski, Assistant Director – Department of Labor and Training 
 
DATE:          November 9, 2022 
  
SUBJECT: Public Comment to NPRM Re: Employer Effectiveness Measures 
 
The Rhode Island Department of Labor and Training appreciates the opportunity to comment on 
the Notice of Proposed Rulemaking (NPRM) concerning TEGL 10-16, Change 2 - Performance 
Accountability Guidance for Workforce Innovation and Opportunity Act (WIOA) Core 
Programs – concerning Effectiveness in Serving Employers (ESE) indicators under WIOA. The 
Department acknowledges the merit of measuring employer effectiveness in a dual-customer 
WIOA system and further acknowledges how difficult it is to identify an employer effectiveness 
measure that is reliable, representative, and easy to administer. Rhode Island tracked all three 
pilot measures during the trial performance period. We observed that each measure had their 
own strengths and weaknesses. We will address these, as well as our observations and concerns 
with selecting Retention with the Same Employer as the single ESE indicator, below: 
 
• Employer penetration is useful as a measure of ‘brand awareness’ but is more an 
indicator of quantity, not quality/satisfaction. It’s also a lagging/secondary indicator in 
that if we are performing well for employers and they are ‘satisfied’ with our services; 
then our penetration rate should, in theory, increase. 
• Repeat business customer is a bit more useful as measure but lacks context based on the 
industry and employer. In our experience, repeat business customers in WIOA are not 
that uncommon, but they may be more attracted to the financial benefit of programs like 
OJTs or IWT than satisfied with a particular outcome or service.     
• Of all proposed/current or theoretical measures, Retention with Same Employer is the 
easiest for Rhode Island to administer and the most consistent to apply across WIOA 
programs. 
• Retention also better indicates some level of employer satisfaction, or at least the absence 
of dissatisfaction, with the placement.  
• However, retention does not speak to acuity of placement (for example; how difficult the 
position was to fill, how in-demand the position is, whether the role was seasonal specific 
and not intended to maintain retention, rarity of skill set, time to hire, etc.). 
• Retention may not be the desired outcome for the job seeker, especially if the placement 
is in a lower wage position, nor does retention reflect whether the employee is required to 
work at more than one employer to maintain a living wage.  
• Retention does not currently speak to what business service, if any, the employer 
received.  
• Retention combined with some measure of acuity (skill/education level of the position, 
time to placement, etc.) and the ability to filter for those employers who received a 
business service, would improve the measure.   
Again, the Department appreciates the opportunity to comment on the NPRM and would be 
happy to provide additional information and comment upon request."
ETA-2022-0005-0009,ETA-2022-0005,"Ohio Workforce Association □ 570 E Leffel Lane □ Springfield, Ohio 45505 
www.ohiowa.org  
Lisa Patt-McDaniel, President 
 
Laurie McKnight, Vice President  
      
Christine Marshall, Treasurer  
 
Crystal Keaton, Secretary  
      
Craig Sernik, Trustee at Large  
 
John Trott, Ex-Officio 
Jennifer Meek Eells, Executive Director 
 
 
 
November 9, 2022 
 
 
Heidi Casta, Acting Administrator  
Office of Policy Development and Research 
U.S. Department of Labor, Employment and Training Administration  
200 Constitution Avenue NW, Room N-5641 
Washington, DC 20210 
 
RE: 
Docket No. ETA-2022-0006 and Regulatory Identification Number (RIN) 1205-AC01 
Docket No. ETA-2022-0005 and Regulatory Identification Number (RIN) 1205-AC08 
 
 
 
 
Dear Ms. Casta: 
 
The Ohio Workforce Association, representing all 20 Ohio local workforce boards, is opposed to the DOL implementing 
“Business Retention” (The number of participants with wage records who exit during the reporting period and were 
employed by the same employer during the second quarter after exit and the fourth quarter after exit DIVIDED by the 
number of participants with wage records who exit and were employed during the second quarter after exit) as a 
business service measure for WIOA performance.   
 
While this proposed measure may provide consistency across the country for reporting purposes, it does not provide an 
accurate accounting of performance for WIOA business services. 1) Business services through the American Job 
Centers/workforce boards refer a universal population of candidates for job openings – to measure only WIOA-enrolled 
customers would not provide an accurate account of the volume of service delivery; 2) To measure the employment 
retention of an AJC customer with the same employer is problematic, as job seeker customers served through the AJCs 
are exposed to career pathways and are encourage to attain skills and experience to move to jobs (with possibly 
different employers) that pay higher wages.  This is reiterated by DOL’s own guidance on page 94 of Career Pathways 
Toolkit: A Guide for System Development (doleta.gov), PARTICIPANT MEASURES include • Credit accumulation; • 
License/certificate attainment/industry recognized credential; • Degree attainment; • Employment; • Wage at initial 
employment; • Employment retention rate; • Employment progression along a career pathway; and • Earnings 
progression (wage at initial employment versus employment and earnings progression.) 
 
 
 
 
 
 

 
 
 
 
 
 
 
 
The OWA suggests that the DOL review other ways to measure serving employers through WIOA, which could include: 
- 
The number of job orders posted and number of candidates referred per job opening – set goals and 
performance numbers 
- 
The use of Incumbent Worker Training to serve local businesses – score based on overall percentage of WIOA 
funds used and number of businesses served 
- 
Establish goals around the number, array, and availability of business services offered by a board/AJC 
- 
The tracking of leveraged funds boards/AJCs connect local businesses with (ie: Workers Compensation Safety 
Grants; state and local economic development funds and grant programs; training subsidies offered through 
career technical schools; trade schools; community colleges; and universities 
- 
Establish goals for the number of businesses engaged in registered apprenticeship opportunities through the 
boards/AJCs. 
 
The Ohio Workforce Association appreciates this opportunity to comment and is glad to engage in further discussion 
with the Department regarding OWA’s suggestions.   
 
Sincerely, 
 
 
 
 
Jennifer M. Meek Eells 
Executive Director 
 
 
 
 
 
 
 
 
 
 
 
 
 
 
 
 
P. 2 of 2  
Docket No. ETA-2022-0006 and Regulatory Identification Number (RIN) 1205-AC01 
Docket No. ETA-2022-0005 and Regulatory Identification Number (RIN) 1205-AC08"
ETA-2022-0005-0019,ETA-2022-0005,"November 14, 2022 
 
To Whom It May Concern, 
 
On behalf of Great Lakes Bay Michigan Works!, I am writing in response to 
Docket Number: ETA -2022-0006 and RIN 1205-AC01 Effectiveness in 
Serving Employers Performance Indicator.   
 
The proposed rule as written is not a measure of the workforce system’s 
Effectiveness in Serving Employers but is a measure of retention of 
WIOA participants.     
• There is a possibility that the performance outcome for this 
indicator might not be the result of an employer receiving a 
service from the workforce development system.  This 
should disqualify this measure for consideration outright. 
How can effectiveness of services be evaluated by a measure 
whose calculation methodology does not even assure that 
the service being evaluated was delivered? 
• There is no link between post-exit wage records of former 
participants and any Employer Services rendered.  So, 
performance above or below negotiated levels and which 
employer service(s), if any, impacted the retention cannot be 
correlated.  Therefore, strategic action to improve 
performance on this measure cannot occur.  
• Workforce systems provide services to employers that are not 
attached to a WIOA-funded job seeker.   
 
What follows are comments that our workforce system in Michigan has 
developed in response to this proposed rule change. 
 
 
Sincerely, 
 
Kristen Wenzel 
Interim CEO"
ETA-2022-0005-0013,ETA-2022-0005,"2110 S. Cedar Street, Lansing, Michigan 48910 
Office: (517) 492-5500 
Fax: (517) 487-0113 
camw.org 
A proud partner of the American Job Center network 
Equal opportunity employer/program. *Auxiliary aids and services are available upon request to individuals with disabilities. *Michigan Relay Center call 711 or (844) 578-6563. 
 
 
 
 
November 10, 2022 
 
To Whom It May Concern, 
 
On behalf of Capital Area Michigan Works!, I am writing in response to Docket Number:  
ETA -2022-0006 and RIN 1205-AC01 Effectiveness in Serving Employers Performance 
Indicator.   
 
The proposed rule as written is not a measure of the workforce system’s Effectiveness in 
Serving Employers but is a measure of retention of Workforce Innovation and Opportunity 
Act (WIOA) participants.     
 
There is a possibility that the performance outcome for this indicator might 
not be the result of an employer receiving a service from the workforce 
development system.  This should disqualify this measure for consideration 
outright. How can effectiveness of services be evaluated by a measure 
whose calculation methodology does not even assure that the service being 
evaluated was delivered? 
 
There is no link between post-exit wage records of former participants and 
any Employer Services rendered.  So, performance above or below 
negotiated levels and which employer service(s), if any, impacted the 
retention cannot be correlated.  Therefore, strategic action to improve 
performance on this measure cannot occur.  
 
Workforce systems provide services to employers that are not attached to a 
WIOA-funded job seeker.   
What follows are comments that our workforce system in Michigan has developed in 
response to this proposed rule change. 
Sincerely, 
 
 
 
Chief Executive Officer  
Capital Area Michigan Works!"
ETA-2022-0005-0017,ETA-2022-0005,"330 W. Main St. Benton Harbor, MI 49022 
P. 269-927-1064 
Kinexus.org 
 
 
> We are committed to inspiring positive economic change, one person, one business and one community at a time. 
 
Kinexus Group is an Equal Opportunity Employer. 
 
 
 
 
 
November 10, 2022 
 
To Whom It May Concern, 
 
On behalf of Berrien, Cass, Van Buren Workforce Development, Inc (dba Kinexus Group), I am writing in 
response to Docket Number: ETA -2022-0006 and RIN 1205-AC01 Effectiveness in Serving Employers 
Performance Indicator.   
 
The proposed rule as written is not a measure of the workforce system’s Effectiveness in Serving Employers 
but is a measure of retention of WIOA participants.     
• 
There is a possibility that the performance outcome for this indicator might not be the result 
of an employer receiving a service from the workforce development system.  This should 
disqualify this measure for consideration outright. How can effectiveness of services be 
evaluated by a measure whose calculation methodology does not even assure that the service 
being evaluated was delivered? 
• 
There is no link between post-exit wage records of former participants and any Employer 
Services rendered.  So, performance above or below negotiated levels and which employer 
service(s), if any, impacted the retention cannot be correlated.  Therefore, strategic action to 
improve performance on this measure cannot occur.  
• 
Workforce systems provide services to employers that are not attached to a WIOA-funded job 
seeker.   
What follows are comments that our workforce system in Michigan has developed in response to this 
proposed rule change. 
 
Sincerely, 
 
 
 
Todd Gustafson, President & CEO 
Kinexus Group 
 

DOL WIOA Effectiveness in Serving Employers Performance Indicator Comments 
RIN 1205-AC01 
 
Page 1 of 8 
 
Page/Column/Paragraph 
Citation 
NPRM Text 
Comment 
Pp 56320, 3rd column, 
2nd paragraph 
… the Departments will consider comments regarding 
the definition of the effectiveness in serving employers 
performance indicator and the indicator’s use in 
determining if sanctions are necessary for failure to 
achieve adjusted levels of performance as set forth 
herein. 
The definition proposed is not a measure of the 
workforce system’s effectiveness in serving employers 
but is a measure of retention of job seekers.   
 
The proposed measure, as defined, appears to be 
another way of directly evaluating participant outcomes 
and, at best, an indirect reflection of the effectiveness 
of services provided generally to employers. Whereas 
participant measures like Employment Rate 2nd and 
4th Quarter after Exit can be analyzed at the participant 
level and outcomes correlated with services received, 
the proposed measure for Effectiveness in Serving 
Employers has no such mechanism for linking the 
retention of a particular employee with any employer 
service. In fact, no employer services need to be 
documented to calculate this proposed measure. The 
proposed calculation begins with a former participant 
being employed in the 2nd quarter after exit – well after 
any employer service may have been rendered.  No 
employer services data is included in the measure.  
1. There is a possibility that the performance 
outcome for this indicator might not be the result of 
an employer receiving a service from the 
workforce development system. 
This should disqualify this measure for 
consideration outright. How can effectiveness of 
services be evaluated by a measure whose 
calculation methodology does not even assure 
that the service being evaluated was delivered? 
2. There is no link between post-exit wage records 
of former participants and any Employer 
Services rendered.  So, performance above or 
below negotiated levels and which employer 
service(s), if any, impacted the retention cannot 

DOL WIOA Effectiveness in Serving Employers Performance Indicator Comments 
RIN 1205-AC01 
 
Page 2 of 8 
 
Page/Column/Paragraph 
Citation 
NPRM Text 
Comment 
be correlated.  Therefore, strategic action to 
improve performance on this measure cannot 
occur.  
3. Workforce systems provide services to 
employers that are not attached to a WIOA-
funded job seeker.   
 
The only employers that will be captured are those that 
a WIOA-funded job seeker “participant” exits to 
employment.    For many businesses, there is no 
WIOA-funded participant as employers who hire directly 
from a job fair or employers public posted job orders. 
The employer’s pool of applicants is composed of all 
who apply, including the public.  The public has access 
to job fairs based on the needs of the business.  
Certainly, if a job seeker needs more staff-assisted 
services, the job seeker would be registered as a 
participant, but a substantial number of individuals only 
need the connection to employers that are ready to 
hire.  Additionally, the workforce program may not 
receive hiring outcomes, thereby will be unable to 
report that information for Wagner Peyser participants.   
 
In our opinion, there is need for a method to capture 
extraneous circumstances of job retention.  Where, 
may not be retained after exiting the program, but due 
to reasons outside of the employee’s performance or 
control, e.g., company downsizing, bankrupt, etc. If this 
data can be captured, then the data will be more 
reliable and of better use for analysis. 
 
Pp 56321, 2nd column, 
1st paragraph 
During the pilot, the Departments determined that the 
effectiveness in serving employers performance 
indicator should be a shared outcome across all six 
We support a shared outcome across all six core 
programs.  States should be prohibited from setting 
individual local operator targets for this indicator and 

DOL WIOA Effectiveness in Serving Employers Performance Indicator Comments 
RIN 1205-AC01 
 
Page 3 of 8 
 
Page/Column/Paragraph 
Citation 
NPRM Text 
Comment 
core programs within each State (i.e., meaning that 
one program would report on behalf of all six core 
programs in the State), rather than reported separately 
by each of the six core programs. 
from using the performance on this 6th measure to 
assess local program operator success or failure, along 
with applicability of sanctions on local operators. 
Pp 56322, 1st & 2nd 
column, 2nd paragraph 
The Departments assessed the pilot through a 
Department of Labor contract that resulted in a final 
report titled Measuring the Effectiveness of Services to 
Employers: Options for Performance Measures under 
the Workforce Innovation and Opportunity Act.12 
Specifically, the study assessed each approach to 
defining the effectiveness in serving employers 
performance indicator for validity, reliability, 
practicality, and unintended consequences.13 Though 
the study did not definitively recommend one 
approach, in assessing the study’s findings for each of 
the three approaches of the effectiveness in serving 
employers performance indicator, the Departments 
concluded that the Retention with the Same Employer 
approach placed the least amount of burden on States 
to implement, while also providing a valid and reliable 
approach to measuring the indicator. 
We agree with the assessment of the three methods 
covered in the NPRM; however, it is critical that we 
acknowledge the proposed indicator definition is not a 
measure of effectiveness in serving employers but is a 
retention metric for WIOA-funded job seeker 
participants (those that have been registered).  We 
support DOL’s selection from the three options 
presented because it puts the least amount of burden 
on the local workforce systems and programs with the 
use of wage data records.  However, wage records are 
not readily available for federal, military and self-
employment. So, performance measurement will not be 
completely valid. Unavailability of wage records could 
have a greater negative impact on the performance of 
States with higher proportions of participants seeking 
and obtaining those types of employment.  How will the 
statistical adjustment model level set for this condition? 
Pp 56322-23, 3rd 
column, 1st full 
paragraph 
Demonstration of Effectiveness: Retention with the 
Same Employer demonstrates a continued relationship 
between the employer and participants who have 
exited WIOA programs. While many circumstances 
affect an employer’s retention of employees, an 
indication that an employee maintains employment 
with the same employer in both the second and fourth 
quarters after exiting from a WIOA program 
demonstrates a level of success for WIOA customers 
(i.e., successfully preparing participants to fill jobs that 
meet employers’ needs). Retention of an employee 
reduces the costs to the employer associated with 
employee turnover and retraining. The other two 
The proposed definition for measuring demonstration of 
effectiveness is not a measure of effectively serving 
employers.  It is a measure of retention of a WIOA-
funded participant.  Some jobs are not intended to be 
permanent year-round opportunities including 
occupations in agriculture, hospitality, construction, and 
services (such as landscaping or lawn maintenance).  
However, these occupations are great for entry into 
employment or for building a work portfolio to show 
dependability, motivation, etc.     
 
We agree that the indicator does provide a reliable 
approach to capturing information, but the approach is 

DOL WIOA Effectiveness in Serving Employers Performance Indicator Comments 
RIN 1205-AC01 
 
Page 4 of 8 
 
Page/Column/Paragraph 
Citation 
NPRM Text 
Comment 
approaches are based only on employer data and fail 
to capture any level of job match effectiveness. 
not valid for measuring the effectiveness in serving 
employers.  There are too many variables that are 
outside of the state and program operators’ control 
including job seekers seeking a better job because of 
pay, working conditions, benefits, etc., and the factor of 
seasonal workers that may not be employed with any 
employer in the 4th quarter after exit.   
Pp 56323, 1st Column, 
3rd paragraph 
The Departments acknowledge that the limitations for 
Retention with the Same Employer could include the 
unintended consequence that this approach may be at 
odds with an employee seeking a higher paying job or 
employment benefits, and the possibility that the 
performance outcome for this indicator might not be 
the result of an employer receiving a service from the 
workforce development system. The Departments 
seek public comment on additional ways to mitigate 
potential unintended consequences and downsides.   
 
Performance on this indicator, like the other 
performance indicators, would be affected by 
fluctuating economic conditions. The Departments will 
use the statistical adjustment model, as WIOA 
requires, to assess performance affected by fluctuating 
economic conditions and participant characteristics. 
The statistical adjustment model has to adjust for the 
fluctuations in employment rates caused by the 
seasonal workforce and for migrant and seasonal farm 
workers; otherwise, the system is penalized for working 
with the intended populations that are transient.  The 
construction, hospitality, agriculture, and service 
(landscaper, lawn maintenance) industries have 
significant seasonal layoffs that may not be re-engaged 
in the 4th quarter after exit when the metric is measured 
or may be employed but, with the same employer as 
the 2nd quarter after exit.     
 
This measure should also include job seekers that are 
employed at any business in the 4th quarter after exit 
with a comparison to their state in the 2nd quarter after 
exit.  Any positive change between the two quarters 
should consider these factors as a success for the 
measure.  If these variables are not taken into 
consideration, then program operators are penalized 
due to human behavior.     
• 
Did wages increase, if yes – this should be 
considered as a positive. 
• 
Did benefits improve, if yes – this should be 
considered as a positive.  
• 
Did working conditions improve, If yes – this 
should be considered as a positive.  

DOL WIOA Effectiveness in Serving Employers Performance Indicator Comments 
RIN 1205-AC01 
 
Page 5 of 8 
 
Page/Column/Paragraph 
Citation 
NPRM Text 
Comment 
Pp 56323, 2nd column, 
1st paragraph 
Of the three piloted approaches, Retention with the 
Same Employer is the least burdensome for both 
States and employers, as noted in the Joint WIOA 
Final Rule regulatory impact analysis (RIA) (81 FR at 
55968). Retention with the Same Employer uses wage 
records to calculate the measure. Wage records are 
the least burdensome records to use because States 
already have these records for other WIOA-required 
reporting, and they are the most standardized and 
statistically valid records available. Because the 
records are the most standardized records available, 
States would be able to coordinate data aggregation 
for the six core programs more easily for Retention 
with the Same Employer than they would for either 
Repeat Business Customer or Employer Penetration. 
We support an approach that creates the least burden 
on the system BUT this is not an indicator to measure 
Serving Employer effectively.  There are many 
employer services provided that do not have a direct 
connection to a program-funded job seeker such as 
when the local program aids an employer writing a job 
description for a job order that is placed on the state 
labor exchange site.  That employer then hires based 
on the most qualified, and in this example, it would be 
someone that is not a program-funded job seeker.   
Therefore, there is no credit for the support provided to 
the employer to prepare the job order.  Limiting the pool 
to program-funded job seekers does not employ a 
demand driven principle for employers.  This has a 
significant impact on capturing employer services 
provided through Title III Wagner Peyser and other 
WIOA funded programs.   
Pp 56324, 2nd column, 
3rd paragraph  
 
 
 
 
 
 
 
 
 
Pp 56324, 3rd column, 
2nd paragraph 
The Departments propose revising § 677.190 to 
include the effectiveness in serving employers 
performance indicator in the criteria for determining if a 
State has failed to meet adjusted levels of 
performance as part of the overall State indicator 
score. The proposed revision would establish 
conforming language regarding the assessment of 
effectiveness in serving employers as a statewide 
performance indicator, as expressed in the Joint WIOA 
Final Rule, and the definition for effectiveness in 
serving employers proposed in § 677.155(a)(vi) and 
(c)(6). 
 
The proposed regulatory text for § 677.190 clarifies 
that effectiveness in serving employers is to be 
assessed as an overall State indicator score and is 
excluded from the overall State program score and the 
We support the Departments clarification that 
effectiveness in serving employers is to be assessed as 
an overall State indicator score and is excluded from 
the overall Sate program score and the individual 
indicator score. States should be prohibited from setting 
local workforce area targets as it relates to this 
measure.  The establishment of local workforce area 
targets and then the State’s determination of the local 
performance success or failure could lead to the 
possible application of sanctions on a local area 
including jeopardy of subsequent designation as a 
workforce area deemed by poor performance of this 
measure.      
 
 

DOL WIOA Effectiveness in Serving Employers Performance Indicator Comments 
RIN 1205-AC01 
 
Page 6 of 8 
 
Page/Column/Paragraph 
Citation 
NPRM Text 
Comment 
individual indicator score. Effectiveness in serving 
employers is a statewide indicator shared across all 
core programs and is assessed only as an overall 
State indicator score, and, therefore, it cannot be 
attributed to any one program by itself (consequently, 
one program is reporting on behalf of all six core 
programs in the State).  This is consistent with the 
holistic nature of the indicator. Furthermore, 
establishing the effectiveness in serving employers 
performance assessment as just one statewide 
indicator ensures that the effectiveness in serving 
employers indicator does not have the potential to be 
an outsized influence on the determination of a State’s 
performance success or failure, which could lead to 
the possible application of sanctions. Because the 
indicator is a shared score, there is only one score 
generated for this indicator. Therefore, if the 
effectiveness in serving employers indicator were 
assessed as part of each of the six overall State 
program scores, this same score would repeat for 
each program in assessing the overall State program 
score, despite not being attributable to each program 
as noted above, thereby giving the indicator the 
potential to be an outsized influence in assessing 
State performance. 
Pp 56325, 1st column, 
carryover paragraph 
from page 56324 
Although the Departments propose a definition for the 
effectiveness in serving employers performance 
indicator, consistent with how the Departments have 
implemented the provisions for the other five 
performance indicators, the indicator would not be 
included in sanctions determinations until the 
Departments collect a minimum of 2 years of 
performance data, develop a statistical adjustment 
Collecting a minimum of 2 years of performance data 
may be inadequate before negotiation and sanctions 
are applied to states in determining success or failure 
of performance.  Again, states should be prohibited 
from setting local targets and assessing the success or 
failure of local operators for this measure.  While state 
performance is the aggregate of local and state 
program operators, the unintended consequences of 

DOL WIOA Effectiveness in Serving Employers Performance Indicator Comments 
RIN 1205-AC01 
 
Page 7 of 8 
 
Page/Column/Paragraph 
Citation 
NPRM Text 
Comment 
model that yields reliable estimates for the indicator, 
and negotiate performance levels for the indicator. 
performance failure for local operators around this 
measure is too high of a cost for the local operator.   
Pp 56325, 2nd column, 
1st paragraph 
The second proposed paragraph, § 677.190(c)(3)(ii), 
ensures the statewide nature of the effectiveness in 
serving employers performance indicator shared 
across all core programs and that it would be 
assessed only as an overall State indicator score. 
Again, states should be prohibited from setting and 
evaluating target goals on local program operators.  
Considering this measure is being proposed as an 
overall State indicator score, States that fail and are 
sanctioned will be looking to pass punishments onto 
program operators.     
Pp 56325, 3rd column, 
1st paragraph 
The Departments propose to revise paragraph (c)(5) to 
specify that the Departments will not include the 
effectiveness in serving employers performance 
indicator when calculating individual indicator scores. 
And, states should be prohibited from including the 
effectiveness in serving employers performance 
indicator when calculating a local workforce areas 
individual indicator scores.   
Pp 56325, 3rd column, 
3rd paragraph 
E.O. 13563 directs agencies to propose or adopt a 
regulation only upon a reasoned determination that its 
benefits justify its costs; the regulation is tailored to 
impose the least burden on society, consistent with 
achieving the regulatory objectives; and, in choosing 
among alternative regulatory approaches, the agency 
has selected those approaches that maximize net 
benefits. E.O. 13563 recognizes that some benefits 
are difficult to quantify and provides that, where 
appropriate and permitted by law, agencies may 
consider and discuss qualitatively values that are 
difficult or impossible to quantify, including equity, 
human dignity, fairness, and distributive impacts. 
We don’t agree that the proposed rule achieves the 
regulatory objective of measuring the Effectiveness in 
Serving Employers when there are to many services 
provided to an employer that are not associated with a 
program-funded job seeker.  Even limiting the program-
funded job seekers, is a burden being created on 
program operators to collect employment information at 
the point of exit.  For most of Title III participants, wage 
record is used for the other applicable measures; 
therefore, employment status at exit is unknown by 
local program operators.    
Pp 56338, 3rd column, 
§ 677.155 
What are the primary indicators of performance under 
the Workforce Innovation and Opportunity Act?   
 
(vi) The percentage of participants with wage records 
in the second quarter after exit who were employed by 
the same employer in the second and fourth quarters 
after exit. For the six core programs, this indicator is a 
statewide indicator reported by one core program on 
Program operators may or may not know the 
employment status of program-assisted job seekers at 
the time of exit.   
 
Limiting the denominator to program-funded job 
seekers that have a wage record and are employed by 
the same employer in the second and fourth quarter, is 
too narrow and does not recognize when said job 
seeker pursues a better job leading them toward the 

DOL WIOA Effectiveness in Serving Employers Performance Indicator Comments 
RIN 1205-AC01 
 
Page 8 of 8 
 
Page/Column/Paragraph 
Citation 
NPRM Text 
Comment 
behalf of all six core programs in the State, as 
described in guidance. 
quest of self-sufficiency.  Is it always easier to get a job 
when working than to get the first job or a job when 
unemployed.   
 
Pp 56326, 1st column, 
2nd paragraph 
The cost of the proposed rule is associated with rule 
familiarization and the requirement to calculate and 
report Retention with the Same Employer for the 
effectiveness in serving employers performance 
indicator for 57 States and 78 VR agencies.22 No 
longer requiring States to collect, calculate, and report 
for two alternative definitions of the effectiveness in 
serving employers performance indicator and instead 
requiring States to calculate and report only the 
Retention with the Same Employer definition of the 
indicator would contribute to the cost savings of the 
proposed rule. 
The proposed rule is too narrow and does not provide 
for a “true” measure of the Effectiveness of Serving 
Employers because it is limited to program-funded job 
seekers and is not an evaluation of all employer service 
units and the employer’s satisfaction with that service. 
Pp 56336, 2nd & 3rd 
column, 3rd paragraph 
The WIOA title I adult, dislocated worker, and youth 
program grantees, the WIOA title II State-level AEFLA 
grantees, WIOA title III Wagner-Peyser ES grantees, 
and VR program grantees (under the Rehabilitation 
Act as amended by WIOA title IV), are State 
government agencies and, therefore, are not 
considered small entities. 
The proposed rule assumes that the impact on affected 
small entities would be limited to AEFLA local program 
operators.  In Michigan, title I adult, dislocated worker, 
and youth programs, title II AEFLA, and title III Wagner-
Peyser services are local program operators and meet 
the definition of small entities.   
Pp 56339, 1st column,  
§ 677.190(c)(2)  
(2) However, until all indicators for the core program 
have at least 2 years of complete data, the overall 
State program score will be based on a comparison of 
the actual results achieved to the adjusted level of 
performance for each of the primary indicators that 
have at least 2 years of complete data for that 
program. 
There needs to be a minimum of at least 2 years of 
complete data for that program.  More data, beyond a 
2-year period, would be better for states to be able to 
negotiate targets.   
 
Sanctions: if a state is not successful in meeting 
performance targets, are sanctions only leveraged 
against State set-aside title I allocations?  This is an 
inequitable penalty for an outcome that impacts all 6 
core programs."
ETA-2022-0005-0003,ETA-2022-0005,No text found
ETA-2022-0005-0011,ETA-2022-0005,"EQUAL OPPORTUNITY EMPLOYER/TRAINER.  AUXILIARY AIDS AND SERVICES ARE AVAILABLE UPON REQUEST TO INDIVIDUALS WITH DISABILITIES.  MICHIGAN WORKS! ASSOCIATION WILL 
NOT DISCRIMINATE BASED ON RACE, COLOR, GENDER EXPRESSION, AGE, RELIGION, NATIONAL ORIGIN, MARITAL STATUS, SEXUAL ORIENTATION, HEIGHT, WEIGHT OR DISABILITY. 
November 10, 2022 
 
To Whom It May Concern, 
 
On behalf of the Michigan Works! Association, I am writing in response to Docket Number: ETA -2022-0006 
and RIN 1205-AC01 Effectiveness in Serving Employers Performance Indicator.   
 
The proposed rule as written is not a measure of the workforce system’s Effectiveness in Serving Employers 
but is a measure of retention of WIOA participants.     
• 
There is a possibility that the performance outcome for this indicator might not be the result 
of an employer receiving a service from the workforce development system.  This should 
disqualify this measure for consideration outright. How can effectiveness of services be 
evaluated by a measure whose calculation methodology does not even assure that the 
service being evaluated was delivered? 
• 
There is no link between post-exit wage records of former participants and any Employer 
Services rendered.  So, performance above or below negotiated levels and which employer 
service(s), if any, impacted the retention cannot be correlated.  Therefore, strategic action 
to improve performance on this measure cannot occur.  
• 
Workforce systems provide services to employers that are not attached to a WIOA-funded 
job seeker.   
What follows are comments that our workforce system in Michigan has developed in response to this 
proposed rule change. 
 
Sincerely, 
 
 
Ryan Hundt, CEO 
Michigan Works! Association 
 

DOL WIOA Effectiveness in Serving Employers Performance Indicator Comments 
RIN 1205-AC01 
 
Page 1 of 8 
 
Page/Column/Paragraph 
Citation 
NPRM Text 
Comment 
Pp 56320, 3rd column, 
2nd paragraph 
… the Departments will consider comments regarding 
the definition of the effectiveness in serving employers 
performance indicator and the indicator’s use in 
determining if sanctions are necessary for failure to 
achieve adjusted levels of performance as set forth 
herein. 
The definition proposed is not a measure of the 
workforce system’s effectiveness in serving employers 
but is a measure of retention of job seekers.   
 
The proposed measure, as defined, appears to be 
another way of directly evaluating participant outcomes 
and, at best, an indirect reflection of the effectiveness 
of services provided generally to employers. Whereas 
participant measures like Employment Rate 2nd and 
4th Quarter after Exit can be analyzed at the participant 
level and outcomes correlated with services received, 
the proposed measure for Effectiveness in Serving 
Employers has no such mechanism for linking the 
retention of a particular employee with any employer 
service. In fact, no employer services need to be 
documented to calculate this proposed measure. The 
proposed calculation begins with a former participant 
being employed in the 2nd quarter after exit – well after 
any employer service may have been rendered.  No 
employer services data is included in the measure.  
1. There is a possibility that the performance 
outcome for this indicator might not be the result of 
an employer receiving a service from the 
workforce development system. 
This should disqualify this measure for 
consideration outright. How can effectiveness of 
services be evaluated by a measure whose 
calculation methodology does not even assure 
that the service being evaluated was delivered? 
2. There is no link between post-exit wage records 
of former participants and any Employer 
Services rendered.  So, performance above or 
below negotiated levels and which employer 
service(s), if any, impacted the retention cannot 

DOL WIOA Effectiveness in Serving Employers Performance Indicator Comments 
RIN 1205-AC01 
 
Page 2 of 8 
 
Page/Column/Paragraph 
Citation 
NPRM Text 
Comment 
be correlated.  Therefore, strategic action to 
improve performance on this measure cannot 
occur.  
3. Workforce systems provide services to 
employers that are not attached to a WIOA-
funded job seeker.   
 
The only employers that will be captured are those that 
a WIOA-funded job seeker “participant” exits to 
employment.    For many businesses, there is no 
WIOA-funded participant as employers who hire directly 
from a job fair or employers public posted job orders. 
The employer’s pool of applicants is composed of all 
who apply, including the public.  The public has access 
to job fairs based on the needs of the business.  
Certainly, if a job seeker needs more staff-assisted 
services, the job seeker would be registered as a 
participant, but a substantial number of individuals only 
need the connection to employers that are ready to 
hire.  Additionally, the workforce program may not 
receive hiring outcomes, thereby will be unable to 
report that information for Wagner Peyser participants.   
 
In our opinion, there is need for a method to capture 
extraneous circumstances of job retention.  Where, 
may not be retained after exiting the program, but due 
to reasons outside of the employee’s performance or 
control, e.g., company downsizing, bankrupt, etc. If this 
data can be captured, then the data will be more 
reliable and of better use for analysis. 
 
Pp 56321, 2nd column, 
1st paragraph 
During the pilot, the Departments determined that the 
effectiveness in serving employers performance 
indicator should be a shared outcome across all six 
We support a shared outcome across all six core 
programs.  States should be prohibited from setting 
individual local operator targets for this indicator and 

DOL WIOA Effectiveness in Serving Employers Performance Indicator Comments 
RIN 1205-AC01 
 
Page 3 of 8 
 
Page/Column/Paragraph 
Citation 
NPRM Text 
Comment 
core programs within each State (i.e., meaning that 
one program would report on behalf of all six core 
programs in the State), rather than reported separately 
by each of the six core programs. 
from using the performance on this 6th measure to 
assess local program operator success or failure, along 
with applicability of sanctions on local operators. 
Pp 56322, 1st & 2nd 
column, 2nd paragraph 
The Departments assessed the pilot through a 
Department of Labor contract that resulted in a final 
report titled Measuring the Effectiveness of Services to 
Employers: Options for Performance Measures under 
the Workforce Innovation and Opportunity Act.12 
Specifically, the study assessed each approach to 
defining the effectiveness in serving employers 
performance indicator for validity, reliability, 
practicality, and unintended consequences.13 Though 
the study did not definitively recommend one 
approach, in assessing the study’s findings for each of 
the three approaches of the effectiveness in serving 
employers performance indicator, the Departments 
concluded that the Retention with the Same Employer 
approach placed the least amount of burden on States 
to implement, while also providing a valid and reliable 
approach to measuring the indicator. 
We agree with the assessment of the three methods 
covered in the NPRM; however, it is critical that we 
acknowledge the proposed indicator definition is not a 
measure of effectiveness in serving employers but is a 
retention metric for WIOA-funded job seeker 
participants (those that have been registered).  We 
support DOL’s selection from the three options 
presented because it puts the least amount of burden 
on the local workforce systems and programs with the 
use of wage data records.  However, wage records are 
not readily available for federal, military and self-
employment. So, performance measurement will not be 
completely valid. Unavailability of wage records could 
have a greater negative impact on the performance of 
States with higher proportions of participants seeking 
and obtaining those types of employment.  How will the 
statistical adjustment model level set for this condition? 
Pp 56322-23, 3rd 
column, 1st full 
paragraph 
Demonstration of Effectiveness: Retention with the 
Same Employer demonstrates a continued relationship 
between the employer and participants who have 
exited WIOA programs. While many circumstances 
affect an employer’s retention of employees, an 
indication that an employee maintains employment 
with the same employer in both the second and fourth 
quarters after exiting from a WIOA program 
demonstrates a level of success for WIOA customers 
(i.e., successfully preparing participants to fill jobs that 
meet employers’ needs). Retention of an employee 
reduces the costs to the employer associated with 
employee turnover and retraining. The other two 
The proposed definition for measuring demonstration of 
effectiveness is not a measure of effectively serving 
employers.  It is a measure of retention of a WIOA-
funded participant.  Some jobs are not intended to be 
permanent year-round opportunities including 
occupations in agriculture, hospitality, construction, and 
services (such as landscaping or lawn maintenance).  
However, these occupations are great for entry into 
employment or for building a work portfolio to show 
dependability, motivation, etc.     
 
We agree that the indicator does provide a reliable 
approach to capturing information, but the approach is 

DOL WIOA Effectiveness in Serving Employers Performance Indicator Comments 
RIN 1205-AC01 
 
Page 4 of 8 
 
Page/Column/Paragraph 
Citation 
NPRM Text 
Comment 
approaches are based only on employer data and fail 
to capture any level of job match effectiveness. 
not valid for measuring the effectiveness in serving 
employers.  There are too many variables that are 
outside of the state and program operators’ control 
including job seekers seeking a better job because of 
pay, working conditions, benefits, etc., and the factor of 
seasonal workers that may not be employed with any 
employer in the 4th quarter after exit.   
Pp 56323, 1st Column, 
3rd paragraph 
The Departments acknowledge that the limitations for 
Retention with the Same Employer could include the 
unintended consequence that this approach may be at 
odds with an employee seeking a higher paying job or 
employment benefits, and the possibility that the 
performance outcome for this indicator might not be 
the result of an employer receiving a service from the 
workforce development system. The Departments 
seek public comment on additional ways to mitigate 
potential unintended consequences and downsides.   
 
Performance on this indicator, like the other 
performance indicators, would be affected by 
fluctuating economic conditions. The Departments will 
use the statistical adjustment model, as WIOA 
requires, to assess performance affected by fluctuating 
economic conditions and participant characteristics. 
The statistical adjustment model has to adjust for the 
fluctuations in employment rates caused by the 
seasonal workforce and for migrant and seasonal farm 
workers; otherwise, the system is penalized for working 
with the intended populations that are transient.  The 
construction, hospitality, agriculture, and service 
(landscaper, lawn maintenance) industries have 
significant seasonal layoffs that may not be re-engaged 
in the 4th quarter after exit when the metric is measured 
or may be employed but, with the same employer as 
the 2nd quarter after exit.     
 
This measure should also include job seekers that are 
employed at any business in the 4th quarter after exit 
with a comparison to their state in the 2nd quarter after 
exit.  Any positive change between the two quarters 
should consider these factors as a success for the 
measure.  If these variables are not taken into 
consideration, then program operators are penalized 
due to human behavior.     
• 
Did wages increase, if yes – this should be 
considered as a positive. 
• 
Did benefits improve, if yes – this should be 
considered as a positive.  
• 
Did working conditions improve, If yes – this 
should be considered as a positive.  

DOL WIOA Effectiveness in Serving Employers Performance Indicator Comments 
RIN 1205-AC01 
 
Page 5 of 8 
 
Page/Column/Paragraph 
Citation 
NPRM Text 
Comment 
Pp 56323, 2nd column, 
1st paragraph 
Of the three piloted approaches, Retention with the 
Same Employer is the least burdensome for both 
States and employers, as noted in the Joint WIOA 
Final Rule regulatory impact analysis (RIA) (81 FR at 
55968). Retention with the Same Employer uses wage 
records to calculate the measure. Wage records are 
the least burdensome records to use because States 
already have these records for other WIOA-required 
reporting, and they are the most standardized and 
statistically valid records available. Because the 
records are the most standardized records available, 
States would be able to coordinate data aggregation 
for the six core programs more easily for Retention 
with the Same Employer than they would for either 
Repeat Business Customer or Employer Penetration. 
We support an approach that creates the least burden 
on the system BUT this is not an indicator to measure 
Serving Employer effectively.  There are many 
employer services provided that do not have a direct 
connection to a program-funded job seeker such as 
when the local program aids an employer writing a job 
description for a job order that is placed on the state 
labor exchange site.  That employer then hires based 
on the most qualified, and in this example, it would be 
someone that is not a program-funded job seeker.   
Therefore, there is no credit for the support provided to 
the employer to prepare the job order.  Limiting the pool 
to program-funded job seekers does not employ a 
demand driven principle for employers.  This has a 
significant impact on capturing employer services 
provided through Title III Wagner Peyser and other 
WIOA funded programs.   
Pp 56324, 2nd column, 
3rd paragraph  
 
 
 
 
 
 
 
 
 
Pp 56324, 3rd column, 
2nd paragraph 
The Departments propose revising § 677.190 to 
include the effectiveness in serving employers 
performance indicator in the criteria for determining if a 
State has failed to meet adjusted levels of 
performance as part of the overall State indicator 
score. The proposed revision would establish 
conforming language regarding the assessment of 
effectiveness in serving employers as a statewide 
performance indicator, as expressed in the Joint WIOA 
Final Rule, and the definition for effectiveness in 
serving employers proposed in § 677.155(a)(vi) and 
(c)(6). 
 
The proposed regulatory text for § 677.190 clarifies 
that effectiveness in serving employers is to be 
assessed as an overall State indicator score and is 
excluded from the overall State program score and the 
We support the Departments clarification that 
effectiveness in serving employers is to be assessed as 
an overall State indicator score and is excluded from 
the overall Sate program score and the individual 
indicator score. States should be prohibited from setting 
local workforce area targets as it relates to this 
measure.  The establishment of local workforce area 
targets and then the State’s determination of the local 
performance success or failure could lead to the 
possible application of sanctions on a local area 
including jeopardy of subsequent designation as a 
workforce area deemed by poor performance of this 
measure.      
 
 

DOL WIOA Effectiveness in Serving Employers Performance Indicator Comments 
RIN 1205-AC01 
 
Page 6 of 8 
 
Page/Column/Paragraph 
Citation 
NPRM Text 
Comment 
individual indicator score. Effectiveness in serving 
employers is a statewide indicator shared across all 
core programs and is assessed only as an overall 
State indicator score, and, therefore, it cannot be 
attributed to any one program by itself (consequently, 
one program is reporting on behalf of all six core 
programs in the State).  This is consistent with the 
holistic nature of the indicator. Furthermore, 
establishing the effectiveness in serving employers 
performance assessment as just one statewide 
indicator ensures that the effectiveness in serving 
employers indicator does not have the potential to be 
an outsized influence on the determination of a State’s 
performance success or failure, which could lead to 
the possible application of sanctions. Because the 
indicator is a shared score, there is only one score 
generated for this indicator. Therefore, if the 
effectiveness in serving employers indicator were 
assessed as part of each of the six overall State 
program scores, this same score would repeat for 
each program in assessing the overall State program 
score, despite not being attributable to each program 
as noted above, thereby giving the indicator the 
potential to be an outsized influence in assessing 
State performance. 
Pp 56325, 1st column, 
carryover paragraph 
from page 56324 
Although the Departments propose a definition for the 
effectiveness in serving employers performance 
indicator, consistent with how the Departments have 
implemented the provisions for the other five 
performance indicators, the indicator would not be 
included in sanctions determinations until the 
Departments collect a minimum of 2 years of 
performance data, develop a statistical adjustment 
Collecting a minimum of 2 years of performance data 
may be inadequate before negotiation and sanctions 
are applied to states in determining success or failure 
of performance.  Again, states should be prohibited 
from setting local targets and assessing the success or 
failure of local operators for this measure.  While state 
performance is the aggregate of local and state 
program operators, the unintended consequences of 

DOL WIOA Effectiveness in Serving Employers Performance Indicator Comments 
RIN 1205-AC01 
 
Page 7 of 8 
 
Page/Column/Paragraph 
Citation 
NPRM Text 
Comment 
model that yields reliable estimates for the indicator, 
and negotiate performance levels for the indicator. 
performance failure for local operators around this 
measure is too high of a cost for the local operator.   
Pp 56325, 2nd column, 
1st paragraph 
The second proposed paragraph, § 677.190(c)(3)(ii), 
ensures the statewide nature of the effectiveness in 
serving employers performance indicator shared 
across all core programs and that it would be 
assessed only as an overall State indicator score. 
Again, states should be prohibited from setting and 
evaluating target goals on local program operators.  
Considering this measure is being proposed as an 
overall State indicator score, States that fail and are 
sanctioned will be looking to pass punishments onto 
program operators.     
Pp 56325, 3rd column, 
1st paragraph 
The Departments propose to revise paragraph (c)(5) to 
specify that the Departments will not include the 
effectiveness in serving employers performance 
indicator when calculating individual indicator scores. 
And, states should be prohibited from including the 
effectiveness in serving employers performance 
indicator when calculating a local workforce areas 
individual indicator scores.   
Pp 56325, 3rd column, 
3rd paragraph 
E.O. 13563 directs agencies to propose or adopt a 
regulation only upon a reasoned determination that its 
benefits justify its costs; the regulation is tailored to 
impose the least burden on society, consistent with 
achieving the regulatory objectives; and, in choosing 
among alternative regulatory approaches, the agency 
has selected those approaches that maximize net 
benefits. E.O. 13563 recognizes that some benefits 
are difficult to quantify and provides that, where 
appropriate and permitted by law, agencies may 
consider and discuss qualitatively values that are 
difficult or impossible to quantify, including equity, 
human dignity, fairness, and distributive impacts. 
We don’t agree that the proposed rule achieves the 
regulatory objective of measuring the Effectiveness in 
Serving Employers when there are to many services 
provided to an employer that are not associated with a 
program-funded job seeker.  Even limiting the program-
funded job seekers, is a burden being created on 
program operators to collect employment information at 
the point of exit.  For most of Title III participants, wage 
record is used for the other applicable measures; 
therefore, employment status at exit is unknown by 
local program operators.    
Pp 56338, 3rd column, 
§ 677.155 
What are the primary indicators of performance under 
the Workforce Innovation and Opportunity Act?   
 
(vi) The percentage of participants with wage records 
in the second quarter after exit who were employed by 
the same employer in the second and fourth quarters 
after exit. For the six core programs, this indicator is a 
statewide indicator reported by one core program on 
Program operators may or may not know the 
employment status of program-assisted job seekers at 
the time of exit.   
 
Limiting the denominator to program-funded job 
seekers that have a wage record and are employed by 
the same employer in the second and fourth quarter, is 
too narrow and does not recognize when said job 
seeker pursues a better job leading them toward the 

DOL WIOA Effectiveness in Serving Employers Performance Indicator Comments 
RIN 1205-AC01 
 
Page 8 of 8 
 
Page/Column/Paragraph 
Citation 
NPRM Text 
Comment 
behalf of all six core programs in the State, as 
described in guidance. 
quest of self-sufficiency.  Is it always easier to get a job 
when working than to get the first job or a job when 
unemployed.   
 
Pp 56326, 1st column, 
2nd paragraph 
The cost of the proposed rule is associated with rule 
familiarization and the requirement to calculate and 
report Retention with the Same Employer for the 
effectiveness in serving employers performance 
indicator for 57 States and 78 VR agencies.22 No 
longer requiring States to collect, calculate, and report 
for two alternative definitions of the effectiveness in 
serving employers performance indicator and instead 
requiring States to calculate and report only the 
Retention with the Same Employer definition of the 
indicator would contribute to the cost savings of the 
proposed rule. 
The proposed rule is too narrow and does not provide 
for a “true” measure of the Effectiveness of Serving 
Employers because it is limited to program-funded job 
seekers and is not an evaluation of all employer service 
units and the employer’s satisfaction with that service. 
Pp 56336, 2nd & 3rd 
column, 3rd paragraph 
The WIOA title I adult, dislocated worker, and youth 
program grantees, the WIOA title II State-level AEFLA 
grantees, WIOA title III Wagner-Peyser ES grantees, 
and VR program grantees (under the Rehabilitation 
Act as amended by WIOA title IV), are State 
government agencies and, therefore, are not 
considered small entities. 
The proposed rule assumes that the impact on affected 
small entities would be limited to AEFLA local program 
operators.  In Michigan, title I adult, dislocated worker, 
and youth programs, title II AEFLA, and title III Wagner-
Peyser services are local program operators and meet 
the definition of small entities.   
Pp 56339, 1st column,  
§ 677.190(c)(2)  
(2) However, until all indicators for the core program 
have at least 2 years of complete data, the overall 
State program score will be based on a comparison of 
the actual results achieved to the adjusted level of 
performance for each of the primary indicators that 
have at least 2 years of complete data for that 
program. 
There needs to be a minimum of at least 2 years of 
complete data for that program.  More data, beyond a 
2-year period, would be better for states to be able to 
negotiate targets.   
 
Sanctions: if a state is not successful in meeting 
performance targets, are sanctions only leveraged 
against State set-aside title I allocations?  This is an 
inequitable penalty for an outcome that impacts all 6 
core programs."
